Workbook

Sheet Raw Data ---->

Sheet Round 1 Data
B2: Scotland | C2: Win | E2: Wales | F2: 10 | G2: 34 | H2: Ireland
B3: Wales | C3: Loss | E3: England | F3: 23 | G3: 29 | H3: Scotland
B4: Ireland | C4: Win | E4: Italy | F4: 24 | G4: 29 | H4: France
B5: England | C5: Loss
B6: France | C6: Win
B7: Italy | C7: Loss
A9: Name | B9: Nation | C9: Position | D9: Win/Loss | E9: Time Played | F9: Tackles | G9: Dominant Tackles | H9: Line Breaks | I9: Metres Carried | J9: 50-22 | K9: Lineout Steal | L9: Breakdown Steal | M9: Try | N9: Assists | O9: Conversion | P9: Penalty | Q9: Drop Goal | R9: Yellow Card | S9: Red Card | T9: Game Total | U9: MoM
A10: J. Adams | B10: {=_xlfn.XLOOKUP(A10,'Player List'!$A$2:$A$177,'Player List'!$B$2:$C$177)} -> Wales | C10: Back Three | D10: =_xlfn.XLOOKUP(B10,$B$2:$B$7,$C$2:$C$7) -> Loss | E10: 80 | F10: 3 | G10: 3 | I10: 36 | T10: 31.2
A11: A. Cuthbert | B11: {=_xlfn.XLOOKUP(A11,'Player List'!$A$2:$A$177,'Player List'!$B$2:$C$177)} -> Wales | C11: Back Three | D11: =_xlfn.XLOOKUP(B11,$B$2:$B$7,$C$2:$C$7) -> Loss | E11: 12 | F11: 1 | I11: 28 | T11: 6.6
A12: R. Dyer | B12: {=_xlfn.XLOOKUP(A12,'Player List'!$A$2:$A$177,'Player List'!$B$2:$C$177)} -> Wales | C12: Back Three | D12: =_xlfn.XLOOKUP(B12,$B$2:$B$7,$C$2:$C$7) -> Loss | E12: 68 | F12: 4 | H12: 2 | I12: 107 | T12: 39.4
A13: L. Williams | B13: {=_xlfn.XLOOKUP(A13,'Player List'!$A$2:$A$177,'Player List'!$B$2:$C$177)} -> Wales | C13: Back Three | D13: =_xlfn.XLOOKUP(B13,$B$2:$B$7,$C$2:$C$7) -> Loss | E13: 70 | F13: 2 | H13: 2 | I13: 108 | L13: 1 | M13: 1 | R13: 1 | T13: 54.6
A14: J. Hawkins | B14: {=_xlfn.XLOOKUP(A14,'Player List'!$A$2:$A$177,'Player List'!$B$2:$C$177)} -> Wales | C14: Centre | D14: =_xlfn.XLOOKUP(B14,$B$2:$B$7,$C$2:$C$7) -> Loss | E14: 80 | F14: 6 | G14: 1 | H14: 1 | I14: 75 | T14: 35
A15: G. North | B15: {=_xlfn.XLOOKUP(A15,'Player List'!$A$2:$A$177,'Player List'!$B$2:$C$177)} -> Wales | C15: Centre | D15: =_xlfn.XLOOKUP(B15,$B$2:$B$7,$C$2:$C$7) -> Loss | E15: 80 | F15: 4 | I15: 58 | T15: 15.6
A16: D. Biggar | B16: {=_xlfn.XLOOKUP(A16,'Player List'!$A$2:$A$177,'Player List'!$B$2:$C$177)} -> Wales | C16: Fly Half | D16: =_xlfn.XLOOKUP(B16,$B$2:$B$7,$C$2:$C$7) -> Loss | E16: 67 | F16: 9 | H16: 1 | I16: 35 | N16: 1 | O16: 1 | P16: 1 | T16: 37
A17: O. Williams | B17: {=_xlfn.XLOOKUP(A17,'Player List'!$A$2:$A$177,'Player List'!$B$2:$C$177)} -> Wales | C17: Fly Half | D17: =_xlfn.XLOOKUP(B17,$B$2:$B$7,$C$2:$C$7) -> Loss | E17: 13 | F17: 1 | I17: 4 | T17: 1.8
A18: R. Webb | B18: {=_xlfn.XLOOKUP(A18,'Player List'!$A$2:$A$177,'Player List'!$B$2:$C$177)} -> Wales | C18: Scrum Half | D18: =_xlfn.XLOOKUP(B18,$B$2:$B$7,$C$2:$C$7) -> Loss | E18: 17 | F18: 2 | G18: 1 | I18: 1 | T18: 9.2
A19: T. Williams | B19: {=_xlfn.XLOOKUP(A19,'Player List'!$A$2:$A$177,'Player List'!$B$2:$C$177)} -> Wales | C19: Scrum Half | D19: =_xlfn.XLOOKUP(B19,$B$2:$B$7,$C$2:$C$7) -> Loss | E19: 63 | F19: 6 | I19: 19 | T19: 9.8
A20: T. Faletau | B20: {=_xlfn.XLOOKUP(A20,'Player List'!$A$2:$A$177,'Player List'!$B$2:$C$177)} -> Wales | C20: Back Row | D20: =_xlfn.XLOOKUP(B20,$B$2:$B$7,$C$2:$C$7) -> Loss | E20: 80 | F20: 20 | G20: 1 | I20: 49 | T20: 36.8
A21: J. Morgan | B21: {=_xlfn.XLOOKUP(A21,'Player List'!$A$2:$A$177,'Player List'!$B$2:$C$177)} -> Wales | C21: Back Row | D21: =_xlfn.XLOOKUP(B21,$B$2:$B$7,$C$2:$C$7) -> Loss | E21: 80 | F21: 14 | G21: 3 | I21: 43 | L21: 1 | T21: 50.6
A22: T. Reffell | B22: {=_xlfn.XLOOKUP(A22,'Player List'!$A$2:$A$177,'Player List'!$B$2:$C$177)} -> Wales | C22: Back Row | D22: =_xlfn.XLOOKUP(B22,$B$2:$B$7,$C$2:$C$7) -> Loss | E22: 26 | F22: 8 | T22: 8
A23: J. Tipuric | B23: {=_xlfn.XLOOKUP(A23,'Player List'!$A$2:$A$177,'Player List'!$B$2:$C$177)} -> Wales | C23: Back Row | D23: =_xlfn.XLOOKUP(B23,$B$2:$B$7,$C$2:$C$7) -> Loss | E23: 54 | F23: 11 | G23: 3 | I23: 18 | T23: 35.6
A24: A. Beard | B24: {=_xlfn.XLOOKUP(A24,'Player List'!$A$2:$A$177,'Player List'!$B$2:$C$177)} -> Wales | C24: Second Row | D24: =_xlfn.XLOOKUP(B24,$B$2:$B$7,$C$2:$C$7) -> Loss | E24: 80 | F24: 13 | G24: 2 | I24: 7 | T24: 28.4
A25: D. Jenkins | B25: {=_xlfn.XLOOKUP(A25,'Player List'!$A$2:$A$177,'Player List'!$B$2:$C$177)} -> Wales | C25: Second Row | D25: =_xlfn.XLOOKUP(B25,$B$2:$B$7,$C$2:$C$7) -> Loss | E25: 19 | F25: 3 | I25: 35 | T25: 10
A26: A. Jones | B26: {=_xlfn.XLOOKUP(A26,'Player List'!$A$2:$A$177,'Player List'!$B$2:$C$177)} -> Wales | C26: Second Row | D26: =_xlfn.XLOOKUP(B26,$B$2:$B$7,$C$2:$C$7) -> Loss | E26: 61 | F26: 10 | G26: 1 | I26: 29 | T26: 22.8
A27: R. Carre | B27: {=_xlfn.XLOOKUP(A27,'Player List'!$A$2:$A$177,'Player List'!$B$2:$C$177)} -> Wales | C27: Prop | D27: =_xlfn.XLOOKUP(B27,$B$2:$B$7,$C$2:$C$7) -> Loss | E27: 26 | F27: 3 | L27: 1 | T27: 10
A28: T. Francis | B28: {=_xlfn.XLOOKUP(A28,'Player List'!$A$2:$A$177,'Player List'!$B$2:$C$177)} -> Wales | C28: Prop | D28: =_xlfn.XLOOKUP(B28,$B$2:$B$7,$C$2:$C$7) -> Loss | E28: 40 | F28: 9 | G28: 3 | T28: 30
A29: D. Lewis | B29: {=_xlfn.XLOOKUP(A29,'Player List'!$A$2:$A$177,'Player List'!$B$2:$C$177)} -> Wales | C29: Prop | D29: =_xlfn.XLOOKUP(B29,$B$2:$B$7,$C$2:$C$7) -> Loss | E29: 40 | F29: 5 | I29: 7 | T29: 6.4
A30: G. Thomas | B30: {=_xlfn.XLOOKUP(A30,'Player List'!$A$2:$A$177,'Player List'!$B$2:$C$177)} -> Wales | C30: Prop | D30: =_xlfn.XLOOKUP(B30,$B$2:$B$7,$C$2:$C$7) -> Loss | E30: 54 | F30: 11 | G30: 2 | I30: 21 | T30: 29.2
A31: S. Baldwin | B31: {=_xlfn.XLOOKUP(A31,'Player List'!$A$2:$A$177,'Player List'!$B$2:$C$177)} -> Wales | C31: Hooker | D31: =_xlfn.XLOOKUP(B31,$B$2:$B$7,$C$2:$C$7) -> Loss | E31: 19 | F31: 2 | I31: 19 | T31: 5.8
A32: K. Owens | B32: {=_xlfn.XLOOKUP(A32,'Player List'!$A$2:$A$177,'Player List'!$B$2:$C$177)} -> Wales | C32: Hooker | D32: =_xlfn.XLOOKUP(B32,$B$2:$B$7,$C$2:$C$7) -> Loss | E32: 61 | F32: 12 | G32: 3 | I32: 38 | T32: 40.6
A33: M. Hansen | B33: {=_xlfn.XLOOKUP(A33,'Player List'!$A$2:$A$177,'Player List'!$B$2:$C$177)} -> Ireland | C33: Back Three | D33: =_xlfn.XLOOKUP(B33,$B$2:$B$7,$C$2:$C$7) -> Win | E33: 80 | F33: 5 | G33: 2 | H33: 1 | I33: 34 | T33: 40.8
A34: H. Keenan | B34: {=_xlfn.XLOOKUP(A34,'Player List'!$A$2:$A$177,'Player List'!$B$2:$C$177)} -> Ireland | C34: Back Three | D34: =_xlfn.XLOOKUP(B34,$B$2:$B$7,$C$2:$C$7) -> Win | E34: 80 | I34: 86 | T34: 40.2 | U34: 1
A35: B. Aki | B35: {=_xlfn.XLOOKUP(A35,'Player List'!$A$2:$A$177,'Player List'!$B$2:$C$177)} -> Ireland | C35: Centre | D35: =_xlfn.XLOOKUP(B35,$B$2:$B$7,$C$2:$C$7) -> Win | E35: 80 | F35: 4 | H35: 1 | I35: 112 | L35: 1 | M35: 1 | T35: 63.4
A36: S. McCloskey | B36: {=_xlfn.XLOOKUP(A35,'Player List'!$A$2:$A$177,'Player List'!$B$2:$C$177)} -> Ireland | C36: Centre | D36: =_xlfn.XLOOKUP(B36,$B$2:$B$7,$C$2:$C$7) -> Win | E36: 20 | F36: 2 | I36: 13 | L36: 1 | T36: 13.6
A37: G. Ringrose | B37: {=_xlfn.XLOOKUP(A36,'Player List'!$A$2:$A$177,'Player List'!$B$2:$C$177)} -> Ireland | C37: Centre | D37: =_xlfn.XLOOKUP(B37,$B$2:$B$7,$C$2:$C$7) -> Win | E37: 60 | F37: 7 | I37: 66 | T37: 26.2
A38: R. Byrne | B38: {=_xlfn.XLOOKUP(A37,'Player List'!$A$2:$A$177,'Player List'!$B$2:$C$177)} -> Ireland | C38: Centre | D38: =_xlfn.XLOOKUP(B38,$B$2:$B$7,$C$2:$C$7) -> Win | E38: 80 | F38: 10 | I38: 49 | T38: 27.8
A39: J. Sexton | B39: {=_xlfn.XLOOKUP(A38,'Player List'!$A$2:$A$177,'Player List'!$B$2:$C$177)} -> Ireland | C39: Fly Half | D39: =_xlfn.XLOOKUP(B39,$B$2:$B$7,$C$2:$C$7) -> Win | E39: 12 | I39: 11 | O39: 1 | T39: 5.4
A40: C. Casey | B40: {=_xlfn.XLOOKUP(A39,'Player List'!$A$2:$A$177,'Player List'!$B$2:$C$177)} -> Ireland | C40: Fly Half | D40: =_xlfn.XLOOKUP(B40,$B$2:$B$7,$C$2:$C$7) -> Win | E40: 68 | F40: 7 | I40: 30 | L40: 1 | O40: 3 | P40: 2 | T40: 42.8
A41: C. Murray | B41: {=_xlfn.XLOOKUP(A40,'Player List'!$A$2:$A$177,'Player List'!$B$2:$C$177)} -> Ireland | C41: Scrum Half | D41: =_xlfn.XLOOKUP(B41,$B$2:$B$7,$C$2:$C$7) -> Win | E41: 16 | F41: 1 | I41: 1 | N41: 1 | T41: 9.8
A42: J. Conan | B42: {=_xlfn.XLOOKUP(A41,'Player List'!$A$2:$A$177,'Player List'!$B$2:$C$177)} -> Ireland | C42: Scrum Half | D42: =_xlfn.XLOOKUP(B42,$B$2:$B$7,$C$2:$C$7) -> Win | E42: 64 | F42: 1 | G42: 1 | H42: 1 | I42: 12 | N42: 1 | T42: 30.8
A43: C. Doris | B43: {=_xlfn.XLOOKUP(A42,'Player List'!$A$2:$A$177,'Player List'!$B$2:$C$177)} -> Ireland | C43: Back Row | D43: =_xlfn.XLOOKUP(B43,$B$2:$B$7,$C$2:$C$7) -> Win | E43: 20 | F43: 4 | I43: 7 | L43: 1 | T43: 14.4
A44: P. O'Mahony | B44: {=_xlfn.XLOOKUP(A43,'Player List'!$A$2:$A$177,'Player List'!$B$2:$C$177)} -> Ireland | C44: Back Row | D44: =_xlfn.XLOOKUP(B44,$B$2:$B$7,$C$2:$C$7) -> Win | E44: 80 | F44: 17 | G44: 1 | I44: 45 | L44: 1 | M44: 1 | T44: 63
A45: J. van der Flier | B45: {=_xlfn.XLOOKUP(A44,'Player List'!$A$2:$A$177,'Player List'!$B$2:$C$177)} -> Ireland | C45: Back Row | D45: =_xlfn.XLOOKUP(B45,$B$2:$B$7,$C$2:$C$7) -> Win | E45: 60 | F45: 4 | G45: 1 | I45: 25 | T45: 22
A46: T. Beirne | B46: {=_xlfn.XLOOKUP(A45,'Player List'!$A$2:$A$177,'Player List'!$B$2:$C$177)} -> Ireland | C46: Back Row | D46: =_xlfn.XLOOKUP(B46,$B$2:$B$7,$C$2:$C$7) -> Win | E46: 80 | F46: 12 | G46: 1 | H46: 1 | I46: 31 | M46: 1 | T46: 55.2
A47: I. Henderson | B47: {=_xlfn.XLOOKUP(A46,'Player List'!$A$2:$A$177,'Player List'!$B$2:$C$177)} -> Ireland | C47: Second Row | D47: =_xlfn.XLOOKUP(B47,$B$2:$B$7,$C$2:$C$7) -> Win | E47: 54 | F47: 8 | G47: 1 | I47: 27 | T47: 25.8
A48: J. Ryan | B48: {=_xlfn.XLOOKUP(A47,'Player List'!$A$2:$A$177,'Player List'!$B$2:$C$177)} -> Ireland | C48: Second Row | D48: =_xlfn.XLOOKUP(B48,$B$2:$B$7,$C$2:$C$7) -> Win | E48: 26 | F48: 3 | I48: 10 | T48: 7.6
A49: F. Bealham | B49: {=_xlfn.XLOOKUP(A48,'Player List'!$A$2:$A$177,'Player List'!$B$2:$C$177)} -> Ireland | C49: Second Row | D49: =_xlfn.XLOOKUP(B49,$B$2:$B$7,$C$2:$C$7) -> Win | E49: 80 | F49: 14 | I49: 19 | K49: 1 | M49: 1 | T49: 47.8
A50: D. Kilcoyne | B50: {=_xlfn.XLOOKUP(A49,'Player List'!$A$2:$A$177,'Player List'!$B$2:$C$177)} -> Ireland | C50: Prop | D50: =_xlfn.XLOOKUP(B50,$B$2:$B$7,$C$2:$C$7) -> Win | E50: 60 | F50: 12 | G50: 1 | I50: 15 | N50: 1 | T50: 35
A51: T. O'Toole | B51: {=_xlfn.XLOOKUP(A50,'Player List'!$A$2:$A$177,'Player List'!$B$2:$C$177)} -> Ireland | C51: Prop | D51: =_xlfn.XLOOKUP(B51,$B$2:$B$7,$C$2:$C$7) -> Win | E51: 7 | F51: 5 | I51: 2 | T51: 6.1
A52: A. Porter | B52: {=_xlfn.XLOOKUP(A51,'Player List'!$A$2:$A$177,'Player List'!$B$2:$C$177)} -> Ireland | C52: Prop | D52: =_xlfn.XLOOKUP(B52,$B$2:$B$7,$C$2:$C$7) -> Win | E52: 20 | F52: 5 | T52: 7
A53: R. Herring | B53: {=_xlfn.XLOOKUP(A52,'Player List'!$A$2:$A$177,'Player List'!$B$2:$C$177)} -> Ireland | C53: Prop | D53: =_xlfn.XLOOKUP(B53,$B$2:$B$7,$C$2:$C$7) -> Win | E53: 73 | F53: 11 | I53: 25 | T53: 23.3
A54: D. Sheehan | B54: {=_xlfn.XLOOKUP(A53,'Player List'!$A$2:$A$177,'Player List'!$B$2:$C$177)} -> Ireland | C54: Hooker | D54: =_xlfn.XLOOKUP(B54,$B$2:$B$7,$C$2:$C$7) -> Win | E54: 7 | F54: 4 | I54: 4 | T54: 5.5
A55: O. Hassell-Collins | B55: {=_xlfn.XLOOKUP(A54,'Player List'!$A$2:$A$177,'Player List'!$B$2:$C$177)} -> Ireland | C55: Hooker | D55: =_xlfn.XLOOKUP(B55,$B$2:$B$7,$C$2:$C$7) -> Win | E55: 73 | F55: 5 | G55: 2 | H55: 2 | I55: 54 | K55: 1 | T55: 58.1
A56: M. Malins | B56: {=_xlfn.XLOOKUP(A55,'Player List'!$A$2:$A$177,'Player List'!$B$2:$C$177)} -> England | C56: Back Three | D56: =_xlfn.XLOOKUP(B56,$B$2:$B$7,$C$2:$C$7) -> Loss | E56: 64 | F56: 2 | I56: 91 | T56: 20.2
A57: F. Steward | B57: {=_xlfn.XLOOKUP(A56,'Player List'!$A$2:$A$177,'Player List'!$B$2:$C$177)} -> England | C57: Back Three | D57: =_xlfn.XLOOKUP(B57,$B$2:$B$7,$C$2:$C$7) -> Loss | E57: 80 | F57: 5 | G57: 1 | I57: 67 | M57: 2 | T57: 55.4
A58: A. Watson | B58: {=_xlfn.XLOOKUP(A57,'Player List'!$A$2:$A$177,'Player List'!$B$2:$C$177)} -> England | C58: Back Three | D58: =_xlfn.XLOOKUP(B58,$B$2:$B$7,$C$2:$C$7) -> Loss | E58: 80 | F58: 2 | I58: 101 | T58: 22.2
A59: O. Farrell | B59: {=_xlfn.XLOOKUP(A58,'Player List'!$A$2:$A$177,'Player List'!$B$2:$C$177)} -> England | C59: Back Three | D59: =_xlfn.XLOOKUP(B59,$B$2:$B$7,$C$2:$C$7) -> Loss | E59: 16 | F59: 2 | I59: 18 | T59: 5.6
A60: O. Lawrence | B60: {=_xlfn.XLOOKUP(A59,'Player List'!$A$2:$A$177,'Player List'!$B$2:$C$177)} -> England | C60: Centre | D60: =_xlfn.XLOOKUP(B60,$B$2:$B$7,$C$2:$C$7) -> Loss | E60: 80 | F60: 3 | I60: 56 | O60: 1 | P60: 2 | T60: 26.2
A61: J. Marchant | B61: {=_xlfn.XLOOKUP(A60,'Player List'!$A$2:$A$177,'Player List'!$B$2:$C$177)} -> England | C61: Centre | D61: =_xlfn.XLOOKUP(B61,$B$2:$B$7,$C$2:$C$7) -> Loss | E61: 4 | I61: 10 | T61: 2
A62: M. Smith | B62: {=_xlfn.XLOOKUP(A61,'Player List'!$A$2:$A$177,'Player List'!$B$2:$C$177)} -> England | C62: Centre | D62: =_xlfn.XLOOKUP(B62,$B$2:$B$7,$C$2:$C$7) -> Loss | E62: 76 | F62: 6 | I62: 58 | T62: 17.6
A63: J. van Poortvliet | B63: {=_xlfn.XLOOKUP(A62,'Player List'!$A$2:$A$177,'Player List'!$B$2:$C$177)} -> England | C63: Fly Half | D63: =_xlfn.XLOOKUP(B63,$B$2:$B$7,$C$2:$C$7) -> Loss | E63: 80 | F63: 6 | I63: 112 | N63: 1 | T63: 35.4
A64: B. Youngs | B64: {=_xlfn.XLOOKUP(A63,'Player List'!$A$2:$A$177,'Player List'!$B$2:$C$177)} -> England | C64: Scrum Half | D64: =_xlfn.XLOOKUP(B64,$B$2:$B$7,$C$2:$C$7) -> Loss | E64: 58 | F64: 3 | H64: 1 | I64: 20 | N64: 1 | T64: 21
A65: B. Curry | B65: {=_xlfn.XLOOKUP(A64,'Player List'!$A$2:$A$177,'Player List'!$B$2:$C$177)} -> England | C65: Scrum Half | D65: =_xlfn.XLOOKUP(B65,$B$2:$B$7,$C$2:$C$7) -> Loss | E65: 22 | F65: 1 | I65: 25 | T65: 6
A66: A. Dombrandt | B66: {=_xlfn.XLOOKUP(A65,'Player List'!$A$2:$A$177,'Player List'!$B$2:$C$177)} -> England | C66: Back Row | D66: =_xlfn.XLOOKUP(B66,$B$2:$B$7,$C$2:$C$7) -> Loss | E66: 61 | F66: 9 | G66: 4 | I66: 37 | T66: 44.4
A67: B. Earl | B67: {=_xlfn.XLOOKUP(A66,'Player List'!$A$2:$A$177,'Player List'!$B$2:$C$177)} -> England | C67: Back Row | D67: =_xlfn.XLOOKUP(B67,$B$2:$B$7,$C$2:$C$7) -> Loss | E67: 56 | F67: 4 | I67: 64 | L67: 1 | T67: 23.8
A68: L. Ludlam | B68: {=_xlfn.XLOOKUP(A67,'Player List'!$A$2:$A$177,'Player List'!$B$2:$C$177)} -> England | C68: Back Row | D68: =_xlfn.XLOOKUP(B68,$B$2:$B$7,$C$2:$C$7) -> Loss | E68: 24 | F68: 2 | G68: 1 | I68: 42 | T68: 17.4
A69: O. Chessum | B69: {=_xlfn.XLOOKUP(A68,'Player List'!$A$2:$A$177,'Player List'!$B$2:$C$177)} -> England | C69: Back Row | D69: =_xlfn.XLOOKUP(B69,$B$2:$B$7,$C$2:$C$7) -> Loss | E69: 80 | F69: 6 | G69: 1 | H69: 1 | I69: 77 | N69: 1 | T69: 42.4
A70: N. Isiekwe | B70: {=_xlfn.XLOOKUP(A69,'Player List'!$A$2:$A$177,'Player List'!$B$2:$C$177)} -> England | C70: Second Row | D70: =_xlfn.XLOOKUP(B70,$B$2:$B$7,$C$2:$C$7) -> Loss | E70: 80 | F70: 6 | I70: 72 | T70: 20.4
A71: M. Itoje | B71: {=_xlfn.XLOOKUP(A70,'Player List'!$A$2:$A$177,'Player List'!$B$2:$C$177)} -> England | C71: Second Row | D71: =_xlfn.XLOOKUP(B71,$B$2:$B$7,$C$2:$C$7) -> Loss | E71: 19 | F71: 1 | G71: 1 | I71: 3 | T71: 8.6
A72: D. Cole | B72: {=_xlfn.XLOOKUP(A71,'Player List'!$A$2:$A$177,'Player List'!$B$2:$C$177)} -> England | C72: Second Row | D72: =_xlfn.XLOOKUP(B72,$B$2:$B$7,$C$2:$C$7) -> Loss | E72: 80 | F72: 10 | G72: 2 | I72: 11 | T72: 26.2
A73: E. Genge | B73: {=_xlfn.XLOOKUP(A72,'Player List'!$A$2:$A$177,'Player List'!$B$2:$C$177)} -> England | C73: Prop | D73: =_xlfn.XLOOKUP(B73,$B$2:$B$7,$C$2:$C$7) -> Loss | E73: 19 | F73: 1 | T73: 1
A74: K. Sinckler | B74: {=_xlfn.XLOOKUP(A73,'Player List'!$A$2:$A$177,'Player List'!$B$2:$C$177)} -> England | C74: Prop | D74: =_xlfn.XLOOKUP(B74,$B$2:$B$7,$C$2:$C$7) -> Loss | E74: 61 | F74: 3 | I74: 83 | M74: 1 | T74: 34.6
A75: M. Vunipola | B75: {=_xlfn.XLOOKUP(A74,'Player List'!$A$2:$A$177,'Player List'!$B$2:$C$177)} -> England | C75: Prop | D75: =_xlfn.XLOOKUP(B75,$B$2:$B$7,$C$2:$C$7) -> Loss | E75: 61 | F75: 5 | G75: 1 | I75: 35 | T75: 19
A76: J. George | B76: {=_xlfn.XLOOKUP(A75,'Player List'!$A$2:$A$177,'Player List'!$B$2:$C$177)} -> England | C76: Prop | D76: =_xlfn.XLOOKUP(B76,$B$2:$B$7,$C$2:$C$7) -> Loss | E76: 19 | F76: 2 | I76: 27 | T76: 7.4
A77: S. Hogg | B77: {=_xlfn.XLOOKUP(A76,'Player List'!$A$2:$A$177,'Player List'!$B$2:$C$177)} -> England | C77: Hooker | D77: =_xlfn.XLOOKUP(B77,$B$2:$B$7,$C$2:$C$7) -> Loss | E77: 80 | F77: 10 | I77: 21 | T77: 14.2
A78: B. Kinghorn | B78: {=_xlfn.XLOOKUP(A77,'Player List'!$A$2:$A$177,'Player List'!$B$2:$C$177)} -> Scotland | C78: Back Three | D78: =_xlfn.XLOOKUP(B78,$B$2:$B$7,$C$2:$C$7) -> Win | E78: 66 | F78: 3 | G78: 1 | I78: 54 | L78: 1 | T78: 34.4
A79: K. Steyn | B79: {=_xlfn.XLOOKUP(A78,'Player List'!$A$2:$A$177,'Player List'!$B$2:$C$177)} -> Scotland | C79: Back Three | D79: =_xlfn.XLOOKUP(B79,$B$2:$B$7,$C$2:$C$7) -> Win | E79: 14 | I79: 34 | T79: 8.2
A80: D. van der Merwe | B80: {=_xlfn.XLOOKUP(A79,'Player List'!$A$2:$A$177,'Player List'!$B$2:$C$177)} -> Scotland | C80: Back Three | D80: =_xlfn.XLOOKUP(B80,$B$2:$B$7,$C$2:$C$7) -> Win | E80: 80 | F80: 6 | G80: 1 | H80: 2 | I80: 64 | N80: 1 | T80: 54.8
A81: C. Harris | B81: {=_xlfn.XLOOKUP(A80,'Player List'!$A$2:$A$177,'Player List'!$B$2:$C$177)} -> Scotland | C81: Back Three | D81: =_xlfn.XLOOKUP(B81,$B$2:$B$7,$C$2:$C$7) -> Win | E81: 80 | F81: 2 | H81: 2 | I81: 104 | M81: 2 | T81: 89.8 | U81: 1
A82: H. Jones | B82: {=_xlfn.XLOOKUP(A81,'Player List'!$A$2:$A$177,'Player List'!$B$2:$C$177)} -> Scotland | C82: Centre | D82: =_xlfn.XLOOKUP(B82,$B$2:$B$7,$C$2:$C$7) -> Win | E82: 4 | F82: 1 | T82: 1.4
A83: S. Tuipulotu | B83: {=_xlfn.XLOOKUP(A82,'Player List'!$A$2:$A$177,'Player List'!$B$2:$C$177)} -> Scotland | C83: Centre | D83: =_xlfn.XLOOKUP(B83,$B$2:$B$7,$C$2:$C$7) -> Win | E83: 76 | F83: 12 | H83: 1 | I83: 47 | M83: 1 | T83: 51
A84: F. Russell | B84: {=_xlfn.XLOOKUP(A83,'Player List'!$A$2:$A$177,'Player List'!$B$2:$C$177)} -> Scotland | C84: Centre | D84: =_xlfn.XLOOKUP(B84,$B$2:$B$7,$C$2:$C$7) -> Win | E84: 80 | F84: 10 | G84: 1 | I84: 63 | N84: 1 | T84: 44.6
A85: G. Horne | B85: {=_xlfn.XLOOKUP(A84,'Player List'!$A$2:$A$177,'Player List'!$B$2:$C$177)} -> Scotland | C85: Fly Half | D85: =_xlfn.XLOOKUP(B85,$B$2:$B$7,$C$2:$C$7) -> Win | E85: 80 | F85: 10 | G85: 1 | I85: 85 | O85: 3 | P85: 1 | T85: 53
A86: B. White | B86: {=_xlfn.XLOOKUP(A85,'Player List'!$A$2:$A$177,'Player List'!$B$2:$C$177)} -> Scotland | C86: Scrum Half | D86: =_xlfn.XLOOKUP(B86,$B$2:$B$7,$C$2:$C$7) -> Win | E86: 11 | F86: 1 | T86: 2.1
A87: L. Crosbie | B87: {=_xlfn.XLOOKUP(A86,'Player List'!$A$2:$A$177,'Player List'!$B$2:$C$177)} -> Scotland | C87: Scrum Half | D87: =_xlfn.XLOOKUP(B87,$B$2:$B$7,$C$2:$C$7) -> Win | E87: 69 | F87: 9 | G87: 1 | H87: 1 | I87: 21 | M87: 1 | T87: 49.1
A88: J. Dempsey | B88: {=_xlfn.XLOOKUP(A87,'Player List'!$A$2:$A$177,'Player List'!$B$2:$C$177)} -> Scotland | C88: Back Row | D88: =_xlfn.XLOOKUP(B88,$B$2:$B$7,$C$2:$C$7) -> Win | E88: 58 | F88: 17 | G88: 3 | I88: 9 | T88: 45.6
A89: M. Fagerson | B89: {=_xlfn.XLOOKUP(A88,'Player List'!$A$2:$A$177,'Player List'!$B$2:$C$177)} -> Scotland | C89: Back Row | D89: =_xlfn.XLOOKUP(B89,$B$2:$B$7,$C$2:$C$7) -> Win | E89: 22 | F89: 6 | I89: 13 | T89: 10.8
A90: J. Ritchie | B90: {=_xlfn.XLOOKUP(A89,'Player List'!$A$2:$A$177,'Player List'!$B$2:$C$177)} -> Scotland | C90: Back Row | D90: =_xlfn.XLOOKUP(B90,$B$2:$B$7,$C$2:$C$7) -> Win | E90: 80 | F90: 24 | G90: 2 | I90: 31 | N90: 1 | T90: 59.2
A91: G. Gilchrist | B91: {=_xlfn.XLOOKUP(A90,'Player List'!$A$2:$A$177,'Player List'!$B$2:$C$177)} -> Scotland | C91: Back Row | D91: =_xlfn.XLOOKUP(B91,$B$2:$B$7,$C$2:$C$7) -> Win | E91: 80 | F91: 11 | G91: 2 | I91: 31 | L91: 1 | T91: 46.2
A92: J. Gray | B92: {=_xlfn.XLOOKUP(A91,'Player List'!$A$2:$A$177,'Player List'!$B$2:$C$177)} -> Scotland | C92: Second Row | D92: =_xlfn.XLOOKUP(B92,$B$2:$B$7,$C$2:$C$7) -> Win | E92: 66 | F92: 13 | G92: 1 | I92: 4 | K92: 1 | T92: 34.4
A93: R. Gray | B93: {=_xlfn.XLOOKUP(A92,'Player List'!$A$2:$A$177,'Player List'!$B$2:$C$177)} -> Scotland | C93: Second Row | D93: =_xlfn.XLOOKUP(B93,$B$2:$B$7,$C$2:$C$7) -> Win | E93: 14 | F93: 3 | G93: 1 | I93: 7 | T93: 12.8
A94: S. Berghan | B94: {=_xlfn.XLOOKUP(A93,'Player List'!$A$2:$A$177,'Player List'!$B$2:$C$177)} -> Scotland | C94: Second Row | D94: =_xlfn.XLOOKUP(B94,$B$2:$B$7,$C$2:$C$7) -> Win | E94: 80 | F94: 15 | G94: 2 | I94: 6 | T94: 38.2
A95: J. Bhatti | B95: {=_xlfn.XLOOKUP(A94,'Player List'!$A$2:$A$177,'Player List'!$B$2:$C$177)} -> Scotland | C95: Prop | D95: =_xlfn.XLOOKUP(B95,$B$2:$B$7,$C$2:$C$7) -> Win | E95: 22 | F95: 8 | T95: 10.2
A96: W. Nel | B96: {=_xlfn.XLOOKUP(A95,'Player List'!$A$2:$A$177,'Player List'!$B$2:$C$177)} -> Scotland | C96: Prop | D96: =_xlfn.XLOOKUP(B96,$B$2:$B$7,$C$2:$C$7) -> Win | E96: 14 | F96: 3 | I96: 2 | T96: 4.8
A97: P. Schoeman | B97: {=_xlfn.XLOOKUP(A96,'Player List'!$A$2:$A$177,'Player List'!$B$2:$C$177)} -> Scotland | C97: Prop | D97: =_xlfn.XLOOKUP(B97,$B$2:$B$7,$C$2:$C$7) -> Win | E97: 58 | F97: 11 | I97: 3 | T97: 17.4
A98: F. Brown | B98: {=_xlfn.XLOOKUP(A97,'Player List'!$A$2:$A$177,'Player List'!$B$2:$C$177)} -> Scotland | C98: Prop | D98: =_xlfn.XLOOKUP(B98,$B$2:$B$7,$C$2:$C$7) -> Win | E98: 66 | F98: 15 | I98: 25 | T98: 26.6
A99: G. Turner | B99: {=_xlfn.XLOOKUP(A98,'Player List'!$A$2:$A$177,'Player List'!$B$2:$C$177)} -> Scotland | C99: Hooker | D99: =_xlfn.XLOOKUP(B99,$B$2:$B$7,$C$2:$C$7) -> Win | E99: 22 | F99: 3 | I99: 2 | T99: 5.6
A100: P. Bruno | B100: {=_xlfn.XLOOKUP(A99,'Player List'!$A$2:$A$177,'Player List'!$B$2:$C$177)} -> Scotland | C100: Hooker | D100: =_xlfn.XLOOKUP(B100,$B$2:$B$7,$C$2:$C$7) -> Win | E100: 58 | F100: 11 | G100: 2 | I100: 21 | K100: 1 | T100: 42
A101: A. Capuozzo | B101: {=_xlfn.XLOOKUP(A100,'Player List'!$A$2:$A$177,'Player List'!$B$2:$C$177)} -> Italy | C101: Back Three | D101: =_xlfn.XLOOKUP(B101,$B$2:$B$7,$C$2:$C$7) -> Loss | E101: 66 | F101: 6 | I101: 46 | T101: 15.2
A102: A. Fusco | B102: {=_xlfn.XLOOKUP(A101,'Player List'!$A$2:$A$177,'Player List'!$B$2:$C$177)} -> Italy | C102: Back Three | D102: =_xlfn.XLOOKUP(B102,$B$2:$B$7,$C$2:$C$7) -> Loss | E102: 80 | I102: 114 | M102: 1 | T102: 37.8
...

Sheet Round 2 Data
B2: Scotland | C2: Win | E2: Ireland | F2: 32 | G2: 19 | H2: France
B3: Wales | C3: Loss | E3: Scotland | F3: 35 | G3: 7 | H3: Wales
B4: Ireland | C4: Win | E4: England | F4: 31 | G4: 14 | H4: Italy
B5: England | C5: Win
B6: France | C6: Loss
B7: Italy | C7: Loss
A9: Name | B9: Nation | C9: Position | D9: Win/Loss | E9: Time Played | F9: Tackles | G9: Dominant Tackles | H9: Line Breaks | I9: Metres Carried | J9: 50-22 | K9: Lineout Steal | L9: Breakdown Steal | M9: Try | N9: Assists | O9: Conversion | P9: Penalty | Q9: Drop Goal | R9: Yellow Card | S9: Red Card | T9: Game Total | U9: MoM | V9: Total Points
A10: M. Hansen | B10: {=_xlfn.XLOOKUP(A10,'Player List'!$A$2:$A$177,'Player List'!$B$2:$C$177)} -> Ireland | C10: Back Three | D10: =_xlfn.XLOOKUP(B10,$B$2:$B$7,$C$2:$C$7) -> Win | E10: 80 | F10: 5 | I10: 63 | T10: 25.6
A11: H. Keenan | B11: {=_xlfn.XLOOKUP(A11,'Player List'!$A$2:$A$177,'Player List'!$B$2:$C$177)} -> Ireland | C11: Back Three | D11: =_xlfn.XLOOKUP(B11,$B$2:$B$7,$C$2:$C$7) -> Win | E11: 80 | F11: 3 | G11: 1 | H11: 2 | I11: 205 | J11: 1 | M11: 1 | T11: 98
A12: J. Lowe | B12: {=_xlfn.XLOOKUP(A12,'Player List'!$A$2:$A$177,'Player List'!$B$2:$C$177)} -> Ireland | C12: Back Three | D12: =_xlfn.XLOOKUP(B12,$B$2:$B$7,$C$2:$C$7) -> Win | E12: 80 | F12: 4 | H12: 1 | I12: 94 | M12: 1 | T12: 52.8
A13: B. Aki | B13: {=_xlfn.XLOOKUP(A13,'Player List'!$A$2:$A$177,'Player List'!$B$2:$C$177)} -> Ireland | C13: Centre | D13: =_xlfn.XLOOKUP(B13,$B$2:$B$7,$C$2:$C$7) -> Win | E13: 14 | F13: 3 | I13: 25 | T13: 9.4
A14: S. McCloskey | B14: {=_xlfn.XLOOKUP(A14,'Player List'!$A$2:$A$177,'Player List'!$B$2:$C$177)} -> Ireland | C14: Centre | D14: =_xlfn.XLOOKUP(B14,$B$2:$B$7,$C$2:$C$7) -> Win | E14: 66 | F14: 3 | I14: 69 | L14: 1 | T14: 30.4
A15: G. Ringrose | B15: {=_xlfn.XLOOKUP(A15,'Player List'!$A$2:$A$177,'Player List'!$B$2:$C$177)} -> Ireland | C15: Centre | D15: =_xlfn.XLOOKUP(B15,$B$2:$B$7,$C$2:$C$7) -> Win | E15: 80 | F15: 9 | G15: 1 | H15: 1 | I15: 64 | M15: 1 | N15: 1 | T15: 65.8
A16: R. Byrne | B16: {=_xlfn.XLOOKUP(A16,'Player List'!$A$2:$A$177,'Player List'!$B$2:$C$177)} -> Ireland | C16: Fly Half | D16: =_xlfn.XLOOKUP(B16,$B$2:$B$7,$C$2:$C$7) -> Win | E16: 32 | F16: 3 | I16: 10 | O16: 1 | P16: 1 | T16: 15.2
A17: J. Sexton | B17: {=_xlfn.XLOOKUP(A17,'Player List'!$A$2:$A$177,'Player List'!$B$2:$C$177)} -> Ireland | C17: Fly Half | D17: =_xlfn.XLOOKUP(B17,$B$2:$B$7,$C$2:$C$7) -> Win | E17: 48 | F17: 3 | H17: 2 | I17: 80 | O17: 2 | P17: 1 | T17: 46.8
A18: C. Casey | B18: {=_xlfn.XLOOKUP(A18,'Player List'!$A$2:$A$177,'Player List'!$B$2:$C$177)} -> Ireland | C18: Scrum Half | D18: =_xlfn.XLOOKUP(B18,$B$2:$B$7,$C$2:$C$7) -> Win | E18: 24 | F18: 1 | I18: 14 | T18: 6.2
A19: C. Murray | B19: {=_xlfn.XLOOKUP(A19,'Player List'!$A$2:$A$177,'Player List'!$B$2:$C$177)} -> Ireland | C19: Scrum Half | D19: =_xlfn.XLOOKUP(B19,$B$2:$B$7,$C$2:$C$7) -> Win | E19: 56 | F19: 3 | I19: 11 | T19: 10.8
A20: J. Conan | B20: {=_xlfn.XLOOKUP(A20,'Player List'!$A$2:$A$177,'Player List'!$B$2:$C$177)} -> Ireland | C20: Back Row | D20: =_xlfn.XLOOKUP(B20,$B$2:$B$7,$C$2:$C$7) -> Win | E20: 24 | F20: 2 | I20: 22 | T20: 8.8
A21: C. Doris | B21: {=_xlfn.XLOOKUP(A21,'Player List'!$A$2:$A$177,'Player List'!$B$2:$C$177)} -> Ireland | C21: Back Row | D21: =_xlfn.XLOOKUP(B21,$B$2:$B$7,$C$2:$C$7) -> Win | E21: 80 | F21: 6 | I21: 117 | L21: 1 | N21: 1 | T21: 66.4 | U21: 1
A22: P. O'Mahony | B22: {=_xlfn.XLOOKUP(A22,'Player List'!$A$2:$A$177,'Player List'!$B$2:$C$177)} -> Ireland | C22: Back Row | D22: =_xlfn.XLOOKUP(B22,$B$2:$B$7,$C$2:$C$7) -> Win | E22: 56 | F22: 7 | I22: 15 | T22: 15.6
A23: J. van der Flier | B23: {=_xlfn.XLOOKUP(A23,'Player List'!$A$2:$A$177,'Player List'!$B$2:$C$177)} -> Ireland | C23: Back Row | D23: =_xlfn.XLOOKUP(B23,$B$2:$B$7,$C$2:$C$7) -> Win | E23: 80 | F23: 12 | G23: 1 | I23: 51 | T23: 37.2
A24: T. Beirne | B24: {=_xlfn.XLOOKUP(A24,'Player List'!$A$2:$A$177,'Player List'!$B$2:$C$177)} -> Ireland | C24: Second Row | D24: =_xlfn.XLOOKUP(B24,$B$2:$B$7,$C$2:$C$7) -> Win | E24: 45 | F24: 10 | G24: 2 | H24: 1 | I24: 33 | L24: 1 | T24: 49.1
A25: I. Henderson | B25: {=_xlfn.XLOOKUP(A25,'Player List'!$A$2:$A$177,'Player List'!$B$2:$C$177)} -> Ireland | C25: Second Row | D25: =_xlfn.XLOOKUP(B25,$B$2:$B$7,$C$2:$C$7) -> Win | E25: 35 | F25: 4 | I25: 20 | T25: 11.5
A26: J. Ryan | B26: {=_xlfn.XLOOKUP(A26,'Player List'!$A$2:$A$177,'Player List'!$B$2:$C$177)} -> Ireland | C26: Second Row | D26: =_xlfn.XLOOKUP(B26,$B$2:$B$7,$C$2:$C$7) -> Win | E26: 80 | F26: 15 | G26: 1 | I26: 52 | T26: 40.4
A27: F. Bealham | B27: {=_xlfn.XLOOKUP(A27,'Player List'!$A$2:$A$177,'Player List'!$B$2:$C$177)} -> Ireland | C27: Prop | D27: =_xlfn.XLOOKUP(B27,$B$2:$B$7,$C$2:$C$7) -> Win | E27: 61 | F27: 12 | G27: 1 | I27: 11 | N27: 1 | T27: 34.3
A28: D. Kilcoyne | B28: {=_xlfn.XLOOKUP(A28,'Player List'!$A$2:$A$177,'Player List'!$B$2:$C$177)} -> Ireland | C28: Prop | D28: =_xlfn.XLOOKUP(B28,$B$2:$B$7,$C$2:$C$7) -> Win | E28: 11 | F28: 3 | I28: 9 | T28: 5.9
A29: T. O'Toole | B29: {=_xlfn.XLOOKUP(A29,'Player List'!$A$2:$A$177,'Player List'!$B$2:$C$177)} -> Ireland | C29: Prop | D29: =_xlfn.XLOOKUP(B29,$B$2:$B$7,$C$2:$C$7) -> Win | E29: 19 | I29: 52 | T29: 12.3
A30: A. Porter | B30: {=_xlfn.XLOOKUP(A30,'Player List'!$A$2:$A$177,'Player List'!$B$2:$C$177)} -> Ireland | C30: Prop | D30: =_xlfn.XLOOKUP(B30,$B$2:$B$7,$C$2:$C$7) -> Win | E30: 69 | F30: 6 | I30: 17 | M30: 1 | T30: 31.3
A31: R. Herring | B31: {=_xlfn.XLOOKUP(A31,'Player List'!$A$2:$A$177,'Player List'!$B$2:$C$177)} -> Ireland | C31: Hooker | D31: =_xlfn.XLOOKUP(B31,$B$2:$B$7,$C$2:$C$7) -> Win | E31: 25 | F31: 6 | I31: 7 | T31: 9.9
A32: R. Kelleher | B32: {=_xlfn.XLOOKUP(A32,'Player List'!$A$2:$A$177,'Player List'!$B$2:$C$177)} -> Ireland | C32: Hooker | D32: =_xlfn.XLOOKUP(B32,$B$2:$B$7,$C$2:$C$7) -> Win | E32: 55 | F32: 9 | G32: 2 | I32: 38 | T32: 36.1
A33: D. Penaud | B33: {=_xlfn.XLOOKUP(A33,'Player List'!$A$2:$A$177,'Player List'!$B$2:$C$177)} -> France | C33: Back Three | D33: =_xlfn.XLOOKUP(B33,$B$2:$B$7,$C$2:$C$7) -> Loss | E33: 80 | F33: 4 | H33: 1 | I33: 134 | M33: 1 | T33: 52.8
A34: T. Ramos | B34: {=_xlfn.XLOOKUP(A34,'Player List'!$A$2:$A$177,'Player List'!$B$2:$C$177)} -> France | C34: Back Three | D34: =_xlfn.XLOOKUP(B34,$B$2:$B$7,$C$2:$C$7) -> Loss | E34: 61 | F34: 3 | I34: 90 | O34: 1 | P34: 3 | Q34: 1 | T34: 45
A35: E. Dumortier | B35: {=_xlfn.XLOOKUP(A35,'Player List'!$A$2:$A$177,'Player List'!$B$2:$C$177)} -> France | C35: Centre | D35: =_xlfn.XLOOKUP(B35,$B$2:$B$7,$C$2:$C$7) -> Loss | E35: 68 | F35: 2 | H35: 2 | I35: 88 | T35: 33.6
A36: G. Fickou | B36: {=_xlfn.XLOOKUP(A36,'Player List'!$A$2:$A$177,'Player List'!$B$2:$C$177)} -> France | C36: Centre | D36: =_xlfn.XLOOKUP(B36,$B$2:$B$7,$C$2:$C$7) -> Loss | E36: 80 | F36: 14 | I36: 83 | T36: 30.6
A37: Y. Moefana | B37: {=_xlfn.XLOOKUP(A37,'Player List'!$A$2:$A$177,'Player List'!$B$2:$C$177)} -> France | C37: Centre | D37: =_xlfn.XLOOKUP(B37,$B$2:$B$7,$C$2:$C$7) -> Loss | E37: 80 | F37: 9 | I37: 57 | T37: 20.4
A38: M. Jalibert | B38: {=_xlfn.XLOOKUP(A38,'Player List'!$A$2:$A$177,'Player List'!$B$2:$C$177)} -> France | C38: Fly Half | D38: =_xlfn.XLOOKUP(B38,$B$2:$B$7,$C$2:$C$7) -> Loss | E38: 19 | F38: 2 | I38: 19 | T38: 5.8
A39: R. Ntamack | B39: {=_xlfn.XLOOKUP(A39,'Player List'!$A$2:$A$177,'Player List'!$B$2:$C$177)} -> France | C39: Fly Half | D39: =_xlfn.XLOOKUP(B39,$B$2:$B$7,$C$2:$C$7) -> Loss | E39: 80 | F39: 12 | I39: 51 | T39: 22.2
A40: A. Dupont | B40: {=_xlfn.XLOOKUP(A40,'Player List'!$A$2:$A$177,'Player List'!$B$2:$C$177)} -> France | C40: Scrum Half | D40: =_xlfn.XLOOKUP(B40,$B$2:$B$7,$C$2:$C$7) -> Loss | E40: 80 | F40: 10 | G40: 1 | H40: 2 | I40: 90 | T40: 49
A41: G. Alldritt | B41: {=_xlfn.XLOOKUP(A41,'Player List'!$A$2:$A$177,'Player List'!$B$2:$C$177)} -> France | C41: Back Row | D41: =_xlfn.XLOOKUP(B41,$B$2:$B$7,$C$2:$C$7) -> Loss | E41: 52 | F41: 13 | I41: 17 | T41: 16.4
A42: F. Cros | B42: {=_xlfn.XLOOKUP(A42,'Player List'!$A$2:$A$177,'Player List'!$B$2:$C$177)} -> France | C42: Back Row | D42: =_xlfn.XLOOKUP(B42,$B$2:$B$7,$C$2:$C$7) -> Loss | E42: 11 | F42: 6 | T42: 6
A43: A. Jelonch | B43: {=_xlfn.XLOOKUP(A43,'Player List'!$A$2:$A$177,'Player List'!$B$2:$C$177)} -> France | C43: Back Row | D43: =_xlfn.XLOOKUP(B43,$B$2:$B$7,$C$2:$C$7) -> Loss | E43: 80 | F43: 22 | H43: 1 | I43: 58 | N43: 1 | T43: 47.6
A44: S. Macalou | B44: {=_xlfn.XLOOKUP(A44,'Player List'!$A$2:$A$177,'Player List'!$B$2:$C$177)} -> France | C44: Back Row | D44: =_xlfn.XLOOKUP(B44,$B$2:$B$7,$C$2:$C$7) -> Loss | E44: 28 | F44: 7 | I44: 23 | T44: 11.6
A45: C. Ollivon | B45: {=_xlfn.XLOOKUP(A45,'Player List'!$A$2:$A$177,'Player List'!$B$2:$C$177)} -> France | C45: Back Row | D45: =_xlfn.XLOOKUP(B45,$B$2:$B$7,$C$2:$C$7) -> Loss | E45: 69 | F45: 21 | I45: 25 | L45: 1 | T45: 33
A46: T. Flament | B46: {=_xlfn.XLOOKUP(A46,'Player List'!$A$2:$A$177,'Player List'!$B$2:$C$177)} -> France | C46: Second Row | D46: =_xlfn.XLOOKUP(B46,$B$2:$B$7,$C$2:$C$7) -> Loss | E46: 80 | F46: 24 | G46: 2 | I46: 60 | T46: 50
A47: R. Taofifenua | B47: {=_xlfn.XLOOKUP(A47,'Player List'!$A$2:$A$177,'Player List'!$B$2:$C$177)} -> France | C47: Second Row | D47: =_xlfn.XLOOKUP(B47,$B$2:$B$7,$C$2:$C$7) -> Loss | E47: 35 | F47: 11 | G47: 1 | I47: 3 | L47: 1 | T47: 25.6
A48: P. Willemse | B48: {=_xlfn.XLOOKUP(A48,'Player List'!$A$2:$A$177,'Player List'!$B$2:$C$177)} -> France | C48: Second Row | D48: =_xlfn.XLOOKUP(B48,$B$2:$B$7,$C$2:$C$7) -> Loss | E48: 45 | F48: 10 | G48: 2 | I48: 16 | T48: 27.2
A49: U. Atonio | B49: {=_xlfn.XLOOKUP(A49,'Player List'!$A$2:$A$177,'Player List'!$B$2:$C$177)} -> France | C49: Prop | D49: =_xlfn.XLOOKUP(B49,$B$2:$B$7,$C$2:$C$7) -> Loss | E49: 44 | F49: 8 | G49: 2 | I49: 6 | R49: 1 | T49: 18.2
A50: C. Baille | B50: {=_xlfn.XLOOKUP(A50,'Player List'!$A$2:$A$177,'Player List'!$B$2:$C$177)} -> France | C50: Prop | D50: =_xlfn.XLOOKUP(B50,$B$2:$B$7,$C$2:$C$7) -> Loss | E50: 56 | F50: 14 | I50: 23 | T50: 18.6
A51: S. Falatea | B51: {=_xlfn.XLOOKUP(A51,'Player List'!$A$2:$A$177,'Player List'!$B$2:$C$177)} -> France | C51: Prop | D51: =_xlfn.XLOOKUP(B51,$B$2:$B$7,$C$2:$C$7) -> Loss | E51: 36 | F51: 6 | G51: 1 | I51: 20 | T51: 17
A52: R. Wardi | B52: {=_xlfn.XLOOKUP(A52,'Player List'!$A$2:$A$177,'Player List'!$B$2:$C$177)} -> France | C52: Prop | D52: =_xlfn.XLOOKUP(B52,$B$2:$B$7,$C$2:$C$7) -> Loss | E52: 24 | F52: 6 | G52: 1 | I52: 11 | T52: 15.2
A53: G. Barlot | B53: {=_xlfn.XLOOKUP(A53,'Player List'!$A$2:$A$177,'Player List'!$B$2:$C$177)} -> France | C53: Hooker | D53: =_xlfn.XLOOKUP(B53,$B$2:$B$7,$C$2:$C$7) -> Loss | E53: 6 | F53: 2 | I53: 18 | T53: 5.6
A54: J. Marchand | B54: {=_xlfn.XLOOKUP(A54,'Player List'!$A$2:$A$177,'Player List'!$B$2:$C$177)} -> France | C54: Hooker | D54: =_xlfn.XLOOKUP(B54,$B$2:$B$7,$C$2:$C$7) -> Loss | E54: 74 | F54: 19 | I54: 24 | L54: 2 | T54: 37.8
A55: S. Hogg | B55: {=_xlfn.XLOOKUP(A55,'Player List'!$A$2:$A$177,'Player List'!$B$2:$C$177)} -> Scotland | C55: Back Three | D55: =_xlfn.XLOOKUP(B55,$B$2:$B$7,$C$2:$C$7) -> Win | E55: 13 | F55: 1 | I55: 18 | T55: 5.9
A56: B. Kinghorn | B56: {=_xlfn.XLOOKUP(A56,'Player List'!$A$2:$A$177,'Player List'!$B$2:$C$177)} -> Scotland | C56: Back Three | D56: =_xlfn.XLOOKUP(B56,$B$2:$B$7,$C$2:$C$7) -> Win | E56: 67 | F56: 5 | H56: 2 | I56: 110 | M56: 1 | T56: 62.7
A57: K. Steyn | B57: {=_xlfn.XLOOKUP(A57,'Player List'!$A$2:$A$177,'Player List'!$B$2:$C$177)} -> Scotland | C57: Back Three | D57: =_xlfn.XLOOKUP(B57,$B$2:$B$7,$C$2:$C$7) -> Win | E57: 80 | F57: 3 | H57: 3 | I57: 65 | M57: 2 | T57: 75
A58: D. van der Merwe | B58: {=_xlfn.XLOOKUP(A58,'Player List'!$A$2:$A$177,'Player List'!$B$2:$C$177)} -> Scotland | C58: Back Three | D58: =_xlfn.XLOOKUP(B58,$B$2:$B$7,$C$2:$C$7) -> Win | E58: 80 | F58: 2 | H58: 3 | I58: 149 | N58: 1 | T58: 67.8
A59: C. Harris | B59: {=_xlfn.XLOOKUP(A59,'Player List'!$A$2:$A$177,'Player List'!$B$2:$C$177)} -> Scotland | C59: Centre | D59: =_xlfn.XLOOKUP(B59,$B$2:$B$7,$C$2:$C$7) -> Win | E59: 8 | F59: 3 | I59: 12 | T59: 6.2
A60: H. Jones | B60: {=_xlfn.XLOOKUP(A60,'Player List'!$A$2:$A$177,'Player List'!$B$2:$C$177)} -> Scotland | C60: Centre | D60: =_xlfn.XLOOKUP(B60,$B$2:$B$7,$C$2:$C$7) -> Win | E60: 80 | F60: 10 | G60: 1 | H60: 1 | I60: 72 | T60: 46.4
A61: S. Tuipulotu | B61: {=_xlfn.XLOOKUP(A61,'Player List'!$A$2:$A$177,'Player List'!$B$2:$C$177)} -> Scotland | C61: Centre | D61: =_xlfn.XLOOKUP(B61,$B$2:$B$7,$C$2:$C$7) -> Win | E61: 72 | F61: 12 | I61: 16 | T61: 22.4
A62: F. Russell | B62: {=_xlfn.XLOOKUP(A62,'Player List'!$A$2:$A$177,'Player List'!$B$2:$C$177)} -> Scotland | C62: Fly Half | D62: =_xlfn.XLOOKUP(B62,$B$2:$B$7,$C$2:$C$7) -> Win | E62: 80 | F62: 8 | I62: 73 | J62: 1 | N62: 3 | O62: 2 | P62: 2 | T62: 90.6 | U62: 1
A63: G. Horne | B63: {=_xlfn.XLOOKUP(A63,'Player List'!$A$2:$A$177,'Player List'!$B$2:$C$177)} -> Scotland | C63: Scrum Half | D63: =_xlfn.XLOOKUP(B63,$B$2:$B$7,$C$2:$C$7) -> Win | E63: 21 | F63: 3 | I63: 8 | T63: 6.7
A64: B. White | B64: {=_xlfn.XLOOKUP(A64,'Player List'!$A$2:$A$177,'Player List'!$B$2:$C$177)} -> Scotland | C64: Scrum Half | D64: =_xlfn.XLOOKUP(B64,$B$2:$B$7,$C$2:$C$7) -> Win | E64: 59 | F64: 4 | I64: 23 | T64: 14.5
A65: L. Crosbie | B65: {=_xlfn.XLOOKUP(A65,'Player List'!$A$2:$A$177,'Player List'!$B$2:$C$177)} -> Scotland | C65: Back Row | D65: =_xlfn.XLOOKUP(B65,$B$2:$B$7,$C$2:$C$7) -> Win | E65: 39 | F65: 11 | G65: 1 | I65: 10 | T65: 23.9
A66: J. Dempsey | B66: {=_xlfn.XLOOKUP(A66,'Player List'!$A$2:$A$177,'Player List'!$B$2:$C$177)} -> Scotland | C66: Back Row | D66: =_xlfn.XLOOKUP(B66,$B$2:$B$7,$C$2:$C$7) -> Win | E66: 36 | F66: 2 | I66: 14 | T66: 8.4
A67: M. Fagerson | B67: {=_xlfn.XLOOKUP(A67,'Player List'!$A$2:$A$177,'Player List'!$B$2:$C$177)} -> Scotland | C67: Back Row | D67: =_xlfn.XLOOKUP(B67,$B$2:$B$7,$C$2:$C$7) -> Win | E67: 80 | F67: 16 | G67: 2 | H67: 1 | I67: 49 | M67: 1 | T67: 69.8
A68: J. Ritchie | B68: {=_xlfn.XLOOKUP(A68,'Player List'!$A$2:$A$177,'Player List'!$B$2:$C$177)} -> Scotland | C68: Back Row | D68: =_xlfn.XLOOKUP(B68,$B$2:$B$7,$C$2:$C$7) -> Win | E68: 80 | F68: 8 | I68: 10 | L68: 2 | T68: 32
A69: G. Gilchrist | B69: {=_xlfn.XLOOKUP(A69,'Player List'!$A$2:$A$177,'Player List'!$B$2:$C$177)} -> Scotland | C69: Second Row | D69: =_xlfn.XLOOKUP(B69,$B$2:$B$7,$C$2:$C$7) -> Win | E69: 64 | F69: 10 | G69: 2 | K69: 1 | T69: 37.4
A70: J. Gray | B70: {=_xlfn.XLOOKUP(A70,'Player List'!$A$2:$A$177,'Player List'!$B$2:$C$177)} -> Scotland | C70: Second Row | D70: =_xlfn.XLOOKUP(B70,$B$2:$B$7,$C$2:$C$7) -> Win | E70: 16 | F70: 3 | G70: 1 | I70: 2 | T70: 12
A71: R. Gray | B71: {=_xlfn.XLOOKUP(A71,'Player List'!$A$2:$A$177,'Player List'!$B$2:$C$177)} -> Scotland | C71: Second Row | D71: =_xlfn.XLOOKUP(B71,$B$2:$B$7,$C$2:$C$7) -> Win | E71: 80 | F71: 12 | G71: 1 | I71: 4 | K71: 1 | T71: 34.8
A72: J. Bhatti | B72: {=_xlfn.XLOOKUP(A72,'Player List'!$A$2:$A$177,'Player List'!$B$2:$C$177)} -> Scotland | C72: Prop | D72: =_xlfn.XLOOKUP(B72,$B$2:$B$7,$C$2:$C$7) -> Win | E72: 16 | F72: 3 | T72: 4.6
A73: Z. Fagerson | B73: {=_xlfn.XLOOKUP(A73,'Player List'!$A$2:$A$177,'Player List'!$B$2:$C$177)} -> Scotland | C73: Prop | D73: =_xlfn.XLOOKUP(B73,$B$2:$B$7,$C$2:$C$7) -> Win | E73: 64 | F73: 15 | G73: 2 | I73: 14 | T73: 38.2
A74: W. Nel | B74: {=_xlfn.XLOOKUP(A74,'Player List'!$A$2:$A$177,'Player List'!$B$2:$C$177)} -> Scotland | C74: Prop | D74: =_xlfn.XLOOKUP(B74,$B$2:$B$7,$C$2:$C$7) -> Win | E74: 16 | F74: 1 | T74: 2.6
A75: P. Schoeman | B75: {=_xlfn.XLOOKUP(A75,'Player List'!$A$2:$A$177,'Player List'!$B$2:$C$177)} -> Scotland | C75: Prop | D75: =_xlfn.XLOOKUP(B75,$B$2:$B$7,$C$2:$C$7) -> Win | E75: 64 | F75: 12 | I75: 35 | T75: 25.4
A76: F. Brown | B76: {=_xlfn.XLOOKUP(A76,'Player List'!$A$2:$A$177,'Player List'!$B$2:$C$177)} -> Scotland | C76: Hooker | D76: =_xlfn.XLOOKUP(B76,$B$2:$B$7,$C$2:$C$7) -> Win | E76: 27 | F76: 3 | I76: 14 | L76: 1 | T76: 15.5
A77: G. Turner | B77: {=_xlfn.XLOOKUP(A77,'Player List'!$A$2:$A$177,'Player List'!$B$2:$C$177)} -> Scotland | C77: Hooker | D77: =_xlfn.XLOOKUP(B77,$B$2:$B$7,$C$2:$C$7) -> Win | E77: 48 | F77: 5 | I77: 37 | M77: 1 | R77: 1 | T77: 27.2
A78: J. Adams | B78: {=_xlfn.XLOOKUP(A78,'Player List'!$A$2:$A$177,'Player List'!$B$2:$C$177)} -> Wales | C78: Back Three | D78: =_xlfn.XLOOKUP(B78,$B$2:$B$7,$C$2:$C$7) -> Loss | E78: 59 | F78: 5 | G78: 1 | I78: 21 | L78: 1 | T78: 23.2
A79: A. Cuthbert | B79: {=_xlfn.XLOOKUP(A79,'Player List'!$A$2:$A$177,'Player List'!$B$2:$C$177)} -> Wales | C79: Back Three | D79: =_xlfn.XLOOKUP(B79,$B$2:$B$7,$C$2:$C$7) -> Loss | E79: 28 | F79: 1 | I79: 47 | T79: 10.4
A80: R. Dyer | B80: {=_xlfn.XLOOKUP(A80,'Player List'!$A$2:$A$177,'Player List'!$B$2:$C$177)} -> Wales | C80: Back Three | D80: =_xlfn.XLOOKUP(B80,$B$2:$B$7,$C$2:$C$7) -> Loss | E80: 80 | F80: 5 | H80: 1 | I80: 90 | T80: 30
A81: L. Williams | B81: {=_xlfn.XLOOKUP(A81,'Player List'!$A$2:$A$177,'Player List'!$B$2:$C$177)} -> Wales | C81: Back Three | D81: =_xlfn.XLOOKUP(B81,$B$2:$B$7,$C$2:$C$7) -> Loss | E81: 69 | F81: 9 | I81: 44 | R81: 1 | T81: 12.8
A82: J. Hawkins | B82: {=_xlfn.XLOOKUP(A82,'Player List'!$A$2:$A$177,'Player List'!$B$2:$C$177)} -> Wales | C82: Centre | D82: =_xlfn.XLOOKUP(B82,$B$2:$B$7,$C$2:$C$7) -> Loss | E82: 80 | F82: 7 | I82: 26 | T82: 12.2
A83: G. North | B83: {=_xlfn.XLOOKUP(A83,'Player List'!$A$2:$A$177,'Player List'!$B$2:$C$177)} -> Wales | C83: Centre | D83: =_xlfn.XLOOKUP(B83,$B$2:$B$7,$C$2:$C$7) -> Loss | E83: 73 | F83: 2 | G83: 1 | I83: 51 | T83: 19.2
A84: D. Biggar | B84: {=_xlfn.XLOOKUP(A84,'Player List'!$A$2:$A$177,'Player List'!$B$2:$C$177)} -> Wales | C84: Fly Half | D84: =_xlfn.XLOOKUP(B84,$B$2:$B$7,$C$2:$C$7) -> Loss | E84: 57 | F84: 6 | I84: 16 | L84: 1 | O84: 1 | T84: 18.2
A85: R. Patchell | B85: {=_xlfn.XLOOKUP(A85,'Player List'!$A$2:$A$177,'Player List'!$B$2:$C$177)} -> Wales | C85: Fly Half | D85: =_xlfn.XLOOKUP(B85,$B$2:$B$7,$C$2:$C$7) -> Loss | E85: 23 | F85: 1 | I85: 18 | T85: 4.6
A86: R. Webb | B86: {=_xlfn.XLOOKUP(A86,'Player List'!$A$2:$A$177,'Player List'!$B$2:$C$177)} -> Wales | C86: Scrum Half | D86: =_xlfn.XLOOKUP(B86,$B$2:$B$7,$C$2:$C$7) -> Loss | E86: 23 | F86: 2 | R86: 1 | T86: -3
A87: T. Williams | B87: {=_xlfn.XLOOKUP(A87,'Player List'!$A$2:$A$177,'Player List'!$B$2:$C$177)} -> Wales | C87: Scrum Half | D87: =_xlfn.XLOOKUP(B87,$B$2:$B$7,$C$2:$C$7) -> Loss | E87: 57 | F87: 4 | G87: 1 | I87: 13 | T87: 13.6
A88: T. Faletau | B88: {=_xlfn.XLOOKUP(A88,'Player List'!$A$2:$A$177,'Player List'!$B$2:$C$177)} -> Wales | C88: Back Row | D88: =_xlfn.XLOOKUP(B88,$B$2:$B$7,$C$2:$C$7) -> Loss | E88: 28 | F88: 8 | I88: 25 | T88: 13
A89: J. Morgan | B89: {=_xlfn.XLOOKUP(A89,'Player List'!$A$2:$A$177,'Player List'!$B$2:$C$177)} -> Wales | C89: Back Row | D89: =_xlfn.XLOOKUP(B89,$B$2:$B$7,$C$2:$C$7) -> Loss | E89: 52 | F89: 11 | I89: 32 | L89: 2 | T89: 31.4
A90: T. Reffell | B90: {=_xlfn.XLOOKUP(A90,'Player List'!$A$2:$A$177,'Player List'!$B$2:$C$177)} -> Wales | C90: Back Row | D90: =_xlfn.XLOOKUP(B90,$B$2:$B$7,$C$2:$C$7) -> Loss | E90: 80 | F90: 13 | G90: 1 | I90: 20 | T90: 24
A91: A. Beard | B91: {=_xlfn.XLOOKUP(A91,'Player List'!$A$2:$A$177,'Player List'!$B$2:$C$177)} -> Wales | C91: Second Row | D91: =_xlfn.XLOOKUP(B91,$B$2:$B$7,$C$2:$C$7) -> Loss | E91: 80 | F91: 7 | I91: 22 | T91: 11.4
A92: R. Davies | B92: {=_xlfn.XLOOKUP(A92,'Player List'!$A$2:$A$177,'Player List'!$B$2:$C$177)} -> Wales | C92: Second Row | D92: =_xlfn.XLOOKUP(B92,$B$2:$B$7,$C$2:$C$7) -> Loss | E92: 14 | F92: 1 | I92: 1 | T92: 1.2
A93: D. Jenkins | B93: {=_xlfn.XLOOKUP(A93,'Player List'!$A$2:$A$177,'Player List'!$B$2:$C$177)} -> Wales | C93: Second Row | D93: =_xlfn.XLOOKUP(B93,$B$2:$B$7,$C$2:$C$7) -> Loss | E93: 66 | F93: 8 | I93: 30 | T93: 14
A94: C. Tshiunza | B94: {=_xlfn.XLOOKUP(A94,'Player List'!$A$2:$A$177,'Player List'!$B$2:$C$177)} -> Wales | C94: Second Row | D94: =_xlfn.XLOOKUP(B94,$B$2:$B$7,$C$2:$C$7) -> Loss | E94: 80 | F94: 7 | I94: 50 | K94: 1 | T94: 24
A95: L. Brown | B95: {=_xlfn.XLOOKUP(A95,'Player List'!$A$2:$A$177,'Player List'!$B$2:$C$177)} -> Wales | C95: Prop | D95: =_xlfn.XLOOKUP(B95,$B$2:$B$7,$C$2:$C$7) -> Loss | E95: 16 | F95: 1 | G95: 1 | I95: 8 | T95: 9.6
A96: R. Carre | B96: {=_xlfn.XLOOKUP(A96,'Player List'!$A$2:$A$177,'Player List'!$B$2:$C$177)} -> Wales | C96: Prop | D96: =_xlfn.XLOOKUP(B96,$B$2:$B$7,$C$2:$C$7) -> Loss | E96: 28 | F96: 2 | I96: 23 | T96: 6.6
A97: W. Jones | B97: {=_xlfn.XLOOKUP(A97,'Player List'!$A$2:$A$177,'Player List'!$B$2:$C$177)} -> Wales | C97: Prop | D97: =_xlfn.XLOOKUP(B97,$B$2:$B$7,$C$2:$C$7) -> Loss | E97: 52 | F97: 4 | G97: 1 | I97: 19 | T97: 14.8
A98: D. Lewis | B98: {=_xlfn.XLOOKUP(A98,'Player List'!$A$2:$A$177,'Player List'!$B$2:$C$177)} -> Wales | C98: Prop | D98: =_xlfn.XLOOKUP(B98,$B$2:$B$7,$C$2:$C$7) -> Loss | E98: 64 | F98: 8 | I98: 22 | T98: 12.4
A99: S. Baldwin | B99: {=_xlfn.XLOOKUP(A99,'Player List'!$A$2:$A$177,'Player List'!$B$2:$C$177)} -> Wales | C99: Hooker | D99: =_xlfn.XLOOKUP(B99,$B$2:$B$7,$C$2:$C$7) -> Loss | E99: 16 | F99: 4 | I99: 8 | T99: 5.6
A100: K. Owens | B100: {=_xlfn.XLOOKUP(A100,'Player List'!$A$2:$A$177,'Player List'!$B$2:$C$177)} -> Wales | C100: Hooker | D100: =_xlfn.XLOOKUP(B100,$B$2:$B$7,$C$2:$C$7) -> Loss | E100: 64 | F100: 9 | G100: 1 | I100: 35 | M100: 1 | T100: 38
A101: H. Arundell | B101: {=_xlfn.XLOOKUP(A101,'Player List'!$A$2:$A$177,'Player List'!$B$2:$C$177)} -> England | C101: Back Three | D101: =_xlfn.XLOOKUP(B101,$B$2:$B$7,$C$2:$C$7) -> Win | E101: 26 | F101: 1 | I101: 12 | M101: 1 | T101: 21
A102: O. Hassell-Collins | B102: {=_xlfn.XLOOKUP(A102,'Player List'!$A$2:$A$177,'Player List'!$B$2:$C$177)} -> England | C102: Back Three | D102: =_xlfn.XLOOKUP(B102,$B$2:$B$7,$C$2:$C$7) -> Win | E102: 54 | F102: 4 | I102: 17 | T102: 12.8
...

Sheet Round 3 Data
B2: Scotland | C2: Loss | E2: Italy | F2: 20 | G2: 34 | H2: Ireland
B3: Wales | C3: Loss | E3: Wales | F3: 10 | G3: 20 | H3: England
B4: Ireland | C4: Win | E4: France | F4: 32 | G4: 21 | H4: Scotland
B5: England | C5: Win
B6: France | C6: Win
B7: Italy | C7: Loss
A9: Name | B9: Nation | C9: Position | D9: Win/Loss | E9: Time Played | F9: Tackles | G9: Dominant Tackles | H9: Line Breaks | I9: Metres Carried | J9: 50-22 | K9: Lineout Steal | L9: Breakdown Steal | M9: Try | N9: Assists | O9: Conversion | P9: Penalty | Q9: Drop Goal | R9: Yellow Card | S9: Red Card | T9: Game Total | U9: MoM | V9: Total Points
A10: M. Hansen | B10: {=_xlfn.XLOOKUP(A10,'Player List'!$A$2:$A$177,'Player List'!$B$2:$C$177)} -> Ireland | C10: Back Three | D10: =_xlfn.XLOOKUP(B10,$B$2:$B$7,$C$2:$C$7) -> Win | E10: 80 | F10: 2 | H10: 3 | I10: 75 | L10: 1 | M10: 2 | T10: 98 | U10: 1
A11: H. Keenan | B11: {=_xlfn.XLOOKUP(A11,'Player List'!$A$2:$A$177,'Player List'!$B$2:$C$177)} -> Ireland | C11: Back Three | D11: =_xlfn.XLOOKUP(B11,$B$2:$B$7,$C$2:$C$7) -> Win | E11: 80 | F11: 3 | G11: 1 | I11: 124 | M11: 1 | T11: 57.8
A12: J. Lowe | B12: {=_xlfn.XLOOKUP(A12,'Player List'!$A$2:$A$177,'Player List'!$B$2:$C$177)} -> Ireland | C12: Back Three | D12: =_xlfn.XLOOKUP(B12,$B$2:$B$7,$C$2:$C$7) -> Win | E12: 80 | F12: 1 | G12: 2 | H12: 4 | I12: 131 | N12: 2 | T12: 91.2
A13: J. O'Brien | B13: {=_xlfn.XLOOKUP(A13,'Player List'!$A$2:$A$177,'Player List'!$B$2:$C$177)} -> Ireland | C13: Back Three | D13: =_xlfn.XLOOKUP(B13,$B$2:$B$7,$C$2:$C$7) -> Win | E13: 8 | T13: 0.8
A14: B. Aki | B14: {=_xlfn.XLOOKUP(A14,'Player List'!$A$2:$A$177,'Player List'!$B$2:$C$177)} -> Ireland | C14: Centre | D14: =_xlfn.XLOOKUP(B14,$B$2:$B$7,$C$2:$C$7) -> Win | E14: 80 | F14: 7 | H14: 1 | I14: 107 | L14: 1 | M14: 1 | N14: 1 | T14: 72.4
A15: S. McCloskey | B15: {=_xlfn.XLOOKUP(A15,'Player List'!$A$2:$A$177,'Player List'!$B$2:$C$177)} -> Ireland | C15: Centre | D15: =_xlfn.XLOOKUP(B15,$B$2:$B$7,$C$2:$C$7) -> Win | E15: 72 | F15: 14 | I15: 69 | N15: 1 | T15: 42
A16: R. Byrne | B16: {=_xlfn.XLOOKUP(A16,'Player List'!$A$2:$A$177,'Player List'!$B$2:$C$177)} -> Ireland | C16: Fly Half | D16: =_xlfn.XLOOKUP(B16,$B$2:$B$7,$C$2:$C$7) -> Win | E16: 78 | F16: 4 | I16: 12 | O16: 3 | P16: 1 | T16: 25.2
A17: J. Crowley | B17: {=_xlfn.XLOOKUP(A17,'Player List'!$A$2:$A$177,'Player List'!$B$2:$C$177)} -> Ireland | C17: Fly Half | D17: =_xlfn.XLOOKUP(B17,$B$2:$B$7,$C$2:$C$7) -> Win | E17: 2 | F17: 2 | T17: 2.2
A18: C. Casey | B18: {=_xlfn.XLOOKUP(A18,'Player List'!$A$2:$A$177,'Player List'!$B$2:$C$177)} -> Ireland | C18: Scrum Half | D18: =_xlfn.XLOOKUP(B18,$B$2:$B$7,$C$2:$C$7) -> Win | E18: 65 | F18: 2 | I18: 4 | T18: 9.3
A19: C. Murray | B19: {=_xlfn.XLOOKUP(A19,'Player List'!$A$2:$A$177,'Player List'!$B$2:$C$177)} -> Ireland | C19: Scrum Half | D19: =_xlfn.XLOOKUP(B19,$B$2:$B$7,$C$2:$C$7) -> Win | E19: 15 | F19: 1 | I19: 6 | N19: 1 | T19: 10.7
A20: J. Conan | B20: {=_xlfn.XLOOKUP(A20,'Player List'!$A$2:$A$177,'Player List'!$B$2:$C$177)} -> Ireland | C20: Back Row | D20: =_xlfn.XLOOKUP(B20,$B$2:$B$7,$C$2:$C$7) -> Win | E20: 56 | F20: 4 | I20: 42 | T20: 18
A21: C. Doris | B21: {=_xlfn.XLOOKUP(A21,'Player List'!$A$2:$A$177,'Player List'!$B$2:$C$177)} -> Ireland | C21: Back Row | D21: =_xlfn.XLOOKUP(B21,$B$2:$B$7,$C$2:$C$7) -> Win | E21: 80 | F21: 10 | G21: 1 | I21: 43 | L21: 1 | T21: 40.6
A22: P. O'Mahony | B22: {=_xlfn.XLOOKUP(A22,'Player List'!$A$2:$A$177,'Player List'!$B$2:$C$177)} -> Ireland | C22: Back Row | D22: =_xlfn.XLOOKUP(B22,$B$2:$B$7,$C$2:$C$7) -> Win | E22: 24 | F22: 4 | G22: 1 | I22: 4 | T22: 14.2
A23: J. van der Flier | B23: {=_xlfn.XLOOKUP(A23,'Player List'!$A$2:$A$177,'Player List'!$B$2:$C$177)} -> Ireland | C23: Back Row | D23: =_xlfn.XLOOKUP(B23,$B$2:$B$7,$C$2:$C$7) -> Win | E23: 80 | F23: 12 | H23: 1 | I23: 52 | T23: 37.4
A24: R. Baird | B24: {=_xlfn.XLOOKUP(A24,'Player List'!$A$2:$A$177,'Player List'!$B$2:$C$177)} -> Ireland | C24: Second Row | D24: =_xlfn.XLOOKUP(B24,$B$2:$B$7,$C$2:$C$7) -> Win | E24: 28 | F24: 1 | G24: 1 | I24: 8 | K24: 1 | L24: 1 | T24: 26.4
A25: I. Henderson | B25: {=_xlfn.XLOOKUP(A25,'Player List'!$A$2:$A$177,'Player List'!$B$2:$C$177)} -> Ireland | C25: Second Row | D25: =_xlfn.XLOOKUP(B25,$B$2:$B$7,$C$2:$C$7) -> Win | E25: 52 | F25: 7 | I25: 13 | T25: 14.8
A26: J. Ryan | B26: {=_xlfn.XLOOKUP(A26,'Player List'!$A$2:$A$177,'Player List'!$B$2:$C$177)} -> Ireland | C26: Second Row | D26: =_xlfn.XLOOKUP(B26,$B$2:$B$7,$C$2:$C$7) -> Win | E26: 80 | F26: 9 | G26: 1 | I26: 53 | M26: 1 | T26: 49.6
A27: F. Bealham | B27: {=_xlfn.XLOOKUP(A27,'Player List'!$A$2:$A$177,'Player List'!$B$2:$C$177)} -> Ireland | C27: Prop | D27: =_xlfn.XLOOKUP(B27,$B$2:$B$7,$C$2:$C$7) -> Win | E27: 37 | F27: 2 | G27: 1 | I27: 1 | T27: 12.9
A28: D. Kilcoyne | B28: {=_xlfn.XLOOKUP(A28,'Player List'!$A$2:$A$177,'Player List'!$B$2:$C$177)} -> Ireland | C28: Prop | D28: =_xlfn.XLOOKUP(B28,$B$2:$B$7,$C$2:$C$7) -> Win | E28: 15 | G28: 1 | I28: 7 | T28: 9.9
A29: T. O'Toole | B29: {=_xlfn.XLOOKUP(A29,'Player List'!$A$2:$A$177,'Player List'!$B$2:$C$177)} -> Ireland | C29: Prop | D29: =_xlfn.XLOOKUP(B29,$B$2:$B$7,$C$2:$C$7) -> Win | E29: 43 | F29: 6 | I29: 24 | L29: 1 | T29: 22.1
A30: A. Porter | B30: {=_xlfn.XLOOKUP(A30,'Player List'!$A$2:$A$177,'Player List'!$B$2:$C$177)} -> Ireland | C30: Prop | D30: =_xlfn.XLOOKUP(B30,$B$2:$B$7,$C$2:$C$7) -> Win | E30: 65 | F30: 3 | I30: 10 | L30: 1 | T30: 18.5
A31: R. Kelleher | B31: {=_xlfn.XLOOKUP(A31,'Player List'!$A$2:$A$177,'Player List'!$B$2:$C$177)} -> Ireland | C31: Hooker | D31: =_xlfn.XLOOKUP(B31,$B$2:$B$7,$C$2:$C$7) -> Win | E31: 56 | F31: 9 | I31: 23 | L31: 1 | T31: 26.2
A32: D. Sheehan | B32: {=_xlfn.XLOOKUP(A32,'Player List'!$A$2:$A$177,'Player List'!$B$2:$C$177)} -> Ireland | C32: Hooker | D32: =_xlfn.XLOOKUP(B32,$B$2:$B$7,$C$2:$C$7) -> Win | E32: 24 | F32: 2 | G32: 2 | I32: 5 | T32: 19.4
A33: P. Bruno | B33: {=_xlfn.XLOOKUP(A33,'Player List'!$A$2:$A$177,'Player List'!$B$2:$C$177)} -> Italy | C33: Back Three | D33: =_xlfn.XLOOKUP(B33,$B$2:$B$7,$C$2:$C$7) -> Loss | E33: 80 | F33: 3 | H33: 1 | I33: 176 | M33: 1 | T33: 60.2
A34: A. Capuozzo | B34: {=_xlfn.XLOOKUP(A34,'Player List'!$A$2:$A$177,'Player List'!$B$2:$C$177)} -> Italy | C34: Back Three | D34: =_xlfn.XLOOKUP(B34,$B$2:$B$7,$C$2:$C$7) -> Loss | E34: 80 | F34: 3 | G34: 1 | H34: 1 | I34: 60 | L34: 1 | T34: 36
A35: A. Fusco | B35: {=_xlfn.XLOOKUP(A35,'Player List'!$A$2:$A$177,'Player List'!$B$2:$C$177)} -> Italy | C35: Back Three | D35: =_xlfn.XLOOKUP(B35,$B$2:$B$7,$C$2:$C$7) -> Loss | E35: 13 | T35: 0
A36: T. Menoncello | B36: {=_xlfn.XLOOKUP(A36,'Player List'!$A$2:$A$177,'Player List'!$B$2:$C$177)} -> Italy | C36: Back Three | D36: =_xlfn.XLOOKUP(B36,$B$2:$B$7,$C$2:$C$7) -> Loss | E36: 78 | F36: 12 | H36: 1 | I36: 72 | T36: 33.4
A37: E. Padovani | B37: {=_xlfn.XLOOKUP(A37,'Player List'!$A$2:$A$177,'Player List'!$B$2:$C$177)} -> Italy | C37: Back Three | D37: =_xlfn.XLOOKUP(B37,$B$2:$B$7,$C$2:$C$7) -> Loss | E37: 80 | I37: 51 | T37: 10.2
A38: J. Brex | B38: {=_xlfn.XLOOKUP(A38,'Player List'!$A$2:$A$177,'Player List'!$B$2:$C$177)} -> Italy | C38: Centre | D38: =_xlfn.XLOOKUP(B38,$B$2:$B$7,$C$2:$C$7) -> Loss | E38: 80 | F38: 8 | G38: 1 | I38: 26 | T38: 20.2
A39: L. Morisi | B39: {=_xlfn.XLOOKUP(A39,'Player List'!$A$2:$A$177,'Player List'!$B$2:$C$177)} -> Italy | C39: Centre | D39: =_xlfn.XLOOKUP(B39,$B$2:$B$7,$C$2:$C$7) -> Loss | E39: 2 | F39: 1 | T39: 1
A40: T. Allan | B40: {=_xlfn.XLOOKUP(A40,'Player List'!$A$2:$A$177,'Player List'!$B$2:$C$177)} -> Italy | C40: Fly Half | D40: =_xlfn.XLOOKUP(B40,$B$2:$B$7,$C$2:$C$7) -> Loss | E40: 8 | F40: 1 | I40: 14 | T40: 3.8
A41: P. Garbisi | B41: {=_xlfn.XLOOKUP(A41,'Player List'!$A$2:$A$177,'Player List'!$B$2:$C$177)} -> Italy | C41: Fly Half | D41: =_xlfn.XLOOKUP(B41,$B$2:$B$7,$C$2:$C$7) -> Loss | E41: 72 | F41: 5 | I41: 42 | O41: 2 | P41: 2 | T41: 27.4
A42: S. Varney | B42: {=_xlfn.XLOOKUP(A42,'Player List'!$A$2:$A$177,'Player List'!$B$2:$C$177)} -> Italy | C42: Scrum Half | D42: =_xlfn.XLOOKUP(B42,$B$2:$B$7,$C$2:$C$7) -> Loss | E42: 67 | F42: 1 | G42: 1 | I42: 12 | M42: 1 | T42: 25.4
A43: E. Iachizzi | B43: {=_xlfn.XLOOKUP(A43,'Player List'!$A$2:$A$177,'Player List'!$B$2:$C$177)} -> Italy | C43: Back Row | D43: =_xlfn.XLOOKUP(B43,$B$2:$B$7,$C$2:$C$7) -> Loss | E43: 15 | F43: 4 | G43: 1 | T43: 11
A44: M. Lamaro | B44: {=_xlfn.XLOOKUP(A44,'Player List'!$A$2:$A$177,'Player List'!$B$2:$C$177)} -> Italy | C44: Back Row | D44: =_xlfn.XLOOKUP(B44,$B$2:$B$7,$C$2:$C$7) -> Loss | E44: 80 | F44: 12 | G44: 2 | I44: 19 | T44: 29.8
A45: S. Negri | B45: {=_xlfn.XLOOKUP(A45,'Player List'!$A$2:$A$177,'Player List'!$B$2:$C$177)} -> Italy | C45: Back Row | D45: =_xlfn.XLOOKUP(B45,$B$2:$B$7,$C$2:$C$7) -> Loss | E45: 80 | F45: 11 | G45: 1 | I45: 54 | T45: 28.8
A46: G. Pettinelli | B46: {=_xlfn.XLOOKUP(A46,'Player List'!$A$2:$A$177,'Player List'!$B$2:$C$177)} -> Italy | C46: Back Row | D46: =_xlfn.XLOOKUP(B46,$B$2:$B$7,$C$2:$C$7) -> Loss | E46: 15 | F46: 4 | H46: 1 | I46: 33 | T46: 17.6
A47: N. Cannone | B47: {=_xlfn.XLOOKUP(A47,'Player List'!$A$2:$A$177,'Player List'!$B$2:$C$177)} -> Italy | C47: Second Row | D47: =_xlfn.XLOOKUP(B47,$B$2:$B$7,$C$2:$C$7) -> Loss | E47: 65 | F47: 12 | G47: 1 | I47: 16 | T47: 22.2
A48: L. Cannone | B48: {=_xlfn.XLOOKUP(A48,'Player List'!$A$2:$A$177,'Player List'!$B$2:$C$177)} -> Italy | C48: Second Row | D48: =_xlfn.XLOOKUP(B48,$B$2:$B$7,$C$2:$C$7) -> Loss | E48: 65 | F48: 13 | G48: 2 | H48: 2 | I48: 102 | T48: 61.4
A49: F. Ruzza | B49: {=_xlfn.XLOOKUP(A49,'Player List'!$A$2:$A$177,'Player List'!$B$2:$C$177)} -> Italy | C49: Second Row | D49: =_xlfn.XLOOKUP(B49,$B$2:$B$7,$C$2:$C$7) -> Loss | E49: 80 | F49: 9 | G49: 1 | I49: 5 | K49: 1 | T49: 24
A50: S. Ferrari | B50: {=_xlfn.XLOOKUP(A50,'Player List'!$A$2:$A$177,'Player List'!$B$2:$C$177)} -> Italy | C50: Prop | D50: =_xlfn.XLOOKUP(B50,$B$2:$B$7,$C$2:$C$7) -> Loss | E50: 47 | F50: 8 | I50: 6 | T50: 9.2
A51: D. Fischetti | B51: {=_xlfn.XLOOKUP(A51,'Player List'!$A$2:$A$177,'Player List'!$B$2:$C$177)} -> Italy | C51: Prop | D51: =_xlfn.XLOOKUP(B51,$B$2:$B$7,$C$2:$C$7) -> Loss | E51: 60 | F51: 10 | G51: 3 | I51: 28 | T51: 36.6
A52: M. Riccioni | B52: {=_xlfn.XLOOKUP(A52,'Player List'!$A$2:$A$177,'Player List'!$B$2:$C$177)} -> Italy | C52: Prop | D52: =_xlfn.XLOOKUP(B52,$B$2:$B$7,$C$2:$C$7) -> Loss | E52: 33 | F52: 9 | G52: 1 | T52: 16
A53: F. Zani | B53: {=_xlfn.XLOOKUP(A53,'Player List'!$A$2:$A$177,'Player List'!$B$2:$C$177)} -> Italy | C53: Prop | D53: =_xlfn.XLOOKUP(B53,$B$2:$B$7,$C$2:$C$7) -> Loss | E53: 20 | F53: 5 | G53: 1 | I53: 1 | T53: 12.2
A54: L. Bigi | B54: {=_xlfn.XLOOKUP(A54,'Player List'!$A$2:$A$177,'Player List'!$B$2:$C$177)} -> Italy | C54: Hooker | D54: =_xlfn.XLOOKUP(B54,$B$2:$B$7,$C$2:$C$7) -> Loss | E54: 29 | F54: 11 | G54: 1 | I54: 6 | T54: 19.2
A55: G. Nicotera | B55: {=_xlfn.XLOOKUP(A55,'Player List'!$A$2:$A$177,'Player List'!$B$2:$C$177)} -> Italy | C55: Hooker | D55: =_xlfn.XLOOKUP(B55,$B$2:$B$7,$C$2:$C$7) -> Loss | E55: 51 | F55: 7 | G55: 1 | I55: 22 | T55: 18.4
A56: J. Adams | B56: {=_xlfn.XLOOKUP(A56,'Player List'!$A$2:$A$177,'Player List'!$B$2:$C$177)} -> Wales | C56: Back Three | D56: =_xlfn.XLOOKUP(B56,$B$2:$B$7,$C$2:$C$7) -> Loss | E56: 54 | F56: 6 | I56: 17 | T56: 9.4
A57: L. Halfpenny | B57: {=_xlfn.XLOOKUP(A57,'Player List'!$A$2:$A$177,'Player List'!$B$2:$C$177)} -> Wales | C57: Back Three | D57: =_xlfn.XLOOKUP(B57,$B$2:$B$7,$C$2:$C$7) -> Loss | E57: 80 | F57: 3 | I57: 60 | O57: 1 | P57: 1 | T57: 22
A58: L. Rees-Zammit | B58: {=_xlfn.XLOOKUP(A58,'Player List'!$A$2:$A$177,'Player List'!$B$2:$C$177)} -> Wales | C58: Back Three | D58: =_xlfn.XLOOKUP(B58,$B$2:$B$7,$C$2:$C$7) -> Loss | E58: 80 | F58: 2 | G58: 2 | H58: 3 | I58: 125 | M58: 1 | T58: 77
A59: M. Grady | B59: {=_xlfn.XLOOKUP(A59,'Player List'!$A$2:$A$177,'Player List'!$B$2:$C$177)} -> Wales | C59: Centre | D59: =_xlfn.XLOOKUP(B59,$B$2:$B$7,$C$2:$C$7) -> Loss | E59: 80 | F59: 8 | I59: 48 | T59: 17.6
A60: J. Hawkins | B60: {=_xlfn.XLOOKUP(A60,'Player List'!$A$2:$A$177,'Player List'!$B$2:$C$177)} -> Wales | C60: Centre | D60: =_xlfn.XLOOKUP(B60,$B$2:$B$7,$C$2:$C$7) -> Loss | E60: 80 | F60: 6 | I60: 79 | T60: 21.8
A61: N. Tompkins | B61: {=_xlfn.XLOOKUP(A61,'Player List'!$A$2:$A$177,'Player List'!$B$2:$C$177)} -> Wales | C61: Centre | D61: =_xlfn.XLOOKUP(B61,$B$2:$B$7,$C$2:$C$7) -> Loss | E61: 26 | F61: 5 | I61: 29 | T61: 10.8
A62: D. Biggar | B62: {=_xlfn.XLOOKUP(A62,'Player List'!$A$2:$A$177,'Player List'!$B$2:$C$177)} -> Wales | C62: Fly Half | D62: =_xlfn.XLOOKUP(B62,$B$2:$B$7,$C$2:$C$7) -> Loss | E62: 26 | F62: 4 | T62: 4
A63: O. Williams | B63: {=_xlfn.XLOOKUP(A63,'Player List'!$A$2:$A$177,'Player List'!$B$2:$C$177)} -> Wales | C63: Fly Half | D63: =_xlfn.XLOOKUP(B63,$B$2:$B$7,$C$2:$C$7) -> Loss | E63: 54 | F63: 6 | I63: 24 | T63: 10.8
A64: K. Hardy | B64: {=_xlfn.XLOOKUP(A64,'Player List'!$A$2:$A$177,'Player List'!$B$2:$C$177)} -> Wales | C64: Scrum Half | D64: =_xlfn.XLOOKUP(B64,$B$2:$B$7,$C$2:$C$7) -> Loss | E64: 11 | F64: 4 | T64: 4
A65: T. Williams | B65: {=_xlfn.XLOOKUP(A65,'Player List'!$A$2:$A$177,'Player List'!$B$2:$C$177)} -> Wales | C65: Scrum Half | D65: =_xlfn.XLOOKUP(B65,$B$2:$B$7,$C$2:$C$7) -> Loss | E65: 69 | F65: 2 | I65: 26 | T65: 7.2
A66: T. Faletau | B66: {=_xlfn.XLOOKUP(A66,'Player List'!$A$2:$A$177,'Player List'!$B$2:$C$177)} -> Wales | C66: Back Row | D66: =_xlfn.XLOOKUP(B66,$B$2:$B$7,$C$2:$C$7) -> Loss | E66: 80 | F66: 11 | I66: 55 | L66: 2 | T66: 36
A67: T. Reffell | B67: {=_xlfn.XLOOKUP(A67,'Player List'!$A$2:$A$177,'Player List'!$B$2:$C$177)} -> Wales | C67: Back Row | D67: =_xlfn.XLOOKUP(B67,$B$2:$B$7,$C$2:$C$7) -> Loss | E67: 17 | F67: 3 | I67: 25 | T67: 8
A68: J. Tipuric | B68: {=_xlfn.XLOOKUP(A68,'Player List'!$A$2:$A$177,'Player List'!$B$2:$C$177)} -> Wales | C68: Back Row | D68: =_xlfn.XLOOKUP(B68,$B$2:$B$7,$C$2:$C$7) -> Loss | E68: 80 | F68: 15 | G68: 2 | I68: 31 | L68: 1 | T68: 42.2
A69: A. Beard | B69: {=_xlfn.XLOOKUP(A69,'Player List'!$A$2:$A$177,'Player List'!$B$2:$C$177)} -> Wales | C69: Second Row | D69: =_xlfn.XLOOKUP(B69,$B$2:$B$7,$C$2:$C$7) -> Loss | E69: 80 | F69: 13 | G69: 1 | I69: 24 | L69: 1 | T69: 31.8
A70: D. Jenkins | B70: {=_xlfn.XLOOKUP(A70,'Player List'!$A$2:$A$177,'Player List'!$B$2:$C$177)} -> Wales | C70: Second Row | D70: =_xlfn.XLOOKUP(B70,$B$2:$B$7,$C$2:$C$7) -> Loss | E70: 17 | F70: 4 | I70: 8 | T70: 5.6
A71: A. Jones | B71: {=_xlfn.XLOOKUP(A71,'Player List'!$A$2:$A$177,'Player List'!$B$2:$C$177)} -> Wales | C71: Second Row | D71: =_xlfn.XLOOKUP(B71,$B$2:$B$7,$C$2:$C$7) -> Loss | E71: 63 | F71: 9 | G71: 1 | I71: 12 | K71: 1 | L71: 1 | T71: 32.4
A72: C. Tshiunza | B72: {=_xlfn.XLOOKUP(A72,'Player List'!$A$2:$A$177,'Player List'!$B$2:$C$177)} -> Wales | C72: Second Row | D72: =_xlfn.XLOOKUP(B72,$B$2:$B$7,$C$2:$C$7) -> Loss | E72: 63 | F72: 13 | G72: 1 | I72: 28 | T72: 25.6
A73: R. Carre | B73: {=_xlfn.XLOOKUP(A73,'Player List'!$A$2:$A$177,'Player List'!$B$2:$C$177)} -> Wales | C73: Prop | D73: =_xlfn.XLOOKUP(B73,$B$2:$B$7,$C$2:$C$7) -> Loss | E73: 24 | F73: 3 | I73: 24 | T73: 7.8
A74: T. Francis | B74: {=_xlfn.XLOOKUP(A74,'Player List'!$A$2:$A$177,'Player List'!$B$2:$C$177)} -> Wales | C74: Prop | D74: =_xlfn.XLOOKUP(B74,$B$2:$B$7,$C$2:$C$7) -> Loss | E74: 56 | F74: 11 | I74: 7 | T74: 12.4
A75: D. Lewis | B75: {=_xlfn.XLOOKUP(A75,'Player List'!$A$2:$A$177,'Player List'!$B$2:$C$177)} -> Wales | C75: Prop | D75: =_xlfn.XLOOKUP(B75,$B$2:$B$7,$C$2:$C$7) -> Loss | E75: 24 | F75: 2 | I75: 3 | T75: 2.6
A76: G. Thomas | B76: {=_xlfn.XLOOKUP(A76,'Player List'!$A$2:$A$177,'Player List'!$B$2:$C$177)} -> Wales | C76: Prop | D76: =_xlfn.XLOOKUP(B76,$B$2:$B$7,$C$2:$C$7) -> Loss | E76: 56 | F76: 11 | H76: 1 | I76: 29 | T76: 23.8
A77: K. Owens | B77: {=_xlfn.XLOOKUP(A77,'Player List'!$A$2:$A$177,'Player List'!$B$2:$C$177)} -> Wales | C77: Hooker | D77: =_xlfn.XLOOKUP(B77,$B$2:$B$7,$C$2:$C$7) -> Loss | E77: 69 | F77: 8 | G77: 1 | I77: 29 | T77: 20.8
A78: B. Roberts | B78: {=_xlfn.XLOOKUP(A78,'Player List'!$A$2:$A$177,'Player List'!$B$2:$C$177)} -> Wales | C78: Hooker | D78: =_xlfn.XLOOKUP(B78,$B$2:$B$7,$C$2:$C$7) -> Loss | E78: 11 | F78: 3 | I78: 5 | T78: 4
A79: H. Arundell | B79: {=_xlfn.XLOOKUP(A79,'Player List'!$A$2:$A$177,'Player List'!$B$2:$C$177)} -> England | C79: Back Three | D79: =_xlfn.XLOOKUP(B79,$B$2:$B$7,$C$2:$C$7) -> Win | E79: 1 | I79: 12 | T79: 2.5
A80: M. Malins | B80: {=_xlfn.XLOOKUP(A80,'Player List'!$A$2:$A$177,'Player List'!$B$2:$C$177)} -> England | C80: Back Three | D80: =_xlfn.XLOOKUP(B80,$B$2:$B$7,$C$2:$C$7) -> Win | E80: 80 | F80: 11 | G80: 1 | H80: 1 | I80: 66 | T80: 46.2
A81: F. Steward | B81: {=_xlfn.XLOOKUP(A81,'Player List'!$A$2:$A$177,'Player List'!$B$2:$C$177)} -> England | C81: Back Three | D81: =_xlfn.XLOOKUP(B81,$B$2:$B$7,$C$2:$C$7) -> Win | E81: 80 | F81: 3 | G81: 1 | I81: 94 | N81: 1 | T81: 58.8 | U81: 1
A82: A. Watson | B82: {=_xlfn.XLOOKUP(A82,'Player List'!$A$2:$A$177,'Player List'!$B$2:$C$177)} -> England | C82: Back Three | D82: =_xlfn.XLOOKUP(B82,$B$2:$B$7,$C$2:$C$7) -> Win | E82: 80 | F82: 3 | G82: 1 | H82: 2 | I82: 58 | M82: 1 | T82: 58.6
A83: O. Farrell | B83: {=_xlfn.XLOOKUP(A83,'Player List'!$A$2:$A$177,'Player List'!$B$2:$C$177)} -> England | C83: Centre | D83: =_xlfn.XLOOKUP(B83,$B$2:$B$7,$C$2:$C$7) -> Win | E83: 80 | F83: 17 | I83: 23 | L83: 2 | O83: 1 | P83: 1 | T83: 50.6
A84: O. Lawrence | B84: {=_xlfn.XLOOKUP(A84,'Player List'!$A$2:$A$177,'Player List'!$B$2:$C$177)} -> England | C84: Centre | D84: =_xlfn.XLOOKUP(B84,$B$2:$B$7,$C$2:$C$7) -> Win | E84: 80 | F84: 7 | G84: 2 | H84: 1 | I84: 86 | L84: 1 | M84: 1 | T84: 75.2
A85: H. Slade | B85: {=_xlfn.XLOOKUP(A85,'Player List'!$A$2:$A$177,'Player List'!$B$2:$C$177)} -> England | C85: Centre | D85: =_xlfn.XLOOKUP(B85,$B$2:$B$7,$C$2:$C$7) -> Win | E85: 80 | F85: 5 | H85: 3 | I85: 41 | T85: 42.2
A86: M. Smith | B86: {=_xlfn.XLOOKUP(A86,'Player List'!$A$2:$A$177,'Player List'!$B$2:$C$177)} -> England | C86: Fly Half | D86: =_xlfn.XLOOKUP(B86,$B$2:$B$7,$C$2:$C$7) -> Win | E86: 1 | I86: 7 | T86: 1.5
A87: A. Mitchell | B87: {=_xlfn.XLOOKUP(A87,'Player List'!$A$2:$A$177,'Player List'!$B$2:$C$177)} -> England | C87: Scrum Half | D87: =_xlfn.XLOOKUP(B87,$B$2:$B$7,$C$2:$C$7) -> Win | E87: 8 | F87: 1 | T87: 1.8
A88: J. van Poortvliet | B88: {=_xlfn.XLOOKUP(A88,'Player List'!$A$2:$A$177,'Player List'!$B$2:$C$177)} -> England | C88: Scrum Half | D88: =_xlfn.XLOOKUP(B88,$B$2:$B$7,$C$2:$C$7) -> Win | E88: 72 | F88: 7 | I88: 6 | T88: 15.4
A89: B. Curry | B89: {=_xlfn.XLOOKUP(A89,'Player List'!$A$2:$A$177,'Player List'!$B$2:$C$177)} -> England | C89: Back Row | D89: =_xlfn.XLOOKUP(B89,$B$2:$B$7,$C$2:$C$7) -> Win | E89: 21 | F89: 4 | G89: 1 | I89: 16 | L89: 1 | T89: 23.3
A90: A. Dombrandt | B90: {=_xlfn.XLOOKUP(A90,'Player List'!$A$2:$A$177,'Player List'!$B$2:$C$177)} -> England | C90: Back Row | D90: =_xlfn.XLOOKUP(B90,$B$2:$B$7,$C$2:$C$7) -> Win | E90: 69 | F90: 6 | H90: 1 | I90: 56 | N90: 1 | T90: 38.1
A91: L. Ludlam | B91: {=_xlfn.XLOOKUP(A91,'Player List'!$A$2:$A$177,'Player List'!$B$2:$C$177)} -> England | C91: Back Row | D91: =_xlfn.XLOOKUP(B91,$B$2:$B$7,$C$2:$C$7) -> Win | E91: 80 | F91: 13 | G91: 2 | I91: 25 | L91: 1 | T91: 47
A92: J. Willis | B92: {=_xlfn.XLOOKUP(A92,'Player List'!$A$2:$A$177,'Player List'!$B$2:$C$177)} -> England | C92: Back Row | D92: =_xlfn.XLOOKUP(B92,$B$2:$B$7,$C$2:$C$7) -> Win | E92: 59 | F92: 7 | G92: 2 | I92: 11 | L92: 1 | T92: 36.1
A93: O. Chessum | B93: {=_xlfn.XLOOKUP(A93,'Player List'!$A$2:$A$177,'Player List'!$B$2:$C$177)} -> England | C93: Second Row | D93: =_xlfn.XLOOKUP(B93,$B$2:$B$7,$C$2:$C$7) -> Win | E93: 80 | F93: 9 | G93: 3 | I93: 5 | T93: 39
A94: M. Itoje | B94: {=_xlfn.XLOOKUP(A94,'Player List'!$A$2:$A$177,'Player List'!$B$2:$C$177)} -> England | C94: Second Row | D94: =_xlfn.XLOOKUP(B94,$B$2:$B$7,$C$2:$C$7) -> Win | E94: 80 | F94: 16 | G94: 2 | I94: 16 | N94: 1 | T94: 48.2
A95: C. Lawes | B95: {=_xlfn.XLOOKUP(A95,'Player List'!$A$2:$A$177,'Player List'!$B$2:$C$177)} -> England | C95: Second Row | D95: =_xlfn.XLOOKUP(B95,$B$2:$B$7,$C$2:$C$7) -> Win | E95: 11 | F95: 1 | I95: 6 | T95: 3.3
A96: D. Cole | B96: {=_xlfn.XLOOKUP(A96,'Player List'!$A$2:$A$177,'Player List'!$B$2:$C$177)} -> England | C96: Prop | D96: =_xlfn.XLOOKUP(B96,$B$2:$B$7,$C$2:$C$7) -> Win | E96: 16 | F96: 3 | I96: 6 | T96: 5.8
A97: E. Genge | B97: {=_xlfn.XLOOKUP(A97,'Player List'!$A$2:$A$177,'Player List'!$B$2:$C$177)} -> England | C97: Prop | D97: =_xlfn.XLOOKUP(B97,$B$2:$B$7,$C$2:$C$7) -> Win | E97: 54 | F97: 9 | G97: 1 | I97: 61 | T97: 33.6
A98: K. Sinckler | B98: {=_xlfn.XLOOKUP(A98,'Player List'!$A$2:$A$177,'Player List'!$B$2:$C$177)} -> England | C98: Prop | D98: =_xlfn.XLOOKUP(B98,$B$2:$B$7,$C$2:$C$7) -> Win | E98: 64 | F98: 11 | G98: 1 | I98: 24 | M98: 1 | T98: 44.2
A99: M. Vunipola | B99: {=_xlfn.XLOOKUP(A99,'Player List'!$A$2:$A$177,'Player List'!$B$2:$C$177)} -> England | C99: Prop | D99: =_xlfn.XLOOKUP(B99,$B$2:$B$7,$C$2:$C$7) -> Win | E99: 26 | F99: 5 | I99: 18 | T99: 11.2
A100: J. George | B100: {=_xlfn.XLOOKUP(A100,'Player List'!$A$2:$A$177,'Player List'!$B$2:$C$177)} -> England | C100: Hooker | D100: =_xlfn.XLOOKUP(B100,$B$2:$B$7,$C$2:$C$7) -> Win | E100: 80 | F100: 15 | G100: 1 | I100: 18 | T100: 33.6
A101: J. Walker | B101: {=_xlfn.XLOOKUP(A101,'Player List'!$A$2:$A$177,'Player List'!$B$2:$C$177)} -> England | C101: Hooker | D101: =_xlfn.XLOOKUP(B101,$B$2:$B$7,$C$2:$C$7) -> Win | E101: 1 | T101: 0.1
A102: D. Penaud | B102: {=_xlfn.XLOOKUP(A102,'Player List'!$A$2:$A$177,'Player List'!$B$2:$C$177)} -> France | C102: Back Three | D102: =_xlfn.XLOOKUP(B102,$B$2:$B$7,$C$2:$C$7) -> Win | E102: 80 | F102: 3 | I102: 24 | T102: 15.8
...

Sheet Round 4 Data
B2: Scotland | C2: Loss | E2: Italy | F2: 17 | G2: 29 | H2: Wales
B3: Wales | C3: Win | E3: England | F3: 53 | G3: 10 | H3: France
B4: Ireland | C4: Win | E4: Scotland | F4: 7 | G4: 22 | H4: Ireland
B5: England | C5: Loss
B6: France | C6: Win
B7: Italy | C7: Loss
A9: Name | B9: Nation | C9: Position | D9: Win/Loss | E9: Time Played | F9: Tackles | G9: Dominant Tackles | H9: Line Breaks | I9: Metres Carried | J9: 50-22 | K9: Lineout Steal | L9: Breakdown Steal | M9: Try | N9: Assists | O9: Conversion | P9: Penalty | Q9: Drop Goal | R9: Yellow Card | S9: Red Card | T9: Game Total | U9: MoM | V9: Total Points
A10: P. Bruno | B10: {=_xlfn.XLOOKUP(A10,'Player List'!$A$2:$A$177,'Player List'!$B$2:$C$177)} -> Italy | C10: Back Three | D10: =_xlfn.XLOOKUP(B10,$B$2:$B$7,$C$2:$C$7) -> Loss | E10: 69 | F10: 2 | I10: 29 | N10: 1 | R10: 1 | T10: 9.8
A11: A. Fusco | B11: {=_xlfn.XLOOKUP(A11,'Player List'!$A$2:$A$177,'Player List'!$B$2:$C$177)} -> Italy | C11: Back Three | D11: =_xlfn.XLOOKUP(B11,$B$2:$B$7,$C$2:$C$7) -> Loss | E11: 24 | H11: 1 | I11: 50 | T11: 17
A12: T. Menoncello | B12: {=_xlfn.XLOOKUP(A12,'Player List'!$A$2:$A$177,'Player List'!$B$2:$C$177)} -> Italy | C12: Back Three | D12: =_xlfn.XLOOKUP(B12,$B$2:$B$7,$C$2:$C$7) -> Loss | E12: 59 | F12: 7 | G12: 1 | H12: 1 | I12: 79 | T12: 36.8
A13: E. Padovani | B13: {=_xlfn.XLOOKUP(A13,'Player List'!$A$2:$A$177,'Player List'!$B$2:$C$177)} -> Italy | C13: Back Three | D13: =_xlfn.XLOOKUP(B13,$B$2:$B$7,$C$2:$C$7) -> Loss | E13: 80 | F13: 1 | G13: 1 | H13: 1 | I13: 51 | T13: 25.2
A14: J. Brex | B14: {=_xlfn.XLOOKUP(A14,'Player List'!$A$2:$A$177,'Player List'!$B$2:$C$177)} -> Italy | C14: Centre | D14: =_xlfn.XLOOKUP(B14,$B$2:$B$7,$C$2:$C$7) -> Loss | E14: 80 | F14: 2 | H14: 1 | I14: 90 | M14: 1 | T14: 42
A15: L. Morisi | B15: {=_xlfn.XLOOKUP(A15,'Player List'!$A$2:$A$177,'Player List'!$B$2:$C$177)} -> Italy | C15: Centre | D15: =_xlfn.XLOOKUP(B15,$B$2:$B$7,$C$2:$C$7) -> Loss | E15: 21 | I15: 24 | T15: 4.8
A16: T. Allan | B16: {=_xlfn.XLOOKUP(A16,'Player List'!$A$2:$A$177,'Player List'!$B$2:$C$177)} -> Italy | C16: Fly Half | D16: =_xlfn.XLOOKUP(B16,$B$2:$B$7,$C$2:$C$7) -> Loss | E16: 80 | H16: 3 | I16: 78 | N16: 1 | O16: 2 | P16: 1 | T16: 52.6
A17: P. Garbisi | B17: {=_xlfn.XLOOKUP(A17,'Player List'!$A$2:$A$177,'Player List'!$B$2:$C$177)} -> Italy | C17: Fly Half | D17: =_xlfn.XLOOKUP(B17,$B$2:$B$7,$C$2:$C$7) -> Loss | E17: 80 | F17: 6 | H17: 1 | I17: 37 | T17: 20.4
A18: S. Varney | B18: {=_xlfn.XLOOKUP(A18,'Player List'!$A$2:$A$177,'Player List'!$B$2:$C$177)} -> Italy | C18: Scrum Half | D18: =_xlfn.XLOOKUP(B18,$B$2:$B$7,$C$2:$C$7) -> Loss | E18: 56 | F18: 3 | I18: 38 | T18: 10.6
A19: E. Iachizzi | B19: {=_xlfn.XLOOKUP(A19,'Player List'!$A$2:$A$177,'Player List'!$B$2:$C$177)} -> Italy | C19: Back Row | D19: =_xlfn.XLOOKUP(B19,$B$2:$B$7,$C$2:$C$7) -> Loss | E19: 20 | F19: 1 | H19: 1 | I19: 28 | L19: 1 | T19: 20.6
A20: M. Lamaro | B20: {=_xlfn.XLOOKUP(A20,'Player List'!$A$2:$A$177,'Player List'!$B$2:$C$177)} -> Italy | C20: Back Row | D20: =_xlfn.XLOOKUP(B20,$B$2:$B$7,$C$2:$C$7) -> Loss | E20: 77 | F20: 7 | I20: 24 | T20: 11.8
A21: S. Negri | B21: {=_xlfn.XLOOKUP(A21,'Player List'!$A$2:$A$177,'Player List'!$B$2:$C$177)} -> Italy | C21: Back Row | D21: =_xlfn.XLOOKUP(B21,$B$2:$B$7,$C$2:$C$7) -> Loss | E21: 52 | F21: 5 | H21: 1 | I21: 50 | M21: 1 | T21: 37
A22: G. Pettinelli | B22: {=_xlfn.XLOOKUP(A22,'Player List'!$A$2:$A$177,'Player List'!$B$2:$C$177)} -> Italy | C22: Back Row | D22: =_xlfn.XLOOKUP(B22,$B$2:$B$7,$C$2:$C$7) -> Loss | E22: 3 | T22: 0
A23: N. Cannone | B23: {=_xlfn.XLOOKUP(A23,'Player List'!$A$2:$A$177,'Player List'!$B$2:$C$177)} -> Italy | C23: Second Row | D23: =_xlfn.XLOOKUP(B23,$B$2:$B$7,$C$2:$C$7) -> Loss | E23: 60 | F23: 3 | I23: 16 | T23: 6.2
A24: L. Cannone | B24: {=_xlfn.XLOOKUP(A24,'Player List'!$A$2:$A$177,'Player List'!$B$2:$C$177)} -> Italy | C24: Second Row | D24: =_xlfn.XLOOKUP(B24,$B$2:$B$7,$C$2:$C$7) -> Loss | E24: 71 | F24: 7 | G24: 1 | I24: 51 | R24: 1 | T24: 19.2
A25: F. Ruzza | B25: {=_xlfn.XLOOKUP(A25,'Player List'!$A$2:$A$177,'Player List'!$B$2:$C$177)} -> Italy | C25: Second Row | D25: =_xlfn.XLOOKUP(B25,$B$2:$B$7,$C$2:$C$7) -> Loss | E25: 80 | F25: 3 | I25: 35 | T25: 10
A26: M. Zuliani | B26: {=_xlfn.XLOOKUP(A26,'Player List'!$A$2:$A$177,'Player List'!$B$2:$C$177)} -> Italy | C26: Second Row | D26: =_xlfn.XLOOKUP(B26,$B$2:$B$7,$C$2:$C$7) -> Loss | E26: 28 | F26: 1 | H26: 1 | I26: 36 | L26: 1 | T26: 22.2
A27: S. Ferrari | B27: {=_xlfn.XLOOKUP(A27,'Player List'!$A$2:$A$177,'Player List'!$B$2:$C$177)} -> Italy | C27: Prop | D27: =_xlfn.XLOOKUP(B27,$B$2:$B$7,$C$2:$C$7) -> Loss | E27: 42 | F27: 4 | G27: 1 | T27: 11
A28: D. Fischetti | B28: {=_xlfn.XLOOKUP(A28,'Player List'!$A$2:$A$177,'Player List'!$B$2:$C$177)} -> Italy | C28: Prop | D28: =_xlfn.XLOOKUP(B28,$B$2:$B$7,$C$2:$C$7) -> Loss | E28: 62 | F28: 5 | I28: 39 | T28: 12.8
A29: M. Riccioni | B29: {=_xlfn.XLOOKUP(A29,'Player List'!$A$2:$A$177,'Player List'!$B$2:$C$177)} -> Italy | C29: Prop | D29: =_xlfn.XLOOKUP(B29,$B$2:$B$7,$C$2:$C$7) -> Loss | E29: 38 | F29: 2 | I29: 14 | T29: 4.8
A30: F. Zani | B30: {=_xlfn.XLOOKUP(A30,'Player List'!$A$2:$A$177,'Player List'!$B$2:$C$177)} -> Italy | C30: Prop | D30: =_xlfn.XLOOKUP(B30,$B$2:$B$7,$C$2:$C$7) -> Loss | E30: 18 | T30: 0
A31: L. Bigi | B31: {=_xlfn.XLOOKUP(A31,'Player List'!$A$2:$A$177,'Player List'!$B$2:$C$177)} -> Italy | C31: Hooker | D31: =_xlfn.XLOOKUP(B31,$B$2:$B$7,$C$2:$C$7) -> Loss | E31: 28 | F31: 3 | T31: 3
A32: G. Nicotera | B32: {=_xlfn.XLOOKUP(A32,'Player List'!$A$2:$A$177,'Player List'!$B$2:$C$177)} -> Italy | C32: Hooker | D32: =_xlfn.XLOOKUP(B32,$B$2:$B$7,$C$2:$C$7) -> Loss | E32: 52 | F32: 11 | I32: 17 | L32: 1 | T32: 21.4
A33: J. Adams | B33: {=_xlfn.XLOOKUP(A33,'Player List'!$A$2:$A$177,'Player List'!$B$2:$C$177)} -> Wales | C33: Back Three | D33: =_xlfn.XLOOKUP(B33,$B$2:$B$7,$C$2:$C$7) -> Win | E33: 51 | F33: 1 | G33: 1 | H33: 1 | I33: 31 | T33: 26.3
A34: R. Dyer | B34: {=_xlfn.XLOOKUP(A34,'Player List'!$A$2:$A$177,'Player List'!$B$2:$C$177)} -> Wales | C34: Back Three | D34: =_xlfn.XLOOKUP(B34,$B$2:$B$7,$C$2:$C$7) -> Win | E34: 80 | F34: 4 | G34: 1 | H34: 1 | I34: 19 | M34: 1 | T34: 44.8
A35: L. Rees-Zammit | B35: {=_xlfn.XLOOKUP(A35,'Player List'!$A$2:$A$177,'Player List'!$B$2:$C$177)} -> Wales | C35: Back Three | D35: =_xlfn.XLOOKUP(B35,$B$2:$B$7,$C$2:$C$7) -> Win | E35: 29 | F35: 3 | I35: 46 | T35: 15.1
A36: L. Williams | B36: {=_xlfn.XLOOKUP(A36,'Player List'!$A$2:$A$177,'Player List'!$B$2:$C$177)} -> Wales | C36: Back Three | D36: =_xlfn.XLOOKUP(B36,$B$2:$B$7,$C$2:$C$7) -> Win | E36: 62 | F36: 1 | H36: 1 | I36: 87 | L36: 1 | M36: 1 | T36: 53.6
A37: M. Grady | B37: {=_xlfn.XLOOKUP(A37,'Player List'!$A$2:$A$177,'Player List'!$B$2:$C$177)} -> Wales | C37: Centre | D37: =_xlfn.XLOOKUP(B37,$B$2:$B$7,$C$2:$C$7) -> Win | E37: 80 | F37: 5 | I37: 26 | T37: 18.2
A38: J. Hawkins | B38: {=_xlfn.XLOOKUP(A38,'Player List'!$A$2:$A$177,'Player List'!$B$2:$C$177)} -> Wales | C38: Centre | D38: =_xlfn.XLOOKUP(B38,$B$2:$B$7,$C$2:$C$7) -> Win | E38: 80 | F38: 3 | G38: 1 | I38: 97 | T38: 37.4
A39: G. North | B39: {=_xlfn.XLOOKUP(A39,'Player List'!$A$2:$A$177,'Player List'!$B$2:$C$177)} -> Wales | C39: Centre | D39: =_xlfn.XLOOKUP(B39,$B$2:$B$7,$C$2:$C$7) -> Win | E39: 18 | F39: 1 | T39: 2.8
A40: O. Williams | B40: {=_xlfn.XLOOKUP(A40,'Player List'!$A$2:$A$177,'Player List'!$B$2:$C$177)} -> Wales | C40: Fly Half | D40: =_xlfn.XLOOKUP(B40,$B$2:$B$7,$C$2:$C$7) -> Win | E40: 80 | F40: 8 | I40: 19 | O40: 2 | P40: 1 | T40: 28.8
A41: R. Webb | B41: {=_xlfn.XLOOKUP(A41,'Player List'!$A$2:$A$177,'Player List'!$B$2:$C$177)} -> Wales | C41: Scrum Half | D41: =_xlfn.XLOOKUP(B41,$B$2:$B$7,$C$2:$C$7) -> Win | E41: 54 | F41: 5 | G41: 1 | H41: 1 | I41: 28 | J41: 1 | N41: 2 | T41: 69 | U41: 1
A42: T. Williams | B42: {=_xlfn.XLOOKUP(A42,'Player List'!$A$2:$A$177,'Player List'!$B$2:$C$177)} -> Wales | C42: Scrum Half | D42: =_xlfn.XLOOKUP(B42,$B$2:$B$7,$C$2:$C$7) -> Win | E42: 26 | F42: 2 | T42: 4.6
A43: T. Faletau | B43: {=_xlfn.XLOOKUP(A43,'Player List'!$A$2:$A$177,'Player List'!$B$2:$C$177)} -> Wales | C43: Back Row | D43: =_xlfn.XLOOKUP(B43,$B$2:$B$7,$C$2:$C$7) -> Win | E43: 80 | F43: 12 | I43: 54 | M43: 1 | T43: 45.8
A44: J. Morgan | B44: {=_xlfn.XLOOKUP(A44,'Player List'!$A$2:$A$177,'Player List'!$B$2:$C$177)} -> Wales | C44: Back Row | D44: =_xlfn.XLOOKUP(B44,$B$2:$B$7,$C$2:$C$7) -> Win | E44: 60 | F44: 14 | I44: 19 | T44: 23.8
A45: T. Reffell | B45: {=_xlfn.XLOOKUP(A45,'Player List'!$A$2:$A$177,'Player List'!$B$2:$C$177)} -> Wales | C45: Back Row | D45: =_xlfn.XLOOKUP(B45,$B$2:$B$7,$C$2:$C$7) -> Win | E45: 20 | F45: 1 | T45: 3
A46: J. Tipuric | B46: {=_xlfn.XLOOKUP(A46,'Player List'!$A$2:$A$177,'Player List'!$B$2:$C$177)} -> Wales | C46: Back Row | D46: =_xlfn.XLOOKUP(B46,$B$2:$B$7,$C$2:$C$7) -> Win | E46: 80 | F46: 8 | G46: 1 | I46: 2 | K46: 2 | T46: 37.4
A47: A. Beard | B47: {=_xlfn.XLOOKUP(A47,'Player List'!$A$2:$A$177,'Player List'!$B$2:$C$177)} -> Wales | C47: Second Row | D47: =_xlfn.XLOOKUP(B47,$B$2:$B$7,$C$2:$C$7) -> Win | E47: 80 | F47: 5 | I47: 2 | K47: 1 | L47: 1 | T47: 27.4
A48: R. Davies | B48: {=_xlfn.XLOOKUP(A48,'Player List'!$A$2:$A$177,'Player List'!$B$2:$C$177)} -> Wales | C48: Second Row | D48: =_xlfn.XLOOKUP(B48,$B$2:$B$7,$C$2:$C$7) -> Win | E48: 11 | F48: 2 | I48: 2 | T48: 3.5
A49: D. Jenkins | B49: {=_xlfn.XLOOKUP(A49,'Player List'!$A$2:$A$177,'Player List'!$B$2:$C$177)} -> Wales | C49: Second Row | D49: =_xlfn.XLOOKUP(B49,$B$2:$B$7,$C$2:$C$7) -> Win | E49: 69 | F49: 13 | G49: 1 | I49: 1 | T49: 27.1
A50: T. Francis | B50: {=_xlfn.XLOOKUP(A50,'Player List'!$A$2:$A$177,'Player List'!$B$2:$C$177)} -> Wales | C50: Prop | D50: =_xlfn.XLOOKUP(B50,$B$2:$B$7,$C$2:$C$7) -> Win | E50: 53 | F50: 7 | I50: 5 | T50: 13.3
A51: W. Jones | B51: {=_xlfn.XLOOKUP(A51,'Player List'!$A$2:$A$177,'Player List'!$B$2:$C$177)} -> Wales | C51: Prop | D51: =_xlfn.XLOOKUP(B51,$B$2:$B$7,$C$2:$C$7) -> Win | E51: 45 | F51: 4 | I51: 15 | T51: 11.5
A52: D. Lewis | B52: {=_xlfn.XLOOKUP(A52,'Player List'!$A$2:$A$177,'Player List'!$B$2:$C$177)} -> Wales | C52: Prop | D52: =_xlfn.XLOOKUP(B52,$B$2:$B$7,$C$2:$C$7) -> Win | E52: 27 | F52: 4 | T52: 6.7
A53: G. Thomas | B53: {=_xlfn.XLOOKUP(A53,'Player List'!$A$2:$A$177,'Player List'!$B$2:$C$177)} -> Wales | C53: Prop | D53: =_xlfn.XLOOKUP(B53,$B$2:$B$7,$C$2:$C$7) -> Win | E53: 35 | F53: 3 | I53: 5 | T53: 7.5
A54: S. Baldwin | B54: {=_xlfn.XLOOKUP(A54,'Player List'!$A$2:$A$177,'Player List'!$B$2:$C$177)} -> Wales | C54: Hooker | D54: =_xlfn.XLOOKUP(B54,$B$2:$B$7,$C$2:$C$7) -> Win | E54: 6 | F54: 2 | T54: 2.6
A55: K. Owens | B55: {=_xlfn.XLOOKUP(A55,'Player List'!$A$2:$A$177,'Player List'!$B$2:$C$177)} -> Wales | C55: Hooker | D55: =_xlfn.XLOOKUP(B55,$B$2:$B$7,$C$2:$C$7) -> Win | E55: 74 | F55: 12 | I55: 12 | T55: 21.8
A56: H. Arundell | B56: {=_xlfn.XLOOKUP(A56,'Player List'!$A$2:$A$177,'Player List'!$B$2:$C$177)} -> England | C56: Back Three | D56: =_xlfn.XLOOKUP(B56,$B$2:$B$7,$C$2:$C$7) -> Loss | E56: 22 | F56: 1 | I56: 14 | T56: 3.8
A57: M. Malins | B57: {=_xlfn.XLOOKUP(A57,'Player List'!$A$2:$A$177,'Player List'!$B$2:$C$177)} -> England | C57: Back Three | D57: =_xlfn.XLOOKUP(B57,$B$2:$B$7,$C$2:$C$7) -> Loss | E57: 58 | F57: 7 | I57: 40 | T57: 15
A58: F. Steward | B58: {=_xlfn.XLOOKUP(A58,'Player List'!$A$2:$A$177,'Player List'!$B$2:$C$177)} -> England | C58: Back Three | D58: =_xlfn.XLOOKUP(B58,$B$2:$B$7,$C$2:$C$7) -> Loss | E58: 80 | F58: 2 | G58: 1 | I58: 163 | M58: 1 | T58: 56.6
A59: A. Watson | B59: {=_xlfn.XLOOKUP(A59,'Player List'!$A$2:$A$177,'Player List'!$B$2:$C$177)} -> England | C59: Back Three | D59: =_xlfn.XLOOKUP(B59,$B$2:$B$7,$C$2:$C$7) -> Loss | E59: 80 | F59: 3 | G59: 2 | I59: 48 | T59: 26.6
A60: O. Farrell | B60: {=_xlfn.XLOOKUP(A60,'Player List'!$A$2:$A$177,'Player List'!$B$2:$C$177)} -> England | C60: Centre | D60: =_xlfn.XLOOKUP(B60,$B$2:$B$7,$C$2:$C$7) -> Loss | E60: 34 | F60: 4 | I60: 44 | T60: 12.8
A61: O. Lawrence | B61: {=_xlfn.XLOOKUP(A61,'Player List'!$A$2:$A$177,'Player List'!$B$2:$C$177)} -> England | C61: Centre | D61: =_xlfn.XLOOKUP(B61,$B$2:$B$7,$C$2:$C$7) -> Loss | E61: 61 | F61: 3 | I61: 24 | T61: 7.8
A62: H. Slade | B62: {=_xlfn.XLOOKUP(A62,'Player List'!$A$2:$A$177,'Player List'!$B$2:$C$177)} -> England | C62: Centre | D62: =_xlfn.XLOOKUP(B62,$B$2:$B$7,$C$2:$C$7) -> Loss | E62: 46 | F62: 1 | I62: 15 | T62: 4
A63: M. Smith | B63: {=_xlfn.XLOOKUP(A63,'Player List'!$A$2:$A$177,'Player List'!$B$2:$C$177)} -> England | C63: Fly Half | D63: =_xlfn.XLOOKUP(B63,$B$2:$B$7,$C$2:$C$7) -> Loss | E63: 80 | F63: 10 | H63: 1 | I63: 115 | O63: 1 | P63: 1 | T63: 47
A64: A. Mitchell | B64: {=_xlfn.XLOOKUP(A64,'Player List'!$A$2:$A$177,'Player List'!$B$2:$C$177)} -> England | C64: Scrum Half | D64: =_xlfn.XLOOKUP(B64,$B$2:$B$7,$C$2:$C$7) -> Loss | E64: 34 | I64: 8 | N64: 1 | T64: 8.6
A65: J. van Poortvliet | B65: {=_xlfn.XLOOKUP(A65,'Player List'!$A$2:$A$177,'Player List'!$B$2:$C$177)} -> England | C65: Scrum Half | D65: =_xlfn.XLOOKUP(B65,$B$2:$B$7,$C$2:$C$7) -> Loss | E65: 46 | F65: 3 | I65: 4 | T65: 3.8
A66: B. Curry | B66: {=_xlfn.XLOOKUP(A66,'Player List'!$A$2:$A$177,'Player List'!$B$2:$C$177)} -> England | C66: Back Row | D66: =_xlfn.XLOOKUP(B66,$B$2:$B$7,$C$2:$C$7) -> Loss | E66: 27 | F66: 5 | I66: 11 | L66: 1 | T66: 14.2
A67: A. Dombrandt | B67: {=_xlfn.XLOOKUP(A67,'Player List'!$A$2:$A$177,'Player List'!$B$2:$C$177)} -> England | C67: Back Row | D67: =_xlfn.XLOOKUP(B67,$B$2:$B$7,$C$2:$C$7) -> Loss | E67: 75 | F67: 12 | G67: 1 | I67: 44 | T67: 27.8
A68: L. Ludlam | B68: {=_xlfn.XLOOKUP(A68,'Player List'!$A$2:$A$177,'Player List'!$B$2:$C$177)} -> England | C68: Back Row | D68: =_xlfn.XLOOKUP(B68,$B$2:$B$7,$C$2:$C$7) -> Loss | E68: 80 | F68: 11 | G68: 1 | I68: 27 | T68: 23.4
A69: J. Willis | B69: {=_xlfn.XLOOKUP(A69,'Player List'!$A$2:$A$177,'Player List'!$B$2:$C$177)} -> England | C69: Back Row | D69: =_xlfn.XLOOKUP(B69,$B$2:$B$7,$C$2:$C$7) -> Loss | E69: 53 | F69: 7 | I69: 17 | T69: 10.4
A70: O. Chessum | B70: {=_xlfn.XLOOKUP(A70,'Player List'!$A$2:$A$177,'Player List'!$B$2:$C$177)} -> England | C70: Second Row | D70: =_xlfn.XLOOKUP(B70,$B$2:$B$7,$C$2:$C$7) -> Loss | E70: 80 | F70: 4 | I70: 25 | T70: 9
A71: M. Itoje | B71: {=_xlfn.XLOOKUP(A71,'Player List'!$A$2:$A$177,'Player List'!$B$2:$C$177)} -> England | C71: Second Row | D71: =_xlfn.XLOOKUP(B71,$B$2:$B$7,$C$2:$C$7) -> Loss | E71: 80 | F71: 8 | G71: 1 | I71: 23 | L71: 2 | T71: 33.6
A72: D. Ribbans | B72: {=_xlfn.XLOOKUP(A72,'Player List'!$A$2:$A$177,'Player List'!$B$2:$C$177)} -> England | C72: Second Row | D72: =_xlfn.XLOOKUP(B72,$B$2:$B$7,$C$2:$C$7) -> Loss | E72: 5 | I72: 3 | T72: 0.6
A73: D. Cole | B73: {=_xlfn.XLOOKUP(A73,'Player List'!$A$2:$A$177,'Player List'!$B$2:$C$177)} -> England | C73: Prop | D73: =_xlfn.XLOOKUP(B73,$B$2:$B$7,$C$2:$C$7) -> Loss | E73: 15 | F73: 1 | T73: 1
A74: E. Genge | B74: {=_xlfn.XLOOKUP(A74,'Player List'!$A$2:$A$177,'Player List'!$B$2:$C$177)} -> England | C74: Prop | D74: =_xlfn.XLOOKUP(B74,$B$2:$B$7,$C$2:$C$7) -> Loss | E74: 65 | F74: 4 | G74: 1 | I74: 17 | T74: 14.4
A75: K. Sinckler | B75: {=_xlfn.XLOOKUP(A75,'Player List'!$A$2:$A$177,'Player List'!$B$2:$C$177)} -> England | C75: Prop | D75: =_xlfn.XLOOKUP(B75,$B$2:$B$7,$C$2:$C$7) -> Loss | E75: 65 | F75: 8 | G75: 1 | I75: 24 | T75: 19.8
A76: M. Vunipola | B76: {=_xlfn.XLOOKUP(A76,'Player List'!$A$2:$A$177,'Player List'!$B$2:$C$177)} -> England | C76: Prop | D76: =_xlfn.XLOOKUP(B76,$B$2:$B$7,$C$2:$C$7) -> Loss | E76: 15 | I76: 14 | T76: 2.8
A77: J. George | B77: {=_xlfn.XLOOKUP(A77,'Player List'!$A$2:$A$177,'Player List'!$B$2:$C$177)} -> England | C77: Hooker | D77: =_xlfn.XLOOKUP(B77,$B$2:$B$7,$C$2:$C$7) -> Loss | E77: 80 | F77: 6 | I77: 14 | T77: 8.8
A78: J. Walker | B78: {=_xlfn.XLOOKUP(A78,'Player List'!$A$2:$A$177,'Player List'!$B$2:$C$177)} -> England | C78: Hooker | D78: =_xlfn.XLOOKUP(B78,$B$2:$B$7,$C$2:$C$7) -> Loss | E78: 19 | F78: 3 | I78: 21 | T78: 7.2
A79: M. Jaminet | B79: {=_xlfn.XLOOKUP(A79,'Player List'!$A$2:$A$177,'Player List'!$B$2:$C$177)} -> France | C79: Back Three | D79: =_xlfn.XLOOKUP(B79,$B$2:$B$7,$C$2:$C$7) -> Win | E79: 7 | F79: 2 | I79: 11 | N79: 1 | T79: 11.9
A80: D. Penaud | B80: {=_xlfn.XLOOKUP(A80,'Player List'!$A$2:$A$177,'Player List'!$B$2:$C$177)} -> France | C80: Back Three | D80: =_xlfn.XLOOKUP(B80,$B$2:$B$7,$C$2:$C$7) -> Win | E80: 80 | F80: 4 | H80: 2 | I80: 86 | M80: 2 | T80: 73.2
A81: T. Ramos | B81: {=_xlfn.XLOOKUP(A81,'Player List'!$A$2:$A$177,'Player List'!$B$2:$C$177)} -> France | C81: Back Three | D81: =_xlfn.XLOOKUP(B81,$B$2:$B$7,$C$2:$C$7) -> Win | E81: 80 | G81: 1 | H81: 1 | I81: 96 | M81: 1 | O81: 6 | P81: 2 | T81: 93.2 | U81: 1
A82: J. Danty | B82: {=_xlfn.XLOOKUP(A82,'Player List'!$A$2:$A$177,'Player List'!$B$2:$C$177)} -> France | C82: Centre | D82: =_xlfn.XLOOKUP(B82,$B$2:$B$7,$C$2:$C$7) -> Win | E82: 65 | F82: 8 | G82: 1 | I82: 26 | L82: 1 | T82: 33.7
A83: E. Dumortier | B83: {=_xlfn.XLOOKUP(A83,'Player List'!$A$2:$A$177,'Player List'!$B$2:$C$177)} -> France | C83: Centre | D83: =_xlfn.XLOOKUP(B83,$B$2:$B$7,$C$2:$C$7) -> Win | E83: 80 | H83: 1 | I83: 50 | N83: 1 | T83: 32
A84: G. Fickou | B84: {=_xlfn.XLOOKUP(A84,'Player List'!$A$2:$A$177,'Player List'!$B$2:$C$177)} -> France | C84: Centre | D84: =_xlfn.XLOOKUP(B84,$B$2:$B$7,$C$2:$C$7) -> Win | E84: 80 | F84: 12 | G84: 1 | I84: 54 | N84: 1 | T84: 44.8
A85: Y. Moefana | B85: {=_xlfn.XLOOKUP(A85,'Player List'!$A$2:$A$177,'Player List'!$B$2:$C$177)} -> France | C85: Centre | D85: =_xlfn.XLOOKUP(B85,$B$2:$B$7,$C$2:$C$7) -> Win | E85: 15 | F85: 2 | I85: 11 | T85: 5.7
A86: R. Ntamack | B86: {=_xlfn.XLOOKUP(A86,'Player List'!$A$2:$A$177,'Player List'!$B$2:$C$177)} -> France | C86: Fly Half | D86: =_xlfn.XLOOKUP(B86,$B$2:$B$7,$C$2:$C$7) -> Win | E86: 73 | F86: 6 | I86: 16 | N86: 1 | T86: 23.5
A87: A. Dupont | B87: {=_xlfn.XLOOKUP(A87,'Player List'!$A$2:$A$177,'Player List'!$B$2:$C$177)} -> France | C87: Scrum Half | D87: =_xlfn.XLOOKUP(B87,$B$2:$B$7,$C$2:$C$7) -> Win | E87: 69 | F87: 9 | G87: 1 | H87: 1 | I87: 45 | J87: 1 | N87: 1 | T87: 55.9
A88: M. Lucu | B88: {=_xlfn.XLOOKUP(A88,'Player List'!$A$2:$A$177,'Player List'!$B$2:$C$177)} -> France | C88: Scrum Half | D88: =_xlfn.XLOOKUP(B88,$B$2:$B$7,$C$2:$C$7) -> Win | E88: 11 | I88: 2 | T88: 1.5
A89: G. Alldritt | B89: {=_xlfn.XLOOKUP(A89,'Player List'!$A$2:$A$177,'Player List'!$B$2:$C$177)} -> France | C89: Back Row | D89: =_xlfn.XLOOKUP(B89,$B$2:$B$7,$C$2:$C$7) -> Win | E89: 80 | F89: 7 | G89: 1 | H89: 1 | I89: 93 | L89: 2 | N89: 1 | T89: 68.6
A90: F. Cros | B90: {=_xlfn.XLOOKUP(A90,'Player List'!$A$2:$A$177,'Player List'!$B$2:$C$177)} -> France | C90: Back Row | D90: =_xlfn.XLOOKUP(B90,$B$2:$B$7,$C$2:$C$7) -> Win | E90: 80 | F90: 12 | G90: 1 | I90: 33 | T90: 33.6
A91: S. Macalou | B91: {=_xlfn.XLOOKUP(A91,'Player List'!$A$2:$A$177,'Player List'!$B$2:$C$177)} -> France | C91: Back Row | D91: =_xlfn.XLOOKUP(B91,$B$2:$B$7,$C$2:$C$7) -> Win | E91: 18 | F91: 2 | T91: 3.8
A92: C. Ollivon | B92: {=_xlfn.XLOOKUP(A92,'Player List'!$A$2:$A$177,'Player List'!$B$2:$C$177)} -> France | C92: Back Row | D92: =_xlfn.XLOOKUP(B92,$B$2:$B$7,$C$2:$C$7) -> Win | E92: 62 | F92: 5 | G92: 1 | H92: 1 | I92: 59 | M92: 2 | T92: 67
A93: T. Flament | B93: {=_xlfn.XLOOKUP(A93,'Player List'!$A$2:$A$177,'Player List'!$B$2:$C$177)} -> France | C93: Second Row | D93: =_xlfn.XLOOKUP(B93,$B$2:$B$7,$C$2:$C$7) -> Win | E93: 80 | F93: 9 | H93: 2 | I93: 48 | M93: 2 | T93: 70.6
A94: R. Taofifenua | B94: {=_xlfn.XLOOKUP(A94,'Player List'!$A$2:$A$177,'Player List'!$B$2:$C$177)} -> France | C94: Second Row | D94: =_xlfn.XLOOKUP(B94,$B$2:$B$7,$C$2:$C$7) -> Win | E94: 30 | F94: 7 | I94: 13 | T94: 12.6
A95: P. Willemse | B95: {=_xlfn.XLOOKUP(A95,'Player List'!$A$2:$A$177,'Player List'!$B$2:$C$177)} -> France | C95: Second Row | D95: =_xlfn.XLOOKUP(B95,$B$2:$B$7,$C$2:$C$7) -> Win | E95: 50 | F95: 8 | T95: 13
A96: D. Aldegheri | B96: {=_xlfn.XLOOKUP(A96,'Player List'!$A$2:$A$177,'Player List'!$B$2:$C$177)} -> France | C96: Prop | D96: =_xlfn.XLOOKUP(B96,$B$2:$B$7,$C$2:$C$7) -> Win | E96: 50 | F96: 6 | T96: 11
A97: C. Baille | B97: {=_xlfn.XLOOKUP(A97,'Player List'!$A$2:$A$177,'Player List'!$B$2:$C$177)} -> France | C97: Prop | D97: =_xlfn.XLOOKUP(B97,$B$2:$B$7,$C$2:$C$7) -> Win | E97: 61 | F97: 5 | I97: 38 | T97: 18.7
A98: S. Falatea | B98: {=_xlfn.XLOOKUP(A98,'Player List'!$A$2:$A$177,'Player List'!$B$2:$C$177)} -> France | C98: Prop | D98: =_xlfn.XLOOKUP(B98,$B$2:$B$7,$C$2:$C$7) -> Win | E98: 30 | F98: 2 | T98: 5
A99: R. Wardi | B99: {=_xlfn.XLOOKUP(A99,'Player List'!$A$2:$A$177,'Player List'!$B$2:$C$177)} -> France | C99: Prop | D99: =_xlfn.XLOOKUP(B99,$B$2:$B$7,$C$2:$C$7) -> Win | E99: 19 | F99: 5 | T99: 6.9
A100: J. Marchand | B100: {=_xlfn.XLOOKUP(A100,'Player List'!$A$2:$A$177,'Player List'!$B$2:$C$177)} -> France | C100: Hooker | D100: =_xlfn.XLOOKUP(B100,$B$2:$B$7,$C$2:$C$7) -> Win | E100: 61 | F100: 2 | I100: 16 | T100: 11.3
A101: P. Mauvaka | B101: {=_xlfn.XLOOKUP(A101,'Player List'!$A$2:$A$177,'Player List'!$B$2:$C$177)} -> France | C101: Hooker | D101: =_xlfn.XLOOKUP(B101,$B$2:$B$7,$C$2:$C$7) -> Win | E101: 19 | F101: 4 | I101: 1 | T101: 6.1
A102: S. Hogg | B102: {=_xlfn.XLOOKUP(A102,'Player List'!$A$2:$A$177,'Player List'!$B$2:$C$177)} -> Scotland | C102: Back Three | D102: =_xlfn.XLOOKUP(B102,$B$2:$B$7,$C$2:$C$7) -> Loss | E102: 65 | F102: 4 | I102: 65 | T102: 17
...

Sheet Summary Data
E2: Average
A3: Name | B3: Nation | C3: Position | D3: Games Played | E3: Time Played | F3: Tackles | G3: Dominant Tackles | H3: Line Breaks | I3: Metres Carried | J3: 50-22 | K3: Lineout Steal | L3: Breakdown Steal | M3: Try | N3: Assists | O3: Conversion | P3: Penalty | Q3: Drop Goal | R3: Yellow Card | S3: Red Card | T3: Total MoM
A4: J. Adams | B4: Wales | C4: Back Three | D4: =IF(_xlfn.XLOOKUP('Summary Data'!A4,'Round 1 Data'!$A$10:$A$143,'Round 1 Data'!$E$10:$E$144,0)=0,0,1)+IF(_xlfn.XLOOKUP('Summary Data'!A4,'Round 2 Data'!$A$10:$A$146,'Round 2 Data'!$E$10:$E$146,0)=0,0,1)+IF(_xlfn.XLOOKUP('Summary Data'!A4,'Round 3 Data'!$A$10:$A$145,'Round 3 Data'!$E$10:$E$145,0)=0,0,1)+IF(_xlfn.XLOOKUP('Summary Data'!A4,'Round 4 Data'!$A$10:$A$147,'Round 4 Data'!$E$10:$E$147,0)=0,0,1) -> #VALUE! | E4: =(_xlfn.XLOOKUP('Summary Data'!$A4,'Round 1 Data'!$A$10:$A$143,'Round 1 Data'!E$10:E$144,0)+_xlfn.XLOOKUP('Summary Data'!$A4,'Round 2 Data'!$A$10:$A$146,'Round 2 Data'!E$10:E$146,0)+_xlfn.XLOOKUP('Summary Data'!$A4,'Round 3 Data'!$A$10:$A$145,'Round 3 Data'!E$10:E$145,0)+_xlfn.XLOOKUP('Summary Data'!$A4,'Round 4 Data'!$A$10:$A$147,'Round 4 Data'!E$10:E$147,0))/$D4 -> #VALUE! | F4: =(_xlfn.XLOOKUP('Summary Data'!$A4,'Round 1 Data'!$A$10:$A$143,'Round 1 Data'!F$10:F$144,0)+_xlfn.XLOOKUP('Summary Data'!$A4,'Round 2 Data'!$A$10:$A$146,'Round 2 Data'!F$10:F$146,0)+_xlfn.XLOOKUP('Summary Data'!$A4,'Round 3 Data'!$A$10:$A$145,'Round 3 Data'!F$10:F$145,0)+_xlfn.XLOOKUP('Summary Data'!$A4,'Round 4 Data'!$A$10:$A$147,'Round 4 Data'!F$10:F$147,0))/$D4 -> #VALUE! | G4: =(_xlfn.XLOOKUP('Summary Data'!$A4,'Round 1 Data'!$A$10:$A$143,'Round 1 Data'!G$10:G$144,0)+_xlfn.XLOOKUP('Summary Data'!$A4,'Round 2 Data'!$A$10:$A$146,'Round 2 Data'!G$10:G$146,0)+_xlfn.XLOOKUP('Summary Data'!$A4,'Round 3 Data'!$A$10:$A$145,'Round 3 Data'!G$10:G$145,0)+_xlfn.XLOOKUP('Summary Data'!$A4,'Round 4 Data'!$A$10:$A$147,'Round 4 Data'!G$10:G$147,0))/$D4 -> #VALUE! | H4: =(_xlfn.XLOOKUP('Summary Data'!$A4,'Round 1 Data'!$A$10:$A$143,'Round 1 Data'!H$10:H$144,0)+_xlfn.XLOOKUP('Summary Data'!$A4,'Round 2 Data'!$A$10:$A$146,'Round 2 Data'!H$10:H$146,0)+_xlfn.XLOOKUP('Summary Data'!$A4,'Round 3 Data'!$A$10:$A$145,'Round 3 Data'!H$10:H$145,0)+_xlfn.XLOOKUP('Summary Data'!$A4,'Round 4 Data'!$A$10:$A$147,'Round 4 Data'!H$10:H$147,0))/$D4 -> #VALUE! | I4: =(_xlfn.XLOOKUP('Summary Data'!$A4,'Round 1 Data'!$A$10:$A$143,'Round 1 Data'!I$10:I$144,0)+_xlfn.XLOOKUP('Summary Data'!$A4,'Round 2 Data'!$A$10:$A$146,'Round 2 Data'!I$10:I$146,0)+_xlfn.XLOOKUP('Summary Data'!$A4,'Round 3 Data'!$A$10:$A$145,'Round 3 Data'!I$10:I$145,0)+_xlfn.XLOOKUP('Summary Data'!$A4,'Round 4 Data'!$A$10:$A$147,'Round 4 Data'!I$10:I$147,0))/$D4 -> #VALUE! | J4: =(_xlfn.XLOOKUP('Summary Data'!$A4,'Round 1 Data'!$A$10:$A$143,'Round 1 Data'!J$10:J$144,0)+_xlfn.XLOOKUP('Summary Data'!$A4,'Round 2 Data'!$A$10:$A$146,'Round 2 Data'!J$10:J$146,0)+_xlfn.XLOOKUP('Summary Data'!$A4,'Round 3 Data'!$A$10:$A$145,'Round 3 Data'!J$10:J$145,0)+_xlfn.XLOOKUP('Summary Data'!$A4,'Round 4 Data'!$A$10:$A$147,'Round 4 Data'!J$10:J$147,0))/$D4 -> #VALUE! | K4: =(_xlfn.XLOOKUP('Summary Data'!$A4,'Round 1 Data'!$A$10:$A$143,'Round 1 Data'!K$10:K$144,0)+_xlfn.XLOOKUP('Summary Data'!$A4,'Round 2 Data'!$A$10:$A$146,'Round 2 Data'!K$10:K$146,0)+_xlfn.XLOOKUP('Summary Data'!$A4,'Round 3 Data'!$A$10:$A$145,'Round 3 Data'!K$10:K$145,0)+_xlfn.XLOOKUP('Summary Data'!$A4,'Round 4 Data'!$A$10:$A$147,'Round 4 Data'!K$10:K$147,0))/$D4 -> #VALUE! | L4: =(_xlfn.XLOOKUP('Summary Data'!$A4,'Round 1 Data'!$A$10:$A$143,'Round 1 Data'!L$10:L$144,0)+_xlfn.XLOOKUP('Summary Data'!$A4,'Round 2 Data'!$A$10:$A$146,'Round 2 Data'!L$10:L$146,0)+_xlfn.XLOOKUP('Summary Data'!$A4,'Round 3 Data'!$A$10:$A$145,'Round 3 Data'!L$10:L$145,0)+_xlfn.XLOOKUP('Summary Data'!$A4,'Round 4 Data'!$A$10:$A$147,'Round 4 Data'!L$10:L$147,0))/$D4 -> #VALUE! | ... S4: =(_xlfn.XLOOKUP('Summary Data'!$A4,'Round 1 Data'!$A$10:$A$143,'Round 1 Data'!S$10:S$144,0)+_xlfn.XLOOKUP('Summary Data'!$A4,'Round 2 Data'!$A$10:$A$146,'Round 2 Data'!S$10:S$146,0)+_xlfn.XLOOKUP('Summary Data'!$A4,'Round 3 Data'!$A$10:$A$145,'Round 3 Data'!S$10:S$145,0)+_xlfn.XLOOKUP('Summary Data'!$A4,'Round 4 Data'!$A$10:$A$147,'Round 4 Data'!S$10:S$147,0))/$D4 -> #VALUE! | T4: =(_xlfn.XLOOKUP('Summary Data'!$A4,'Round 1 Data'!$A$10:$A$143,'Round 1 Data'!U$10:U$144,0)+_xlfn.XLOOKUP('Summary Data'!$A4,'Round 2 Data'!$A$10:$A$146,'Round 2 Data'!U$10:U$146,0)+_xlfn.XLOOKUP('Summary Data'!$A4,'Round 3 Data'!$A$10:$A$145,'Round 3 Data'!U$10:U$145,0)+_xlfn.XLOOKUP('Summary Data'!$A4,'Round 4 Data'!$A$10:$A$147,'Round 4 Data'!U$10:U$147,0)) -> #VALUE!
A5: A. Cuthbert | B5: Wales | C5: Back Three | D5: =IF(_xlfn.XLOOKUP('Summary Data'!A5,'Round 1 Data'!$A$10:$A$143,'Round 1 Data'!$E$10:$E$144,0)=0,0,1)+IF(_xlfn.XLOOKUP('Summary Data'!A5,'Round 2 Data'!$A$10:$A$146,'Round 2 Data'!$E$10:$E$146,0)=0,0,1)+IF(_xlfn.XLOOKUP('Summary Data'!A5,'Round 3 Data'!$A$10:$A$145,'Round 3 Data'!$E$10:$E$145,0)=0,0,1)+IF(_xlfn.XLOOKUP('Summary Data'!A5,'Round 4 Data'!$A$10:$A$147,'Round 4 Data'!$E$10:$E$147,0)=0,0,1) -> #VALUE! | E5: =(_xlfn.XLOOKUP('Summary Data'!$A5,'Round 1 Data'!$A$10:$A$143,'Round 1 Data'!E$10:E$144,0)+_xlfn.XLOOKUP('Summary Data'!$A5,'Round 2 Data'!$A$10:$A$146,'Round 2 Data'!E$10:E$146,0)+_xlfn.XLOOKUP('Summary Data'!$A5,'Round 3 Data'!$A$10:$A$145,'Round 3 Data'!E$10:E$145,0)+_xlfn.XLOOKUP('Summary Data'!$A5,'Round 4 Data'!$A$10:$A$147,'Round 4 Data'!E$10:E$147,0))/$D5 -> #VALUE! | F5: =(_xlfn.XLOOKUP('Summary Data'!$A5,'Round 1 Data'!$A$10:$A$143,'Round 1 Data'!F$10:F$144,0)+_xlfn.XLOOKUP('Summary Data'!$A5,'Round 2 Data'!$A$10:$A$146,'Round 2 Data'!F$10:F$146,0)+_xlfn.XLOOKUP('Summary Data'!$A5,'Round 3 Data'!$A$10:$A$145,'Round 3 Data'!F$10:F$145,0)+_xlfn.XLOOKUP('Summary Data'!$A5,'Round 4 Data'!$A$10:$A$147,'Round 4 Data'!F$10:F$147,0))/$D5 -> #VALUE! | G5: =(_xlfn.XLOOKUP('Summary Data'!$A5,'Round 1 Data'!$A$10:$A$143,'Round 1 Data'!G$10:G$144,0)+_xlfn.XLOOKUP('Summary Data'!$A5,'Round 2 Data'!$A$10:$A$146,'Round 2 Data'!G$10:G$146,0)+_xlfn.XLOOKUP('Summary Data'!$A5,'Round 3 Data'!$A$10:$A$145,'Round 3 Data'!G$10:G$145,0)+_xlfn.XLOOKUP('Summary Data'!$A5,'Round 4 Data'!$A$10:$A$147,'Round 4 Data'!G$10:G$147,0))/$D5 -> #VALUE! | H5: =(_xlfn.XLOOKUP('Summary Data'!$A5,'Round 1 Data'!$A$10:$A$143,'Round 1 Data'!H$10:H$144,0)+_xlfn.XLOOKUP('Summary Data'!$A5,'Round 2 Data'!$A$10:$A$146,'Round 2 Data'!H$10:H$146,0)+_xlfn.XLOOKUP('Summary Data'!$A5,'Round 3 Data'!$A$10:$A$145,'Round 3 Data'!H$10:H$145,0)+_xlfn.XLOOKUP('Summary Data'!$A5,'Round 4 Data'!$A$10:$A$147,'Round 4 Data'!H$10:H$147,0))/$D5 -> #VALUE! | I5: =(_xlfn.XLOOKUP('Summary Data'!$A5,'Round 1 Data'!$A$10:$A$143,'Round 1 Data'!I$10:I$144,0)+_xlfn.XLOOKUP('Summary Data'!$A5,'Round 2 Data'!$A$10:$A$146,'Round 2 Data'!I$10:I$146,0)+_xlfn.XLOOKUP('Summary Data'!$A5,'Round 3 Data'!$A$10:$A$145,'Round 3 Data'!I$10:I$145,0)+_xlfn.XLOOKUP('Summary Data'!$A5,'Round 4 Data'!$A$10:$A$147,'Round 4 Data'!I$10:I$147,0))/$D5 -> #VALUE! | J5: =(_xlfn.XLOOKUP('Summary Data'!$A5,'Round 1 Data'!$A$10:$A$143,'Round 1 Data'!J$10:J$144,0)+_xlfn.XLOOKUP('Summary Data'!$A5,'Round 2 Data'!$A$10:$A$146,'Round 2 Data'!J$10:J$146,0)+_xlfn.XLOOKUP('Summary Data'!$A5,'Round 3 Data'!$A$10:$A$145,'Round 3 Data'!J$10:J$145,0)+_xlfn.XLOOKUP('Summary Data'!$A5,'Round 4 Data'!$A$10:$A$147,'Round 4 Data'!J$10:J$147,0))/$D5 -> #VALUE! | K5: =(_xlfn.XLOOKUP('Summary Data'!$A5,'Round 1 Data'!$A$10:$A$143,'Round 1 Data'!K$10:K$144,0)+_xlfn.XLOOKUP('Summary Data'!$A5,'Round 2 Data'!$A$10:$A$146,'Round 2 Data'!K$10:K$146,0)+_xlfn.XLOOKUP('Summary Data'!$A5,'Round 3 Data'!$A$10:$A$145,'Round 3 Data'!K$10:K$145,0)+_xlfn.XLOOKUP('Summary Data'!$A5,'Round 4 Data'!$A$10:$A$147,'Round 4 Data'!K$10:K$147,0))/$D5 -> #VALUE! | L5: =(_xlfn.XLOOKUP('Summary Data'!$A5,'Round 1 Data'!$A$10:$A$143,'Round 1 Data'!L$10:L$144,0)+_xlfn.XLOOKUP('Summary Data'!$A5,'Round 2 Data'!$A$10:$A$146,'Round 2 Data'!L$10:L$146,0)+_xlfn.XLOOKUP('Summary Data'!$A5,'Round 3 Data'!$A$10:$A$145,'Round 3 Data'!L$10:L$145,0)+_xlfn.XLOOKUP('Summary Data'!$A5,'Round 4 Data'!$A$10:$A$147,'Round 4 Data'!L$10:L$147,0))/$D5 -> #VALUE! | ... S5: =(_xlfn.XLOOKUP('Summary Data'!$A5,'Round 1 Data'!$A$10:$A$143,'Round 1 Data'!S$10:S$144,0)+_xlfn.XLOOKUP('Summary Data'!$A5,'Round 2 Data'!$A$10:$A$146,'Round 2 Data'!S$10:S$146,0)+_xlfn.XLOOKUP('Summary Data'!$A5,'Round 3 Data'!$A$10:$A$145,'Round 3 Data'!S$10:S$145,0)+_xlfn.XLOOKUP('Summary Data'!$A5,'Round 4 Data'!$A$10:$A$147,'Round 4 Data'!S$10:S$147,0))/$D5 -> #VALUE! | T5: =(_xlfn.XLOOKUP('Summary Data'!$A5,'Round 1 Data'!$A$10:$A$143,'Round 1 Data'!U$10:U$144,0)+_xlfn.XLOOKUP('Summary Data'!$A5,'Round 2 Data'!$A$10:$A$146,'Round 2 Data'!U$10:U$146,0)+_xlfn.XLOOKUP('Summary Data'!$A5,'Round 3 Data'!$A$10:$A$145,'Round 3 Data'!U$10:U$145,0)+_xlfn.XLOOKUP('Summary Data'!$A5,'Round 4 Data'!$A$10:$A$147,'Round 4 Data'!U$10:U$147,0)) -> #VALUE!
A6: R. Dyer | B6: Wales | C6: Back Three | D6: =IF(_xlfn.XLOOKUP('Summary Data'!A6,'Round 1 Data'!$A$10:$A$143,'Round 1 Data'!$E$10:$E$144,0)=0,0,1)+IF(_xlfn.XLOOKUP('Summary Data'!A6,'Round 2 Data'!$A$10:$A$146,'Round 2 Data'!$E$10:$E$146,0)=0,0,1)+IF(_xlfn.XLOOKUP('Summary Data'!A6,'Round 3 Data'!$A$10:$A$145,'Round 3 Data'!$E$10:$E$145,0)=0,0,1)+IF(_xlfn.XLOOKUP('Summary Data'!A6,'Round 4 Data'!$A$10:$A$147,'Round 4 Data'!$E$10:$E$147,0)=0,0,1) -> #VALUE! | E6: =(_xlfn.XLOOKUP('Summary Data'!$A6,'Round 1 Data'!$A$10:$A$143,'Round 1 Data'!E$10:E$144,0)+_xlfn.XLOOKUP('Summary Data'!$A6,'Round 2 Data'!$A$10:$A$146,'Round 2 Data'!E$10:E$146,0)+_xlfn.XLOOKUP('Summary Data'!$A6,'Round 3 Data'!$A$10:$A$145,'Round 3 Data'!E$10:E$145,0)+_xlfn.XLOOKUP('Summary Data'!$A6,'Round 4 Data'!$A$10:$A$147,'Round 4 Data'!E$10:E$147,0))/$D6 -> #VALUE! | F6: =(_xlfn.XLOOKUP('Summary Data'!$A6,'Round 1 Data'!$A$10:$A$143,'Round 1 Data'!F$10:F$144,0)+_xlfn.XLOOKUP('Summary Data'!$A6,'Round 2 Data'!$A$10:$A$146,'Round 2 Data'!F$10:F$146,0)+_xlfn.XLOOKUP('Summary Data'!$A6,'Round 3 Data'!$A$10:$A$145,'Round 3 Data'!F$10:F$145,0)+_xlfn.XLOOKUP('Summary Data'!$A6,'Round 4 Data'!$A$10:$A$147,'Round 4 Data'!F$10:F$147,0))/$D6 -> #VALUE! | G6: =(_xlfn.XLOOKUP('Summary Data'!$A6,'Round 1 Data'!$A$10:$A$143,'Round 1 Data'!G$10:G$144,0)+_xlfn.XLOOKUP('Summary Data'!$A6,'Round 2 Data'!$A$10:$A$146,'Round 2 Data'!G$10:G$146,0)+_xlfn.XLOOKUP('Summary Data'!$A6,'Round 3 Data'!$A$10:$A$145,'Round 3 Data'!G$10:G$145,0)+_xlfn.XLOOKUP('Summary Data'!$A6,'Round 4 Data'!$A$10:$A$147,'Round 4 Data'!G$10:G$147,0))/$D6 -> #VALUE! | H6: =(_xlfn.XLOOKUP('Summary Data'!$A6,'Round 1 Data'!$A$10:$A$143,'Round 1 Data'!H$10:H$144,0)+_xlfn.XLOOKUP('Summary Data'!$A6,'Round 2 Data'!$A$10:$A$146,'Round 2 Data'!H$10:H$146,0)+_xlfn.XLOOKUP('Summary Data'!$A6,'Round 3 Data'!$A$10:$A$145,'Round 3 Data'!H$10:H$145,0)+_xlfn.XLOOKUP('Summary Data'!$A6,'Round 4 Data'!$A$10:$A$147,'Round 4 Data'!H$10:H$147,0))/$D6 -> #VALUE! | I6: =(_xlfn.XLOOKUP('Summary Data'!$A6,'Round 1 Data'!$A$10:$A$143,'Round 1 Data'!I$10:I$144,0)+_xlfn.XLOOKUP('Summary Data'!$A6,'Round 2 Data'!$A$10:$A$146,'Round 2 Data'!I$10:I$146,0)+_xlfn.XLOOKUP('Summary Data'!$A6,'Round 3 Data'!$A$10:$A$145,'Round 3 Data'!I$10:I$145,0)+_xlfn.XLOOKUP('Summary Data'!$A6,'Round 4 Data'!$A$10:$A$147,'Round 4 Data'!I$10:I$147,0))/$D6 -> #VALUE! | J6: =(_xlfn.XLOOKUP('Summary Data'!$A6,'Round 1 Data'!$A$10:$A$143,'Round 1 Data'!J$10:J$144,0)+_xlfn.XLOOKUP('Summary Data'!$A6,'Round 2 Data'!$A$10:$A$146,'Round 2 Data'!J$10:J$146,0)+_xlfn.XLOOKUP('Summary Data'!$A6,'Round 3 Data'!$A$10:$A$145,'Round 3 Data'!J$10:J$145,0)+_xlfn.XLOOKUP('Summary Data'!$A6,'Round 4 Data'!$A$10:$A$147,'Round 4 Data'!J$10:J$147,0))/$D6 -> #VALUE! | K6: =(_xlfn.XLOOKUP('Summary Data'!$A6,'Round 1 Data'!$A$10:$A$143,'Round 1 Data'!K$10:K$144,0)+_xlfn.XLOOKUP('Summary Data'!$A6,'Round 2 Data'!$A$10:$A$146,'Round 2 Data'!K$10:K$146,0)+_xlfn.XLOOKUP('Summary Data'!$A6,'Round 3 Data'!$A$10:$A$145,'Round 3 Data'!K$10:K$145,0)+_xlfn.XLOOKUP('Summary Data'!$A6,'Round 4 Data'!$A$10:$A$147,'Round 4 Data'!K$10:K$147,0))/$D6 -> #VALUE! | L6: =(_xlfn.XLOOKUP('Summary Data'!$A6,'Round 1 Data'!$A$10:$A$143,'Round 1 Data'!L$10:L$144,0)+_xlfn.XLOOKUP('Summary Data'!$A6,'Round 2 Data'!$A$10:$A$146,'Round 2 Data'!L$10:L$146,0)+_xlfn.XLOOKUP('Summary Data'!$A6,'Round 3 Data'!$A$10:$A$145,'Round 3 Data'!L$10:L$145,0)+_xlfn.XLOOKUP('Summary Data'!$A6,'Round 4 Data'!$A$10:$A$147,'Round 4 Data'!L$10:L$147,0))/$D6 -> #VALUE! | ... S6: =(_xlfn.XLOOKUP('Summary Data'!$A6,'Round 1 Data'!$A$10:$A$143,'Round 1 Data'!S$10:S$144,0)+_xlfn.XLOOKUP('Summary Data'!$A6,'Round 2 Data'!$A$10:$A$146,'Round 2 Data'!S$10:S$146,0)+_xlfn.XLOOKUP('Summary Data'!$A6,'Round 3 Data'!$A$10:$A$145,'Round 3 Data'!S$10:S$145,0)+_xlfn.XLOOKUP('Summary Data'!$A6,'Round 4 Data'!$A$10:$A$147,'Round 4 Data'!S$10:S$147,0))/$D6 -> #VALUE! | T6: =(_xlfn.XLOOKUP('Summary Data'!$A6,'Round 1 Data'!$A$10:$A$143,'Round 1 Data'!U$10:U$144,0)+_xlfn.XLOOKUP('Summary Data'!$A6,'Round 2 Data'!$A$10:$A$146,'Round 2 Data'!U$10:U$146,0)+_xlfn.XLOOKUP('Summary Data'!$A6,'Round 3 Data'!$A$10:$A$145,'Round 3 Data'!U$10:U$145,0)+_xlfn.XLOOKUP('Summary Data'!$A6,'Round 4 Data'!$A$10:$A$147,'Round 4 Data'!U$10:U$147,0)) -> #VALUE!
A7: L. Williams | B7: Wales | C7: Back Three | D7: =IF(_xlfn.XLOOKUP('Summary Data'!A7,'Round 1 Data'!$A$10:$A$143,'Round 1 Data'!$E$10:$E$144,0)=0,0,1)+IF(_xlfn.XLOOKUP('Summary Data'!A7,'Round 2 Data'!$A$10:$A$146,'Round 2 Data'!$E$10:$E$146,0)=0,0,1)+IF(_xlfn.XLOOKUP('Summary Data'!A7,'Round 3 Data'!$A$10:$A$145,'Round 3 Data'!$E$10:$E$145,0)=0,0,1)+IF(_xlfn.XLOOKUP('Summary Data'!A7,'Round 4 Data'!$A$10:$A$147,'Round 4 Data'!$E$10:$E$147,0)=0,0,1) -> #VALUE! | E7: =(_xlfn.XLOOKUP('Summary Data'!$A7,'Round 1 Data'!$A$10:$A$143,'Round 1 Data'!E$10:E$144,0)+_xlfn.XLOOKUP('Summary Data'!$A7,'Round 2 Data'!$A$10:$A$146,'Round 2 Data'!E$10:E$146,0)+_xlfn.XLOOKUP('Summary Data'!$A7,'Round 3 Data'!$A$10:$A$145,'Round 3 Data'!E$10:E$145,0)+_xlfn.XLOOKUP('Summary Data'!$A7,'Round 4 Data'!$A$10:$A$147,'Round 4 Data'!E$10:E$147,0))/$D7 -> #VALUE! | F7: =(_xlfn.XLOOKUP('Summary Data'!$A7,'Round 1 Data'!$A$10:$A$143,'Round 1 Data'!F$10:F$144,0)+_xlfn.XLOOKUP('Summary Data'!$A7,'Round 2 Data'!$A$10:$A$146,'Round 2 Data'!F$10:F$146,0)+_xlfn.XLOOKUP('Summary Data'!$A7,'Round 3 Data'!$A$10:$A$145,'Round 3 Data'!F$10:F$145,0)+_xlfn.XLOOKUP('Summary Data'!$A7,'Round 4 Data'!$A$10:$A$147,'Round 4 Data'!F$10:F$147,0))/$D7 -> #VALUE! | G7: =(_xlfn.XLOOKUP('Summary Data'!$A7,'Round 1 Data'!$A$10:$A$143,'Round 1 Data'!G$10:G$144,0)+_xlfn.XLOOKUP('Summary Data'!$A7,'Round 2 Data'!$A$10:$A$146,'Round 2 Data'!G$10:G$146,0)+_xlfn.XLOOKUP('Summary Data'!$A7,'Round 3 Data'!$A$10:$A$145,'Round 3 Data'!G$10:G$145,0)+_xlfn.XLOOKUP('Summary Data'!$A7,'Round 4 Data'!$A$10:$A$147,'Round 4 Data'!G$10:G$147,0))/$D7 -> #VALUE! | H7: =(_xlfn.XLOOKUP('Summary Data'!$A7,'Round 1 Data'!$A$10:$A$143,'Round 1 Data'!H$10:H$144,0)+_xlfn.XLOOKUP('Summary Data'!$A7,'Round 2 Data'!$A$10:$A$146,'Round 2 Data'!H$10:H$146,0)+_xlfn.XLOOKUP('Summary Data'!$A7,'Round 3 Data'!$A$10:$A$145,'Round 3 Data'!H$10:H$145,0)+_xlfn.XLOOKUP('Summary Data'!$A7,'Round 4 Data'!$A$10:$A$147,'Round 4 Data'!H$10:H$147,0))/$D7 -> #VALUE! | I7: =(_xlfn.XLOOKUP('Summary Data'!$A7,'Round 1 Data'!$A$10:$A$143,'Round 1 Data'!I$10:I$144,0)+_xlfn.XLOOKUP('Summary Data'!$A7,'Round 2 Data'!$A$10:$A$146,'Round 2 Data'!I$10:I$146,0)+_xlfn.XLOOKUP('Summary Data'!$A7,'Round 3 Data'!$A$10:$A$145,'Round 3 Data'!I$10:I$145,0)+_xlfn.XLOOKUP('Summary Data'!$A7,'Round 4 Data'!$A$10:$A$147,'Round 4 Data'!I$10:I$147,0))/$D7 -> #VALUE! | J7: =(_xlfn.XLOOKUP('Summary Data'!$A7,'Round 1 Data'!$A$10:$A$143,'Round 1 Data'!J$10:J$144,0)+_xlfn.XLOOKUP('Summary Data'!$A7,'Round 2 Data'!$A$10:$A$146,'Round 2 Data'!J$10:J$146,0)+_xlfn.XLOOKUP('Summary Data'!$A7,'Round 3 Data'!$A$10:$A$145,'Round 3 Data'!J$10:J$145,0)+_xlfn.XLOOKUP('Summary Data'!$A7,'Round 4 Data'!$A$10:$A$147,'Round 4 Data'!J$10:J$147,0))/$D7 -> #VALUE! | K7: =(_xlfn.XLOOKUP('Summary Data'!$A7,'Round 1 Data'!$A$10:$A$143,'Round 1 Data'!K$10:K$144,0)+_xlfn.XLOOKUP('Summary Data'!$A7,'Round 2 Data'!$A$10:$A$146,'Round 2 Data'!K$10:K$146,0)+_xlfn.XLOOKUP('Summary Data'!$A7,'Round 3 Data'!$A$10:$A$145,'Round 3 Data'!K$10:K$145,0)+_xlfn.XLOOKUP('Summary Data'!$A7,'Round 4 Data'!$A$10:$A$147,'Round 4 Data'!K$10:K$147,0))/$D7 -> #VALUE! | L7: =(_xlfn.XLOOKUP('Summary Data'!$A7,'Round 1 Data'!$A$10:$A$143,'Round 1 Data'!L$10:L$144,0)+_xlfn.XLOOKUP('Summary Data'!$A7,'Round 2 Data'!$A$10:$A$146,'Round 2 Data'!L$10:L$146,0)+_xlfn.XLOOKUP('Summary Data'!$A7,'Round 3 Data'!$A$10:$A$145,'Round 3 Data'!L$10:L$145,0)+_xlfn.XLOOKUP('Summary Data'!$A7,'Round 4 Data'!$A$10:$A$147,'Round 4 Data'!L$10:L$147,0))/$D7 -> #VALUE! | ... S7: =(_xlfn.XLOOKUP('Summary Data'!$A7,'Round 1 Data'!$A$10:$A$143,'Round 1 Data'!S$10:S$144,0)+_xlfn.XLOOKUP('Summary Data'!$A7,'Round 2 Data'!$A$10:$A$146,'Round 2 Data'!S$10:S$146,0)+_xlfn.XLOOKUP('Summary Data'!$A7,'Round 3 Data'!$A$10:$A$145,'Round 3 Data'!S$10:S$145,0)+_xlfn.XLOOKUP('Summary Data'!$A7,'Round 4 Data'!$A$10:$A$147,'Round 4 Data'!S$10:S$147,0))/$D7 -> #VALUE! | T7: =(_xlfn.XLOOKUP('Summary Data'!$A7,'Round 1 Data'!$A$10:$A$143,'Round 1 Data'!U$10:U$144,0)+_xlfn.XLOOKUP('Summary Data'!$A7,'Round 2 Data'!$A$10:$A$146,'Round 2 Data'!U$10:U$146,0)+_xlfn.XLOOKUP('Summary Data'!$A7,'Round 3 Data'!$A$10:$A$145,'Round 3 Data'!U$10:U$145,0)+_xlfn.XLOOKUP('Summary Data'!$A7,'Round 4 Data'!$A$10:$A$147,'Round 4 Data'!U$10:U$147,0)) -> #VALUE!
A8: J. Hawkins | B8: Wales | C8: Centre | D8: =IF(_xlfn.XLOOKUP('Summary Data'!A8,'Round 1 Data'!$A$10:$A$143,'Round 1 Data'!$E$10:$E$144,0)=0,0,1)+IF(_xlfn.XLOOKUP('Summary Data'!A8,'Round 2 Data'!$A$10:$A$146,'Round 2 Data'!$E$10:$E$146,0)=0,0,1)+IF(_xlfn.XLOOKUP('Summary Data'!A8,'Round 3 Data'!$A$10:$A$145,'Round 3 Data'!$E$10:$E$145,0)=0,0,1)+IF(_xlfn.XLOOKUP('Summary Data'!A8,'Round 4 Data'!$A$10:$A$147,'Round 4 Data'!$E$10:$E$147,0)=0,0,1) -> #VALUE! | E8: =(_xlfn.XLOOKUP('Summary Data'!$A8,'Round 1 Data'!$A$10:$A$143,'Round 1 Data'!E$10:E$144,0)+_xlfn.XLOOKUP('Summary Data'!$A8,'Round 2 Data'!$A$10:$A$146,'Round 2 Data'!E$10:E$146,0)+_xlfn.XLOOKUP('Summary Data'!$A8,'Round 3 Data'!$A$10:$A$145,'Round 3 Data'!E$10:E$145,0)+_xlfn.XLOOKUP('Summary Data'!$A8,'Round 4 Data'!$A$10:$A$147,'Round 4 Data'!E$10:E$147,0))/$D8 -> #VALUE! | F8: =(_xlfn.XLOOKUP('Summary Data'!$A8,'Round 1 Data'!$A$10:$A$143,'Round 1 Data'!F$10:F$144,0)+_xlfn.XLOOKUP('Summary Data'!$A8,'Round 2 Data'!$A$10:$A$146,'Round 2 Data'!F$10:F$146,0)+_xlfn.XLOOKUP('Summary Data'!$A8,'Round 3 Data'!$A$10:$A$145,'Round 3 Data'!F$10:F$145,0)+_xlfn.XLOOKUP('Summary Data'!$A8,'Round 4 Data'!$A$10:$A$147,'Round 4 Data'!F$10:F$147,0))/$D8 -> #VALUE! | G8: =(_xlfn.XLOOKUP('Summary Data'!$A8,'Round 1 Data'!$A$10:$A$143,'Round 1 Data'!G$10:G$144,0)+_xlfn.XLOOKUP('Summary Data'!$A8,'Round 2 Data'!$A$10:$A$146,'Round 2 Data'!G$10:G$146,0)+_xlfn.XLOOKUP('Summary Data'!$A8,'Round 3 Data'!$A$10:$A$145,'Round 3 Data'!G$10:G$145,0)+_xlfn.XLOOKUP('Summary Data'!$A8,'Round 4 Data'!$A$10:$A$147,'Round 4 Data'!G$10:G$147,0))/$D8 -> #VALUE! | H8: =(_xlfn.XLOOKUP('Summary Data'!$A8,'Round 1 Data'!$A$10:$A$143,'Round 1 Data'!H$10:H$144,0)+_xlfn.XLOOKUP('Summary Data'!$A8,'Round 2 Data'!$A$10:$A$146,'Round 2 Data'!H$10:H$146,0)+_xlfn.XLOOKUP('Summary Data'!$A8,'Round 3 Data'!$A$10:$A$145,'Round 3 Data'!H$10:H$145,0)+_xlfn.XLOOKUP('Summary Data'!$A8,'Round 4 Data'!$A$10:$A$147,'Round 4 Data'!H$10:H$147,0))/$D8 -> #VALUE! | I8: =(_xlfn.XLOOKUP('Summary Data'!$A8,'Round 1 Data'!$A$10:$A$143,'Round 1 Data'!I$10:I$144,0)+_xlfn.XLOOKUP('Summary Data'!$A8,'Round 2 Data'!$A$10:$A$146,'Round 2 Data'!I$10:I$146,0)+_xlfn.XLOOKUP('Summary Data'!$A8,'Round 3 Data'!$A$10:$A$145,'Round 3 Data'!I$10:I$145,0)+_xlfn.XLOOKUP('Summary Data'!$A8,'Round 4 Data'!$A$10:$A$147,'Round 4 Data'!I$10:I$147,0))/$D8 -> #VALUE! | J8: =(_xlfn.XLOOKUP('Summary Data'!$A8,'Round 1 Data'!$A$10:$A$143,'Round 1 Data'!J$10:J$144,0)+_xlfn.XLOOKUP('Summary Data'!$A8,'Round 2 Data'!$A$10:$A$146,'Round 2 Data'!J$10:J$146,0)+_xlfn.XLOOKUP('Summary Data'!$A8,'Round 3 Data'!$A$10:$A$145,'Round 3 Data'!J$10:J$145,0)+_xlfn.XLOOKUP('Summary Data'!$A8,'Round 4 Data'!$A$10:$A$147,'Round 4 Data'!J$10:J$147,0))/$D8 -> #VALUE! | K8: =(_xlfn.XLOOKUP('Summary Data'!$A8,'Round 1 Data'!$A$10:$A$143,'Round 1 Data'!K$10:K$144,0)+_xlfn.XLOOKUP('Summary Data'!$A8,'Round 2 Data'!$A$10:$A$146,'Round 2 Data'!K$10:K$146,0)+_xlfn.XLOOKUP('Summary Data'!$A8,'Round 3 Data'!$A$10:$A$145,'Round 3 Data'!K$10:K$145,0)+_xlfn.XLOOKUP('Summary Data'!$A8,'Round 4 Data'!$A$10:$A$147,'Round 4 Data'!K$10:K$147,0))/$D8 -> #VALUE! | L8: =(_xlfn.XLOOKUP('Summary Data'!$A8,'Round 1 Data'!$A$10:$A$143,'Round 1 Data'!L$10:L$144,0)+_xlfn.XLOOKUP('Summary Data'!$A8,'Round 2 Data'!$A$10:$A$146,'Round 2 Data'!L$10:L$146,0)+_xlfn.XLOOKUP('Summary Data'!$A8,'Round 3 Data'!$A$10:$A$145,'Round 3 Data'!L$10:L$145,0)+_xlfn.XLOOKUP('Summary Data'!$A8,'Round 4 Data'!$A$10:$A$147,'Round 4 Data'!L$10:L$147,0))/$D8 -> #VALUE! | ... S8: =(_xlfn.XLOOKUP('Summary Data'!$A8,'Round 1 Data'!$A$10:$A$143,'Round 1 Data'!S$10:S$144,0)+_xlfn.XLOOKUP('Summary Data'!$A8,'Round 2 Data'!$A$10:$A$146,'Round 2 Data'!S$10:S$146,0)+_xlfn.XLOOKUP('Summary Data'!$A8,'Round 3 Data'!$A$10:$A$145,'Round 3 Data'!S$10:S$145,0)+_xlfn.XLOOKUP('Summary Data'!$A8,'Round 4 Data'!$A$10:$A$147,'Round 4 Data'!S$10:S$147,0))/$D8 -> #VALUE! | T8: =(_xlfn.XLOOKUP('Summary Data'!$A8,'Round 1 Data'!$A$10:$A$143,'Round 1 Data'!U$10:U$144,0)+_xlfn.XLOOKUP('Summary Data'!$A8,'Round 2 Data'!$A$10:$A$146,'Round 2 Data'!U$10:U$146,0)+_xlfn.XLOOKUP('Summary Data'!$A8,'Round 3 Data'!$A$10:$A$145,'Round 3 Data'!U$10:U$145,0)+_xlfn.XLOOKUP('Summary Data'!$A8,'Round 4 Data'!$A$10:$A$147,'Round 4 Data'!U$10:U$147,0)) -> #VALUE!
A9: G. North | B9: Wales | C9: Centre | D9: =IF(_xlfn.XLOOKUP('Summary Data'!A9,'Round 1 Data'!$A$10:$A$143,'Round 1 Data'!$E$10:$E$144,0)=0,0,1)+IF(_xlfn.XLOOKUP('Summary Data'!A9,'Round 2 Data'!$A$10:$A$146,'Round 2 Data'!$E$10:$E$146,0)=0,0,1)+IF(_xlfn.XLOOKUP('Summary Data'!A9,'Round 3 Data'!$A$10:$A$145,'Round 3 Data'!$E$10:$E$145,0)=0,0,1)+IF(_xlfn.XLOOKUP('Summary Data'!A9,'Round 4 Data'!$A$10:$A$147,'Round 4 Data'!$E$10:$E$147,0)=0,0,1) -> #VALUE! | E9: =(_xlfn.XLOOKUP('Summary Data'!$A9,'Round 1 Data'!$A$10:$A$143,'Round 1 Data'!E$10:E$144,0)+_xlfn.XLOOKUP('Summary Data'!$A9,'Round 2 Data'!$A$10:$A$146,'Round 2 Data'!E$10:E$146,0)+_xlfn.XLOOKUP('Summary Data'!$A9,'Round 3 Data'!$A$10:$A$145,'Round 3 Data'!E$10:E$145,0)+_xlfn.XLOOKUP('Summary Data'!$A9,'Round 4 Data'!$A$10:$A$147,'Round 4 Data'!E$10:E$147,0))/$D9 -> #VALUE! | F9: =(_xlfn.XLOOKUP('Summary Data'!$A9,'Round 1 Data'!$A$10:$A$143,'Round 1 Data'!F$10:F$144,0)+_xlfn.XLOOKUP('Summary Data'!$A9,'Round 2 Data'!$A$10:$A$146,'Round 2 Data'!F$10:F$146,0)+_xlfn.XLOOKUP('Summary Data'!$A9,'Round 3 Data'!$A$10:$A$145,'Round 3 Data'!F$10:F$145,0)+_xlfn.XLOOKUP('Summary Data'!$A9,'Round 4 Data'!$A$10:$A$147,'Round 4 Data'!F$10:F$147,0))/$D9 -> #VALUE! | G9: =(_xlfn.XLOOKUP('Summary Data'!$A9,'Round 1 Data'!$A$10:$A$143,'Round 1 Data'!G$10:G$144,0)+_xlfn.XLOOKUP('Summary Data'!$A9,'Round 2 Data'!$A$10:$A$146,'Round 2 Data'!G$10:G$146,0)+_xlfn.XLOOKUP('Summary Data'!$A9,'Round 3 Data'!$A$10:$A$145,'Round 3 Data'!G$10:G$145,0)+_xlfn.XLOOKUP('Summary Data'!$A9,'Round 4 Data'!$A$10:$A$147,'Round 4 Data'!G$10:G$147,0))/$D9 -> #VALUE! | H9: =(_xlfn.XLOOKUP('Summary Data'!$A9,'Round 1 Data'!$A$10:$A$143,'Round 1 Data'!H$10:H$144,0)+_xlfn.XLOOKUP('Summary Data'!$A9,'Round 2 Data'!$A$10:$A$146,'Round 2 Data'!H$10:H$146,0)+_xlfn.XLOOKUP('Summary Data'!$A9,'Round 3 Data'!$A$10:$A$145,'Round 3 Data'!H$10:H$145,0)+_xlfn.XLOOKUP('Summary Data'!$A9,'Round 4 Data'!$A$10:$A$147,'Round 4 Data'!H$10:H$147,0))/$D9 -> #VALUE! | I9: =(_xlfn.XLOOKUP('Summary Data'!$A9,'Round 1 Data'!$A$10:$A$143,'Round 1 Data'!I$10:I$144,0)+_xlfn.XLOOKUP('Summary Data'!$A9,'Round 2 Data'!$A$10:$A$146,'Round 2 Data'!I$10:I$146,0)+_xlfn.XLOOKUP('Summary Data'!$A9,'Round 3 Data'!$A$10:$A$145,'Round 3 Data'!I$10:I$145,0)+_xlfn.XLOOKUP('Summary Data'!$A9,'Round 4 Data'!$A$10:$A$147,'Round 4 Data'!I$10:I$147,0))/$D9 -> #VALUE! | J9: =(_xlfn.XLOOKUP('Summary Data'!$A9,'Round 1 Data'!$A$10:$A$143,'Round 1 Data'!J$10:J$144,0)+_xlfn.XLOOKUP('Summary Data'!$A9,'Round 2 Data'!$A$10:$A$146,'Round 2 Data'!J$10:J$146,0)+_xlfn.XLOOKUP('Summary Data'!$A9,'Round 3 Data'!$A$10:$A$145,'Round 3 Data'!J$10:J$145,0)+_xlfn.XLOOKUP('Summary Data'!$A9,'Round 4 Data'!$A$10:$A$147,'Round 4 Data'!J$10:J$147,0))/$D9 -> #VALUE! | K9: =(_xlfn.XLOOKUP('Summary Data'!$A9,'Round 1 Data'!$A$10:$A$143,'Round 1 Data'!K$10:K$144,0)+_xlfn.XLOOKUP('Summary Data'!$A9,'Round 2 Data'!$A$10:$A$146,'Round 2 Data'!K$10:K$146,0)+_xlfn.XLOOKUP('Summary Data'!$A9,'Round 3 Data'!$A$10:$A$145,'Round 3 Data'!K$10:K$145,0)+_xlfn.XLOOKUP('Summary Data'!$A9,'Round 4 Data'!$A$10:$A$147,'Round 4 Data'!K$10:K$147,0))/$D9 -> #VALUE! | L9: =(_xlfn.XLOOKUP('Summary Data'!$A9,'Round 1 Data'!$A$10:$A$143,'Round 1 Data'!L$10:L$144,0)+_xlfn.XLOOKUP('Summary Data'!$A9,'Round 2 Data'!$A$10:$A$146,'Round 2 Data'!L$10:L$146,0)+_xlfn.XLOOKUP('Summary Data'!$A9,'Round 3 Data'!$A$10:$A$145,'Round 3 Data'!L$10:L$145,0)+_xlfn.XLOOKUP('Summary Data'!$A9,'Round 4 Data'!$A$10:$A$147,'Round 4 Data'!L$10:L$147,0))/$D9 -> #VALUE! | ... S9: =(_xlfn.XLOOKUP('Summary Data'!$A9,'Round 1 Data'!$A$10:$A$143,'Round 1 Data'!S$10:S$144,0)+_xlfn.XLOOKUP('Summary Data'!$A9,'Round 2 Data'!$A$10:$A$146,'Round 2 Data'!S$10:S$146,0)+_xlfn.XLOOKUP('Summary Data'!$A9,'Round 3 Data'!$A$10:$A$145,'Round 3 Data'!S$10:S$145,0)+_xlfn.XLOOKUP('Summary Data'!$A9,'Round 4 Data'!$A$10:$A$147,'Round 4 Data'!S$10:S$147,0))/$D9 -> #VALUE! | T9: =(_xlfn.XLOOKUP('Summary Data'!$A9,'Round 1 Data'!$A$10:$A$143,'Round 1 Data'!U$10:U$144,0)+_xlfn.XLOOKUP('Summary Data'!$A9,'Round 2 Data'!$A$10:$A$146,'Round 2 Data'!U$10:U$146,0)+_xlfn.XLOOKUP('Summary Data'!$A9,'Round 3 Data'!$A$10:$A$145,'Round 3 Data'!U$10:U$145,0)+_xlfn.XLOOKUP('Summary Data'!$A9,'Round 4 Data'!$A$10:$A$147,'Round 4 Data'!U$10:U$147,0)) -> #VALUE!
A10: D. Biggar | B10: Wales | C10: Fly Half | D10: =IF(_xlfn.XLOOKUP('Summary Data'!A10,'Round 1 Data'!$A$10:$A$143,'Round 1 Data'!$E$10:$E$144,0)=0,0,1)+IF(_xlfn.XLOOKUP('Summary Data'!A10,'Round 2 Data'!$A$10:$A$146,'Round 2 Data'!$E$10:$E$146,0)=0,0,1)+IF(_xlfn.XLOOKUP('Summary Data'!A10,'Round 3 Data'!$A$10:$A$145,'Round 3 Data'!$E$10:$E$145,0)=0,0,1)+IF(_xlfn.XLOOKUP('Summary Data'!A10,'Round 4 Data'!$A$10:$A$147,'Round 4 Data'!$E$10:$E$147,0)=0,0,1) -> #VALUE! | E10: =(_xlfn.XLOOKUP('Summary Data'!$A10,'Round 1 Data'!$A$10:$A$143,'Round 1 Data'!E$10:E$144,0)+_xlfn.XLOOKUP('Summary Data'!$A10,'Round 2 Data'!$A$10:$A$146,'Round 2 Data'!E$10:E$146,0)+_xlfn.XLOOKUP('Summary Data'!$A10,'Round 3 Data'!$A$10:$A$145,'Round 3 Data'!E$10:E$145,0)+_xlfn.XLOOKUP('Summary Data'!$A10,'Round 4 Data'!$A$10:$A$147,'Round 4 Data'!E$10:E$147,0))/$D10 -> #VALUE! | F10: =(_xlfn.XLOOKUP('Summary Data'!$A10,'Round 1 Data'!$A$10:$A$143,'Round 1 Data'!F$10:F$144,0)+_xlfn.XLOOKUP('Summary Data'!$A10,'Round 2 Data'!$A$10:$A$146,'Round 2 Data'!F$10:F$146,0)+_xlfn.XLOOKUP('Summary Data'!$A10,'Round 3 Data'!$A$10:$A$145,'Round 3 Data'!F$10:F$145,0)+_xlfn.XLOOKUP('Summary Data'!$A10,'Round 4 Data'!$A$10:$A$147,'Round 4 Data'!F$10:F$147,0))/$D10 -> #VALUE! | G10: =(_xlfn.XLOOKUP('Summary Data'!$A10,'Round 1 Data'!$A$10:$A$143,'Round 1 Data'!G$10:G$144,0)+_xlfn.XLOOKUP('Summary Data'!$A10,'Round 2 Data'!$A$10:$A$146,'Round 2 Data'!G$10:G$146,0)+_xlfn.XLOOKUP('Summary Data'!$A10,'Round 3 Data'!$A$10:$A$145,'Round 3 Data'!G$10:G$145,0)+_xlfn.XLOOKUP('Summary Data'!$A10,'Round 4 Data'!$A$10:$A$147,'Round 4 Data'!G$10:G$147,0))/$D10 -> #VALUE! | H10: =(_xlfn.XLOOKUP('Summary Data'!$A10,'Round 1 Data'!$A$10:$A$143,'Round 1 Data'!H$10:H$144,0)+_xlfn.XLOOKUP('Summary Data'!$A10,'Round 2 Data'!$A$10:$A$146,'Round 2 Data'!H$10:H$146,0)+_xlfn.XLOOKUP('Summary Data'!$A10,'Round 3 Data'!$A$10:$A$145,'Round 3 Data'!H$10:H$145,0)+_xlfn.XLOOKUP('Summary Data'!$A10,'Round 4 Data'!$A$10:$A$147,'Round 4 Data'!H$10:H$147,0))/$D10 -> #VALUE! | I10: =(_xlfn.XLOOKUP('Summary Data'!$A10,'Round 1 Data'!$A$10:$A$143,'Round 1 Data'!I$10:I$144,0)+_xlfn.XLOOKUP('Summary Data'!$A10,'Round 2 Data'!$A$10:$A$146,'Round 2 Data'!I$10:I$146,0)+_xlfn.XLOOKUP('Summary Data'!$A10,'Round 3 Data'!$A$10:$A$145,'Round 3 Data'!I$10:I$145,0)+_xlfn.XLOOKUP('Summary Data'!$A10,'Round 4 Data'!$A$10:$A$147,'Round 4 Data'!I$10:I$147,0))/$D10 -> #VALUE! | J10: =(_xlfn.XLOOKUP('Summary Data'!$A10,'Round 1 Data'!$A$10:$A$143,'Round 1 Data'!J$10:J$144,0)+_xlfn.XLOOKUP('Summary Data'!$A10,'Round 2 Data'!$A$10:$A$146,'Round 2 Data'!J$10:J$146,0)+_xlfn.XLOOKUP('Summary Data'!$A10,'Round 3 Data'!$A$10:$A$145,'Round 3 Data'!J$10:J$145,0)+_xlfn.XLOOKUP('Summary Data'!$A10,'Round 4 Data'!$A$10:$A$147,'Round 4 Data'!J$10:J$147,0))/$D10 -> #VALUE! | K10: =(_xlfn.XLOOKUP('Summary Data'!$A10,'Round 1 Data'!$A$10:$A$143,'Round 1 Data'!K$10:K$144,0)+_xlfn.XLOOKUP('Summary Data'!$A10,'Round 2 Data'!$A$10:$A$146,'Round 2 Data'!K$10:K$146,0)+_xlfn.XLOOKUP('Summary Data'!$A10,'Round 3 Data'!$A$10:$A$145,'Round 3 Data'!K$10:K$145,0)+_xlfn.XLOOKUP('Summary Data'!$A10,'Round 4 Data'!$A$10:$A$147,'Round 4 Data'!K$10:K$147,0))/$D10 -> #VALUE! | L10: =(_xlfn.XLOOKUP('Summary Data'!$A10,'Round 1 Data'!$A$10:$A$143,'Round 1 Data'!L$10:L$144,0)+_xlfn.XLOOKUP('Summary Data'!$A10,'Round 2 Data'!$A$10:$A$146,'Round 2 Data'!L$10:L$146,0)+_xlfn.XLOOKUP('Summary Data'!$A10,'Round 3 Data'!$A$10:$A$145,'Round 3 Data'!L$10:L$145,0)+_xlfn.XLOOKUP('Summary Data'!$A10,'Round 4 Data'!$A$10:$A$147,'Round 4 Data'!L$10:L$147,0))/$D10 -> #VALUE! | ... S10: =(_xlfn.XLOOKUP('Summary Data'!$A10,'Round 1 Data'!$A$10:$A$143,'Round 1 Data'!S$10:S$144,0)+_xlfn.XLOOKUP('Summary Data'!$A10,'Round 2 Data'!$A$10:$A$146,'Round 2 Data'!S$10:S$146,0)+_xlfn.XLOOKUP('Summary Data'!$A10,'Round 3 Data'!$A$10:$A$145,'Round 3 Data'!S$10:S$145,0)+_xlfn.XLOOKUP('Summary Data'!$A10,'Round 4 Data'!$A$10:$A$147,'Round 4 Data'!S$10:S$147,0))/$D10 -> #VALUE! | T10: =(_xlfn.XLOOKUP('Summary Data'!$A10,'Round 1 Data'!$A$10:$A$143,'Round 1 Data'!U$10:U$144,0)+_xlfn.XLOOKUP('Summary Data'!$A10,'Round 2 Data'!$A$10:$A$146,'Round 2 Data'!U$10:U$146,0)+_xlfn.XLOOKUP('Summary Data'!$A10,'Round 3 Data'!$A$10:$A$145,'Round 3 Data'!U$10:U$145,0)+_xlfn.XLOOKUP('Summary Data'!$A10,'Round 4 Data'!$A$10:$A$147,'Round 4 Data'!U$10:U$147,0)) -> #VALUE!
A11: O. Williams | B11: Wales | C11: Fly Half | D11: =IF(_xlfn.XLOOKUP('Summary Data'!A11,'Round 1 Data'!$A$10:$A$143,'Round 1 Data'!$E$10:$E$144,0)=0,0,1)+IF(_xlfn.XLOOKUP('Summary Data'!A11,'Round 2 Data'!$A$10:$A$146,'Round 2 Data'!$E$10:$E$146,0)=0,0,1)+IF(_xlfn.XLOOKUP('Summary Data'!A11,'Round 3 Data'!$A$10:$A$145,'Round 3 Data'!$E$10:$E$145,0)=0,0,1)+IF(_xlfn.XLOOKUP('Summary Data'!A11,'Round 4 Data'!$A$10:$A$147,'Round 4 Data'!$E$10:$E$147,0)=0,0,1) -> #VALUE! | E11: =(_xlfn.XLOOKUP('Summary Data'!$A11,'Round 1 Data'!$A$10:$A$143,'Round 1 Data'!E$10:E$144,0)+_xlfn.XLOOKUP('Summary Data'!$A11,'Round 2 Data'!$A$10:$A$146,'Round 2 Data'!E$10:E$146,0)+_xlfn.XLOOKUP('Summary Data'!$A11,'Round 3 Data'!$A$10:$A$145,'Round 3 Data'!E$10:E$145,0)+_xlfn.XLOOKUP('Summary Data'!$A11,'Round 4 Data'!$A$10:$A$147,'Round 4 Data'!E$10:E$147,0))/$D11 -> #VALUE! | F11: =(_xlfn.XLOOKUP('Summary Data'!$A11,'Round 1 Data'!$A$10:$A$143,'Round 1 Data'!F$10:F$144,0)+_xlfn.XLOOKUP('Summary Data'!$A11,'Round 2 Data'!$A$10:$A$146,'Round 2 Data'!F$10:F$146,0)+_xlfn.XLOOKUP('Summary Data'!$A11,'Round 3 Data'!$A$10:$A$145,'Round 3 Data'!F$10:F$145,0)+_xlfn.XLOOKUP('Summary Data'!$A11,'Round 4 Data'!$A$10:$A$147,'Round 4 Data'!F$10:F$147,0))/$D11 -> #VALUE! | G11: =(_xlfn.XLOOKUP('Summary Data'!$A11,'Round 1 Data'!$A$10:$A$143,'Round 1 Data'!G$10:G$144,0)+_xlfn.XLOOKUP('Summary Data'!$A11,'Round 2 Data'!$A$10:$A$146,'Round 2 Data'!G$10:G$146,0)+_xlfn.XLOOKUP('Summary Data'!$A11,'Round 3 Data'!$A$10:$A$145,'Round 3 Data'!G$10:G$145,0)+_xlfn.XLOOKUP('Summary Data'!$A11,'Round 4 Data'!$A$10:$A$147,'Round 4 Data'!G$10:G$147,0))/$D11 -> #VALUE! | H11: =(_xlfn.XLOOKUP('Summary Data'!$A11,'Round 1 Data'!$A$10:$A$143,'Round 1 Data'!H$10:H$144,0)+_xlfn.XLOOKUP('Summary Data'!$A11,'Round 2 Data'!$A$10:$A$146,'Round 2 Data'!H$10:H$146,0)+_xlfn.XLOOKUP('Summary Data'!$A11,'Round 3 Data'!$A$10:$A$145,'Round 3 Data'!H$10:H$145,0)+_xlfn.XLOOKUP('Summary Data'!$A11,'Round 4 Data'!$A$10:$A$147,'Round 4 Data'!H$10:H$147,0))/$D11 -> #VALUE! | I11: =(_xlfn.XLOOKUP('Summary Data'!$A11,'Round 1 Data'!$A$10:$A$143,'Round 1 Data'!I$10:I$144,0)+_xlfn.XLOOKUP('Summary Data'!$A11,'Round 2 Data'!$A$10:$A$146,'Round 2 Data'!I$10:I$146,0)+_xlfn.XLOOKUP('Summary Data'!$A11,'Round 3 Data'!$A$10:$A$145,'Round 3 Data'!I$10:I$145,0)+_xlfn.XLOOKUP('Summary Data'!$A11,'Round 4 Data'!$A$10:$A$147,'Round 4 Data'!I$10:I$147,0))/$D11 -> #VALUE! | J11: =(_xlfn.XLOOKUP('Summary Data'!$A11,'Round 1 Data'!$A$10:$A$143,'Round 1 Data'!J$10:J$144,0)+_xlfn.XLOOKUP('Summary Data'!$A11,'Round 2 Data'!$A$10:$A$146,'Round 2 Data'!J$10:J$146,0)+_xlfn.XLOOKUP('Summary Data'!$A11,'Round 3 Data'!$A$10:$A$145,'Round 3 Data'!J$10:J$145,0)+_xlfn.XLOOKUP('Summary Data'!$A11,'Round 4 Data'!$A$10:$A$147,'Round 4 Data'!J$10:J$147,0))/$D11 -> #VALUE! | K11: =(_xlfn.XLOOKUP('Summary Data'!$A11,'Round 1 Data'!$A$10:$A$143,'Round 1 Data'!K$10:K$144,0)+_xlfn.XLOOKUP('Summary Data'!$A11,'Round 2 Data'!$A$10:$A$146,'Round 2 Data'!K$10:K$146,0)+_xlfn.XLOOKUP('Summary Data'!$A11,'Round 3 Data'!$A$10:$A$145,'Round 3 Data'!K$10:K$145,0)+_xlfn.XLOOKUP('Summary Data'!$A11,'Round 4 Data'!$A$10:$A$147,'Round 4 Data'!K$10:K$147,0))/$D11 -> #VALUE! | L11: =(_xlfn.XLOOKUP('Summary Data'!$A11,'Round 1 Data'!$A$10:$A$143,'Round 1 Data'!L$10:L$144,0)+_xlfn.XLOOKUP('Summary Data'!$A11,'Round 2 Data'!$A$10:$A$146,'Round 2 Data'!L$10:L$146,0)+_xlfn.XLOOKUP('Summary Data'!$A11,'Round 3 Data'!$A$10:$A$145,'Round 3 Data'!L$10:L$145,0)+_xlfn.XLOOKUP('Summary Data'!$A11,'Round 4 Data'!$A$10:$A$147,'Round 4 Data'!L$10:L$147,0))/$D11 -> #VALUE! | ... S11: =(_xlfn.XLOOKUP('Summary Data'!$A11,'Round 1 Data'!$A$10:$A$143,'Round 1 Data'!S$10:S$144,0)+_xlfn.XLOOKUP('Summary Data'!$A11,'Round 2 Data'!$A$10:$A$146,'Round 2 Data'!S$10:S$146,0)+_xlfn.XLOOKUP('Summary Data'!$A11,'Round 3 Data'!$A$10:$A$145,'Round 3 Data'!S$10:S$145,0)+_xlfn.XLOOKUP('Summary Data'!$A11,'Round 4 Data'!$A$10:$A$147,'Round 4 Data'!S$10:S$147,0))/$D11 -> #VALUE! | T11: =(_xlfn.XLOOKUP('Summary Data'!$A11,'Round 1 Data'!$A$10:$A$143,'Round 1 Data'!U$10:U$144,0)+_xlfn.XLOOKUP('Summary Data'!$A11,'Round 2 Data'!$A$10:$A$146,'Round 2 Data'!U$10:U$146,0)+_xlfn.XLOOKUP('Summary Data'!$A11,'Round 3 Data'!$A$10:$A$145,'Round 3 Data'!U$10:U$145,0)+_xlfn.XLOOKUP('Summary Data'!$A11,'Round 4 Data'!$A$10:$A$147,'Round 4 Data'!U$10:U$147,0)) -> #VALUE!
A12: R. Webb | B12: Wales | C12: Scrum Half | D12: =IF(_xlfn.XLOOKUP('Summary Data'!A12,'Round 1 Data'!$A$10:$A$143,'Round 1 Data'!$E$10:$E$144,0)=0,0,1)+IF(_xlfn.XLOOKUP('Summary Data'!A12,'Round 2 Data'!$A$10:$A$146,'Round 2 Data'!$E$10:$E$146,0)=0,0,1)+IF(_xlfn.XLOOKUP('Summary Data'!A12,'Round 3 Data'!$A$10:$A$145,'Round 3 Data'!$E$10:$E$145,0)=0,0,1)+IF(_xlfn.XLOOKUP('Summary Data'!A12,'Round 4 Data'!$A$10:$A$147,'Round 4 Data'!$E$10:$E$147,0)=0,0,1) -> #VALUE! | E12: =(_xlfn.XLOOKUP('Summary Data'!$A12,'Round 1 Data'!$A$10:$A$143,'Round 1 Data'!E$10:E$144,0)+_xlfn.XLOOKUP('Summary Data'!$A12,'Round 2 Data'!$A$10:$A$146,'Round 2 Data'!E$10:E$146,0)+_xlfn.XLOOKUP('Summary Data'!$A12,'Round 3 Data'!$A$10:$A$145,'Round 3 Data'!E$10:E$145,0)+_xlfn.XLOOKUP('Summary Data'!$A12,'Round 4 Data'!$A$10:$A$147,'Round 4 Data'!E$10:E$147,0))/$D12 -> #VALUE! | F12: =(_xlfn.XLOOKUP('Summary Data'!$A12,'Round 1 Data'!$A$10:$A$143,'Round 1 Data'!F$10:F$144,0)+_xlfn.XLOOKUP('Summary Data'!$A12,'Round 2 Data'!$A$10:$A$146,'Round 2 Data'!F$10:F$146,0)+_xlfn.XLOOKUP('Summary Data'!$A12,'Round 3 Data'!$A$10:$A$145,'Round 3 Data'!F$10:F$145,0)+_xlfn.XLOOKUP('Summary Data'!$A12,'Round 4 Data'!$A$10:$A$147,'Round 4 Data'!F$10:F$147,0))/$D12 -> #VALUE! | G12: =(_xlfn.XLOOKUP('Summary Data'!$A12,'Round 1 Data'!$A$10:$A$143,'Round 1 Data'!G$10:G$144,0)+_xlfn.XLOOKUP('Summary Data'!$A12,'Round 2 Data'!$A$10:$A$146,'Round 2 Data'!G$10:G$146,0)+_xlfn.XLOOKUP('Summary Data'!$A12,'Round 3 Data'!$A$10:$A$145,'Round 3 Data'!G$10:G$145,0)+_xlfn.XLOOKUP('Summary Data'!$A12,'Round 4 Data'!$A$10:$A$147,'Round 4 Data'!G$10:G$147,0))/$D12 -> #VALUE! | H12: =(_xlfn.XLOOKUP('Summary Data'!$A12,'Round 1 Data'!$A$10:$A$143,'Round 1 Data'!H$10:H$144,0)+_xlfn.XLOOKUP('Summary Data'!$A12,'Round 2 Data'!$A$10:$A$146,'Round 2 Data'!H$10:H$146,0)+_xlfn.XLOOKUP('Summary Data'!$A12,'Round 3 Data'!$A$10:$A$145,'Round 3 Data'!H$10:H$145,0)+_xlfn.XLOOKUP('Summary Data'!$A12,'Round 4 Data'!$A$10:$A$147,'Round 4 Data'!H$10:H$147,0))/$D12 -> #VALUE! | I12: =(_xlfn.XLOOKUP('Summary Data'!$A12,'Round 1 Data'!$A$10:$A$143,'Round 1 Data'!I$10:I$144,0)+_xlfn.XLOOKUP('Summary Data'!$A12,'Round 2 Data'!$A$10:$A$146,'Round 2 Data'!I$10:I$146,0)+_xlfn.XLOOKUP('Summary Data'!$A12,'Round 3 Data'!$A$10:$A$145,'Round 3 Data'!I$10:I$145,0)+_xlfn.XLOOKUP('Summary Data'!$A12,'Round 4 Data'!$A$10:$A$147,'Round 4 Data'!I$10:I$147,0))/$D12 -> #VALUE! | J12: =(_xlfn.XLOOKUP('Summary Data'!$A12,'Round 1 Data'!$A$10:$A$143,'Round 1 Data'!J$10:J$144,0)+_xlfn.XLOOKUP('Summary Data'!$A12,'Round 2 Data'!$A$10:$A$146,'Round 2 Data'!J$10:J$146,0)+_xlfn.XLOOKUP('Summary Data'!$A12,'Round 3 Data'!$A$10:$A$145,'Round 3 Data'!J$10:J$145,0)+_xlfn.XLOOKUP('Summary Data'!$A12,'Round 4 Data'!$A$10:$A$147,'Round 4 Data'!J$10:J$147,0))/$D12 -> #VALUE! | K12: =(_xlfn.XLOOKUP('Summary Data'!$A12,'Round 1 Data'!$A$10:$A$143,'Round 1 Data'!K$10:K$144,0)+_xlfn.XLOOKUP('Summary Data'!$A12,'Round 2 Data'!$A$10:$A$146,'Round 2 Data'!K$10:K$146,0)+_xlfn.XLOOKUP('Summary Data'!$A12,'Round 3 Data'!$A$10:$A$145,'Round 3 Data'!K$10:K$145,0)+_xlfn.XLOOKUP('Summary Data'!$A12,'Round 4 Data'!$A$10:$A$147,'Round 4 Data'!K$10:K$147,0))/$D12 -> #VALUE! | L12: =(_xlfn.XLOOKUP('Summary Data'!$A12,'Round 1 Data'!$A$10:$A$143,'Round 1 Data'!L$10:L$144,0)+_xlfn.XLOOKUP('Summary Data'!$A12,'Round 2 Data'!$A$10:$A$146,'Round 2 Data'!L$10:L$146,0)+_xlfn.XLOOKUP('Summary Data'!$A12,'Round 3 Data'!$A$10:$A$145,'Round 3 Data'!L$10:L$145,0)+_xlfn.XLOOKUP('Summary Data'!$A12,'Round 4 Data'!$A$10:$A$147,'Round 4 Data'!L$10:L$147,0))/$D12 -> #VALUE! | ... S12: =(_xlfn.XLOOKUP('Summary Data'!$A12,'Round 1 Data'!$A$10:$A$143,'Round 1 Data'!S$10:S$144,0)+_xlfn.XLOOKUP('Summary Data'!$A12,'Round 2 Data'!$A$10:$A$146,'Round 2 Data'!S$10:S$146,0)+_xlfn.XLOOKUP('Summary Data'!$A12,'Round 3 Data'!$A$10:$A$145,'Round 3 Data'!S$10:S$145,0)+_xlfn.XLOOKUP('Summary Data'!$A12,'Round 4 Data'!$A$10:$A$147,'Round 4 Data'!S$10:S$147,0))/$D12 -> #VALUE! | T12: =(_xlfn.XLOOKUP('Summary Data'!$A12,'Round 1 Data'!$A$10:$A$143,'Round 1 Data'!U$10:U$144,0)+_xlfn.XLOOKUP('Summary Data'!$A12,'Round 2 Data'!$A$10:$A$146,'Round 2 Data'!U$10:U$146,0)+_xlfn.XLOOKUP('Summary Data'!$A12,'Round 3 Data'!$A$10:$A$145,'Round 3 Data'!U$10:U$145,0)+_xlfn.XLOOKUP('Summary Data'!$A12,'Round 4 Data'!$A$10:$A$147,'Round 4 Data'!U$10:U$147,0)) -> #VALUE!
A13: T. Williams | B13: Wales | C13: Scrum Half | D13: =IF(_xlfn.XLOOKUP('Summary Data'!A13,'Round 1 Data'!$A$10:$A$143,'Round 1 Data'!$E$10:$E$144,0)=0,0,1)+IF(_xlfn.XLOOKUP('Summary Data'!A13,'Round 2 Data'!$A$10:$A$146,'Round 2 Data'!$E$10:$E$146,0)=0,0,1)+IF(_xlfn.XLOOKUP('Summary Data'!A13,'Round 3 Data'!$A$10:$A$145,'Round 3 Data'!$E$10:$E$145,0)=0,0,1)+IF(_xlfn.XLOOKUP('Summary Data'!A13,'Round 4 Data'!$A$10:$A$147,'Round 4 Data'!$E$10:$E$147,0)=0,0,1) -> #VALUE! | E13: =(_xlfn.XLOOKUP('Summary Data'!$A13,'Round 1 Data'!$A$10:$A$143,'Round 1 Data'!E$10:E$144,0)+_xlfn.XLOOKUP('Summary Data'!$A13,'Round 2 Data'!$A$10:$A$146,'Round 2 Data'!E$10:E$146,0)+_xlfn.XLOOKUP('Summary Data'!$A13,'Round 3 Data'!$A$10:$A$145,'Round 3 Data'!E$10:E$145,0)+_xlfn.XLOOKUP('Summary Data'!$A13,'Round 4 Data'!$A$10:$A$147,'Round 4 Data'!E$10:E$147,0))/$D13 -> #VALUE! | F13: =(_xlfn.XLOOKUP('Summary Data'!$A13,'Round 1 Data'!$A$10:$A$143,'Round 1 Data'!F$10:F$144,0)+_xlfn.XLOOKUP('Summary Data'!$A13,'Round 2 Data'!$A$10:$A$146,'Round 2 Data'!F$10:F$146,0)+_xlfn.XLOOKUP('Summary Data'!$A13,'Round 3 Data'!$A$10:$A$145,'Round 3 Data'!F$10:F$145,0)+_xlfn.XLOOKUP('Summary Data'!$A13,'Round 4 Data'!$A$10:$A$147,'Round 4 Data'!F$10:F$147,0))/$D13 -> #VALUE! | G13: =(_xlfn.XLOOKUP('Summary Data'!$A13,'Round 1 Data'!$A$10:$A$143,'Round 1 Data'!G$10:G$144,0)+_xlfn.XLOOKUP('Summary Data'!$A13,'Round 2 Data'!$A$10:$A$146,'Round 2 Data'!G$10:G$146,0)+_xlfn.XLOOKUP('Summary Data'!$A13,'Round 3 Data'!$A$10:$A$145,'Round 3 Data'!G$10:G$145,0)+_xlfn.XLOOKUP('Summary Data'!$A13,'Round 4 Data'!$A$10:$A$147,'Round 4 Data'!G$10:G$147,0))/$D13 -> #VALUE! | H13: =(_xlfn.XLOOKUP('Summary Data'!$A13,'Round 1 Data'!$A$10:$A$143,'Round 1 Data'!H$10:H$144,0)+_xlfn.XLOOKUP('Summary Data'!$A13,'Round 2 Data'!$A$10:$A$146,'Round 2 Data'!H$10:H$146,0)+_xlfn.XLOOKUP('Summary Data'!$A13,'Round 3 Data'!$A$10:$A$145,'Round 3 Data'!H$10:H$145,0)+_xlfn.XLOOKUP('Summary Data'!$A13,'Round 4 Data'!$A$10:$A$147,'Round 4 Data'!H$10:H$147,0))/$D13 -> #VALUE! | I13: =(_xlfn.XLOOKUP('Summary Data'!$A13,'Round 1 Data'!$A$10:$A$143,'Round 1 Data'!I$10:I$144,0)+_xlfn.XLOOKUP('Summary Data'!$A13,'Round 2 Data'!$A$10:$A$146,'Round 2 Data'!I$10:I$146,0)+_xlfn.XLOOKUP('Summary Data'!$A13,'Round 3 Data'!$A$10:$A$145,'Round 3 Data'!I$10:I$145,0)+_xlfn.XLOOKUP('Summary Data'!$A13,'Round 4 Data'!$A$10:$A$147,'Round 4 Data'!I$10:I$147,0))/$D13 -> #VALUE! | J13: =(_xlfn.XLOOKUP('Summary Data'!$A13,'Round 1 Data'!$A$10:$A$143,'Round 1 Data'!J$10:J$144,0)+_xlfn.XLOOKUP('Summary Data'!$A13,'Round 2 Data'!$A$10:$A$146,'Round 2 Data'!J$10:J$146,0)+_xlfn.XLOOKUP('Summary Data'!$A13,'Round 3 Data'!$A$10:$A$145,'Round 3 Data'!J$10:J$145,0)+_xlfn.XLOOKUP('Summary Data'!$A13,'Round 4 Data'!$A$10:$A$147,'Round 4 Data'!J$10:J$147,0))/$D13 -> #VALUE! | K13: =(_xlfn.XLOOKUP('Summary Data'!$A13,'Round 1 Data'!$A$10:$A$143,'Round 1 Data'!K$10:K$144,0)+_xlfn.XLOOKUP('Summary Data'!$A13,'Round 2 Data'!$A$10:$A$146,'Round 2 Data'!K$10:K$146,0)+_xlfn.XLOOKUP('Summary Data'!$A13,'Round 3 Data'!$A$10:$A$145,'Round 3 Data'!K$10:K$145,0)+_xlfn.XLOOKUP('Summary Data'!$A13,'Round 4 Data'!$A$10:$A$147,'Round 4 Data'!K$10:K$147,0))/$D13 -> #VALUE! | L13: =(_xlfn.XLOOKUP('Summary Data'!$A13,'Round 1 Data'!$A$10:$A$143,'Round 1 Data'!L$10:L$144,0)+_xlfn.XLOOKUP('Summary Data'!$A13,'Round 2 Data'!$A$10:$A$146,'Round 2 Data'!L$10:L$146,0)+_xlfn.XLOOKUP('Summary Data'!$A13,'Round 3 Data'!$A$10:$A$145,'Round 3 Data'!L$10:L$145,0)+_xlfn.XLOOKUP('Summary Data'!$A13,'Round 4 Data'!$A$10:$A$147,'Round 4 Data'!L$10:L$147,0))/$D13 -> #VALUE! | ... S13: =(_xlfn.XLOOKUP('Summary Data'!$A13,'Round 1 Data'!$A$10:$A$143,'Round 1 Data'!S$10:S$144,0)+_xlfn.XLOOKUP('Summary Data'!$A13,'Round 2 Data'!$A$10:$A$146,'Round 2 Data'!S$10:S$146,0)+_xlfn.XLOOKUP('Summary Data'!$A13,'Round 3 Data'!$A$10:$A$145,'Round 3 Data'!S$10:S$145,0)+_xlfn.XLOOKUP('Summary Data'!$A13,'Round 4 Data'!$A$10:$A$147,'Round 4 Data'!S$10:S$147,0))/$D13 -> #VALUE! | T13: =(_xlfn.XLOOKUP('Summary Data'!$A13,'Round 1 Data'!$A$10:$A$143,'Round 1 Data'!U$10:U$144,0)+_xlfn.XLOOKUP('Summary Data'!$A13,'Round 2 Data'!$A$10:$A$146,'Round 2 Data'!U$10:U$146,0)+_xlfn.XLOOKUP('Summary Data'!$A13,'Round 3 Data'!$A$10:$A$145,'Round 3 Data'!U$10:U$145,0)+_xlfn.XLOOKUP('Summary Data'!$A13,'Round 4 Data'!$A$10:$A$147,'Round 4 Data'!U$10:U$147,0)) -> #VALUE!
A14: T. Faletau | B14: Wales | C14: Back Row | D14: =IF(_xlfn.XLOOKUP('Summary Data'!A14,'Round 1 Data'!$A$10:$A$143,'Round 1 Data'!$E$10:$E$144,0)=0,0,1)+IF(_xlfn.XLOOKUP('Summary Data'!A14,'Round 2 Data'!$A$10:$A$146,'Round 2 Data'!$E$10:$E$146,0)=0,0,1)+IF(_xlfn.XLOOKUP('Summary Data'!A14,'Round 3 Data'!$A$10:$A$145,'Round 3 Data'!$E$10:$E$145,0)=0,0,1)+IF(_xlfn.XLOOKUP('Summary Data'!A14,'Round 4 Data'!$A$10:$A$147,'Round 4 Data'!$E$10:$E$147,0)=0,0,1) -> #VALUE! | E14: =(_xlfn.XLOOKUP('Summary Data'!$A14,'Round 1 Data'!$A$10:$A$143,'Round 1 Data'!E$10:E$144,0)+_xlfn.XLOOKUP('Summary Data'!$A14,'Round 2 Data'!$A$10:$A$146,'Round 2 Data'!E$10:E$146,0)+_xlfn.XLOOKUP('Summary Data'!$A14,'Round 3 Data'!$A$10:$A$145,'Round 3 Data'!E$10:E$145,0)+_xlfn.XLOOKUP('Summary Data'!$A14,'Round 4 Data'!$A$10:$A$147,'Round 4 Data'!E$10:E$147,0))/$D14 -> #VALUE! | F14: =(_xlfn.XLOOKUP('Summary Data'!$A14,'Round 1 Data'!$A$10:$A$143,'Round 1 Data'!F$10:F$144,0)+_xlfn.XLOOKUP('Summary Data'!$A14,'Round 2 Data'!$A$10:$A$146,'Round 2 Data'!F$10:F$146,0)+_xlfn.XLOOKUP('Summary Data'!$A14,'Round 3 Data'!$A$10:$A$145,'Round 3 Data'!F$10:F$145,0)+_xlfn.XLOOKUP('Summary Data'!$A14,'Round 4 Data'!$A$10:$A$147,'Round 4 Data'!F$10:F$147,0))/$D14 -> #VALUE! | G14: =(_xlfn.XLOOKUP('Summary Data'!$A14,'Round 1 Data'!$A$10:$A$143,'Round 1 Data'!G$10:G$144,0)+_xlfn.XLOOKUP('Summary Data'!$A14,'Round 2 Data'!$A$10:$A$146,'Round 2 Data'!G$10:G$146,0)+_xlfn.XLOOKUP('Summary Data'!$A14,'Round 3 Data'!$A$10:$A$145,'Round 3 Data'!G$10:G$145,0)+_xlfn.XLOOKUP('Summary Data'!$A14,'Round 4 Data'!$A$10:$A$147,'Round 4 Data'!G$10:G$147,0))/$D14 -> #VALUE! | H14: =(_xlfn.XLOOKUP('Summary Data'!$A14,'Round 1 Data'!$A$10:$A$143,'Round 1 Data'!H$10:H$144,0)+_xlfn.XLOOKUP('Summary Data'!$A14,'Round 2 Data'!$A$10:$A$146,'Round 2 Data'!H$10:H$146,0)+_xlfn.XLOOKUP('Summary Data'!$A14,'Round 3 Data'!$A$10:$A$145,'Round 3 Data'!H$10:H$145,0)+_xlfn.XLOOKUP('Summary Data'!$A14,'Round 4 Data'!$A$10:$A$147,'Round 4 Data'!H$10:H$147,0))/$D14 -> #VALUE! | I14: =(_xlfn.XLOOKUP('Summary Data'!$A14,'Round 1 Data'!$A$10:$A$143,'Round 1 Data'!I$10:I$144,0)+_xlfn.XLOOKUP('Summary Data'!$A14,'Round 2 Data'!$A$10:$A$146,'Round 2 Data'!I$10:I$146,0)+_xlfn.XLOOKUP('Summary Data'!$A14,'Round 3 Data'!$A$10:$A$145,'Round 3 Data'!I$10:I$145,0)+_xlfn.XLOOKUP('Summary Data'!$A14,'Round 4 Data'!$A$10:$A$147,'Round 4 Data'!I$10:I$147,0))/$D14 -> #VALUE! | J14: =(_xlfn.XLOOKUP('Summary Data'!$A14,'Round 1 Data'!$A$10:$A$143,'Round 1 Data'!J$10:J$144,0)+_xlfn.XLOOKUP('Summary Data'!$A14,'Round 2 Data'!$A$10:$A$146,'Round 2 Data'!J$10:J$146,0)+_xlfn.XLOOKUP('Summary Data'!$A14,'Round 3 Data'!$A$10:$A$145,'Round 3 Data'!J$10:J$145,0)+_xlfn.XLOOKUP('Summary Data'!$A14,'Round 4 Data'!$A$10:$A$147,'Round 4 Data'!J$10:J$147,0))/$D14 -> #VALUE! | K14: =(_xlfn.XLOOKUP('Summary Data'!$A14,'Round 1 Data'!$A$10:$A$143,'Round 1 Data'!K$10:K$144,0)+_xlfn.XLOOKUP('Summary Data'!$A14,'Round 2 Data'!$A$10:$A$146,'Round 2 Data'!K$10:K$146,0)+_xlfn.XLOOKUP('Summary Data'!$A14,'Round 3 Data'!$A$10:$A$145,'Round 3 Data'!K$10:K$145,0)+_xlfn.XLOOKUP('Summary Data'!$A14,'Round 4 Data'!$A$10:$A$147,'Round 4 Data'!K$10:K$147,0))/$D14 -> #VALUE! | L14: =(_xlfn.XLOOKUP('Summary Data'!$A14,'Round 1 Data'!$A$10:$A$143,'Round 1 Data'!L$10:L$144,0)+_xlfn.XLOOKUP('Summary Data'!$A14,'Round 2 Data'!$A$10:$A$146,'Round 2 Data'!L$10:L$146,0)+_xlfn.XLOOKUP('Summary Data'!$A14,'Round 3 Data'!$A$10:$A$145,'Round 3 Data'!L$10:L$145,0)+_xlfn.XLOOKUP('Summary Data'!$A14,'Round 4 Data'!$A$10:$A$147,'Round 4 Data'!L$10:L$147,0))/$D14 -> #VALUE! | ... S14: =(_xlfn.XLOOKUP('Summary Data'!$A14,'Round 1 Data'!$A$10:$A$143,'Round 1 Data'!S$10:S$144,0)+_xlfn.XLOOKUP('Summary Data'!$A14,'Round 2 Data'!$A$10:$A$146,'Round 2 Data'!S$10:S$146,0)+_xlfn.XLOOKUP('Summary Data'!$A14,'Round 3 Data'!$A$10:$A$145,'Round 3 Data'!S$10:S$145,0)+_xlfn.XLOOKUP('Summary Data'!$A14,'Round 4 Data'!$A$10:$A$147,'Round 4 Data'!S$10:S$147,0))/$D14 -> #VALUE! | T14: =(_xlfn.XLOOKUP('Summary Data'!$A14,'Round 1 Data'!$A$10:$A$143,'Round 1 Data'!U$10:U$144,0)+_xlfn.XLOOKUP('Summary Data'!$A14,'Round 2 Data'!$A$10:$A$146,'Round 2 Data'!U$10:U$146,0)+_xlfn.XLOOKUP('Summary Data'!$A14,'Round 3 Data'!$A$10:$A$145,'Round 3 Data'!U$10:U$145,0)+_xlfn.XLOOKUP('Summary Data'!$A14,'Round 4 Data'!$A$10:$A$147,'Round 4 Data'!U$10:U$147,0)) -> #VALUE!
A15: J. Morgan | B15: Wales | C15: Back Row | D15: =IF(_xlfn.XLOOKUP('Summary Data'!A15,'Round 1 Data'!$A$10:$A$143,'Round 1 Data'!$E$10:$E$144,0)=0,0,1)+IF(_xlfn.XLOOKUP('Summary Data'!A15,'Round 2 Data'!$A$10:$A$146,'Round 2 Data'!$E$10:$E$146,0)=0,0,1)+IF(_xlfn.XLOOKUP('Summary Data'!A15,'Round 3 Data'!$A$10:$A$145,'Round 3 Data'!$E$10:$E$145,0)=0,0,1)+IF(_xlfn.XLOOKUP('Summary Data'!A15,'Round 4 Data'!$A$10:$A$147,'Round 4 Data'!$E$10:$E$147,0)=0,0,1) -> #VALUE! | E15: =(_xlfn.XLOOKUP('Summary Data'!$A15,'Round 1 Data'!$A$10:$A$143,'Round 1 Data'!E$10:E$144,0)+_xlfn.XLOOKUP('Summary Data'!$A15,'Round 2 Data'!$A$10:$A$146,'Round 2 Data'!E$10:E$146,0)+_xlfn.XLOOKUP('Summary Data'!$A15,'Round 3 Data'!$A$10:$A$145,'Round 3 Data'!E$10:E$145,0)+_xlfn.XLOOKUP('Summary Data'!$A15,'Round 4 Data'!$A$10:$A$147,'Round 4 Data'!E$10:E$147,0))/$D15 -> #VALUE! | F15: =(_xlfn.XLOOKUP('Summary Data'!$A15,'Round 1 Data'!$A$10:$A$143,'Round 1 Data'!F$10:F$144,0)+_xlfn.XLOOKUP('Summary Data'!$A15,'Round 2 Data'!$A$10:$A$146,'Round 2 Data'!F$10:F$146,0)+_xlfn.XLOOKUP('Summary Data'!$A15,'Round 3 Data'!$A$10:$A$145,'Round 3 Data'!F$10:F$145,0)+_xlfn.XLOOKUP('Summary Data'!$A15,'Round 4 Data'!$A$10:$A$147,'Round 4 Data'!F$10:F$147,0))/$D15 -> #VALUE! | G15: =(_xlfn.XLOOKUP('Summary Data'!$A15,'Round 1 Data'!$A$10:$A$143,'Round 1 Data'!G$10:G$144,0)+_xlfn.XLOOKUP('Summary Data'!$A15,'Round 2 Data'!$A$10:$A$146,'Round 2 Data'!G$10:G$146,0)+_xlfn.XLOOKUP('Summary Data'!$A15,'Round 3 Data'!$A$10:$A$145,'Round 3 Data'!G$10:G$145,0)+_xlfn.XLOOKUP('Summary Data'!$A15,'Round 4 Data'!$A$10:$A$147,'Round 4 Data'!G$10:G$147,0))/$D15 -> #VALUE! | H15: =(_xlfn.XLOOKUP('Summary Data'!$A15,'Round 1 Data'!$A$10:$A$143,'Round 1 Data'!H$10:H$144,0)+_xlfn.XLOOKUP('Summary Data'!$A15,'Round 2 Data'!$A$10:$A$146,'Round 2 Data'!H$10:H$146,0)+_xlfn.XLOOKUP('Summary Data'!$A15,'Round 3 Data'!$A$10:$A$145,'Round 3 Data'!H$10:H$145,0)+_xlfn.XLOOKUP('Summary Data'!$A15,'Round 4 Data'!$A$10:$A$147,'Round 4 Data'!H$10:H$147,0))/$D15 -> #VALUE! | I15: =(_xlfn.XLOOKUP('Summary Data'!$A15,'Round 1 Data'!$A$10:$A$143,'Round 1 Data'!I$10:I$144,0)+_xlfn.XLOOKUP('Summary Data'!$A15,'Round 2 Data'!$A$10:$A$146,'Round 2 Data'!I$10:I$146,0)+_xlfn.XLOOKUP('Summary Data'!$A15,'Round 3 Data'!$A$10:$A$145,'Round 3 Data'!I$10:I$145,0)+_xlfn.XLOOKUP('Summary Data'!$A15,'Round 4 Data'!$A$10:$A$147,'Round 4 Data'!I$10:I$147,0))/$D15 -> #VALUE! | J15: =(_xlfn.XLOOKUP('Summary Data'!$A15,'Round 1 Data'!$A$10:$A$143,'Round 1 Data'!J$10:J$144,0)+_xlfn.XLOOKUP('Summary Data'!$A15,'Round 2 Data'!$A$10:$A$146,'Round 2 Data'!J$10:J$146,0)+_xlfn.XLOOKUP('Summary Data'!$A15,'Round 3 Data'!$A$10:$A$145,'Round 3 Data'!J$10:J$145,0)+_xlfn.XLOOKUP('Summary Data'!$A15,'Round 4 Data'!$A$10:$A$147,'Round 4 Data'!J$10:J$147,0))/$D15 -> #VALUE! | K15: =(_xlfn.XLOOKUP('Summary Data'!$A15,'Round 1 Data'!$A$10:$A$143,'Round 1 Data'!K$10:K$144,0)+_xlfn.XLOOKUP('Summary Data'!$A15,'Round 2 Data'!$A$10:$A$146,'Round 2 Data'!K$10:K$146,0)+_xlfn.XLOOKUP('Summary Data'!$A15,'Round 3 Data'!$A$10:$A$145,'Round 3 Data'!K$10:K$145,0)+_xlfn.XLOOKUP('Summary Data'!$A15,'Round 4 Data'!$A$10:$A$147,'Round 4 Data'!K$10:K$147,0))/$D15 -> #VALUE! | L15: =(_xlfn.XLOOKUP('Summary Data'!$A15,'Round 1 Data'!$A$10:$A$143,'Round 1 Data'!L$10:L$144,0)+_xlfn.XLOOKUP('Summary Data'!$A15,'Round 2 Data'!$A$10:$A$146,'Round 2 Data'!L$10:L$146,0)+_xlfn.XLOOKUP('Summary Data'!$A15,'Round 3 Data'!$A$10:$A$145,'Round 3 Data'!L$10:L$145,0)+_xlfn.XLOOKUP('Summary Data'!$A15,'Round 4 Data'!$A$10:$A$147,'Round 4 Data'!L$10:L$147,0))/$D15 -> #VALUE! | ... S15: =(_xlfn.XLOOKUP('Summary Data'!$A15,'Round 1 Data'!$A$10:$A$143,'Round 1 Data'!S$10:S$144,0)+_xlfn.XLOOKUP('Summary Data'!$A15,'Round 2 Data'!$A$10:$A$146,'Round 2 Data'!S$10:S$146,0)+_xlfn.XLOOKUP('Summary Data'!$A15,'Round 3 Data'!$A$10:$A$145,'Round 3 Data'!S$10:S$145,0)+_xlfn.XLOOKUP('Summary Data'!$A15,'Round 4 Data'!$A$10:$A$147,'Round 4 Data'!S$10:S$147,0))/$D15 -> #VALUE! | T15: =(_xlfn.XLOOKUP('Summary Data'!$A15,'Round 1 Data'!$A$10:$A$143,'Round 1 Data'!U$10:U$144,0)+_xlfn.XLOOKUP('Summary Data'!$A15,'Round 2 Data'!$A$10:$A$146,'Round 2 Data'!U$10:U$146,0)+_xlfn.XLOOKUP('Summary Data'!$A15,'Round 3 Data'!$A$10:$A$145,'Round 3 Data'!U$10:U$145,0)+_xlfn.XLOOKUP('Summary Data'!$A15,'Round 4 Data'!$A$10:$A$147,'Round 4 Data'!U$10:U$147,0)) -> #VALUE!
... A179: C. Healy | B179: Ireland | C179: Prop | D179: =IF(_xlfn.XLOOKUP('Summary Data'!A179,'Round 1 Data'!$A$10:$A$143,'Round 1 Data'!$E$10:$E$144,0)=0,0,1)+IF(_xlfn.XLOOKUP('Summary Data'!A179,'Round 2 Data'!$A$10:$A$146,'Round 2 Data'!$E$10:$E$146,0)=0,0,1)+IF(_xlfn.XLOOKUP('Summary Data'!A179,'Round 3 Data'!$A$10:$A$145,'Round 3 Data'!$E$10:$E$145,0)=0,0,1)+IF(_xlfn.XLOOKUP('Summary Data'!A179,'Round 4 Data'!$A$10:$A$147,'Round 4 Data'!$E$10:$E$147,0)=0,0,1) -> #VALUE! | E179: =(_xlfn.XLOOKUP('Summary Data'!$A179,'Round 1 Data'!$A$10:$A$143,'Round 1 Data'!E$10:E$144,0)+_xlfn.XLOOKUP('Summary Data'!$A179,'Round 2 Data'!$A$10:$A$146,'Round 2 Data'!E$10:E$146,0)+_xlfn.XLOOKUP('Summary Data'!$A179,'Round 3 Data'!$A$10:$A$145,'Round 3 Data'!E$10:E$145,0)+_xlfn.XLOOKUP('Summary Data'!$A179,'Round 4 Data'!$A$10:$A$147,'Round 4 Data'!E$10:E$147,0))/$D179 -> #VALUE! | F179: =(_xlfn.XLOOKUP('Summary Data'!$A179,'Round 1 Data'!$A$10:$A$143,'Round 1 Data'!F$10:F$144,0)+_xlfn.XLOOKUP('Summary Data'!$A179,'Round 2 Data'!$A$10:$A$146,'Round 2 Data'!F$10:F$146,0)+_xlfn.XLOOKUP('Summary Data'!$A179,'Round 3 Data'!$A$10:$A$145,'Round 3 Data'!F$10:F$145,0)+_xlfn.XLOOKUP('Summary Data'!$A179,'Round 4 Data'!$A$10:$A$147,'Round 4 Data'!F$10:F$147,0))/$D179 -> #VALUE! | G179: =(_xlfn.XLOOKUP('Summary Data'!$A179,'Round 1 Data'!$A$10:$A$143,'Round 1 Data'!G$10:G$144,0)+_xlfn.XLOOKUP('Summary Data'!$A179,'Round 2 Data'!$A$10:$A$146,'Round 2 Data'!G$10:G$146,0)+_xlfn.XLOOKUP('Summary Data'!$A179,'Round 3 Data'!$A$10:$A$145,'Round 3 Data'!G$10:G$145,0)+_xlfn.XLOOKUP('Summary Data'!$A179,'Round 4 Data'!$A$10:$A$147,'Round 4 Data'!G$10:G$147,0))/$D179 -> #VALUE! | H179: =(_xlfn.XLOOKUP('Summary Data'!$A179,'Round 1 Data'!$A$10:$A$143,'Round 1 Data'!H$10:H$144,0)+_xlfn.XLOOKUP('Summary Data'!$A179,'Round 2 Data'!$A$10:$A$146,'Round 2 Data'!H$10:H$146,0)+_xlfn.XLOOKUP('Summary Data'!$A179,'Round 3 Data'!$A$10:$A$145,'Round 3 Data'!H$10:H$145,0)+_xlfn.XLOOKUP('Summary Data'!$A179,'Round 4 Data'!$A$10:$A$147,'Round 4 Data'!H$10:H$147,0))/$D179 -> #VALUE! | I179: =(_xlfn.XLOOKUP('Summary Data'!$A179,'Round 1 Data'!$A$10:$A$143,'Round 1 Data'!I$10:I$144,0)+_xlfn.XLOOKUP('Summary Data'!$A179,'Round 2 Data'!$A$10:$A$146,'Round 2 Data'!I$10:I$146,0)+_xlfn.XLOOKUP('Summary Data'!$A179,'Round 3 Data'!$A$10:$A$145,'Round 3 Data'!I$10:I$145,0)+_xlfn.XLOOKUP('Summary Data'!$A179,'Round 4 Data'!$A$10:$A$147,'Round 4 Data'!I$10:I$147,0))/$D179 -> #VALUE! | J179: =(_xlfn.XLOOKUP('Summary Data'!$A179,'Round 1 Data'!$A$10:$A$143,'Round 1 Data'!J$10:J$144,0)+_xlfn.XLOOKUP('Summary Data'!$A179,'Round 2 Data'!$A$10:$A$146,'Round 2 Data'!J$10:J$146,0)+_xlfn.XLOOKUP('Summary Data'!$A179,'Round 3 Data'!$A$10:$A$145,'Round 3 Data'!J$10:J$145,0)+_xlfn.XLOOKUP('Summary Data'!$A179,'Round 4 Data'!$A$10:$A$147,'Round 4 Data'!J$10:J$147,0))/$D179 -> #VALUE! | K179: =(_xlfn.XLOOKUP('Summary Data'!$A179,'Round 1 Data'!$A$10:$A$143,'Round 1 Data'!K$10:K$144,0)+_xlfn.XLOOKUP('Summary Data'!$A179,'Round 2 Data'!$A$10:$A$146,'Round 2 Data'!K$10:K$146,0)+_xlfn.XLOOKUP('Summary Data'!$A179,'Round 3 Data'!$A$10:$A$145,'Round 3 Data'!K$10:K$145,0)+_xlfn.XLOOKUP('Summary Data'!$A179,'Round 4 Data'!$A$10:$A$147,'Round 4 Data'!K$10:K$147,0))/$D179 -> #VALUE! | L179: =(_xlfn.XLOOKUP('Summary Data'!$A179,'Round 1 Data'!$A$10:$A$143,'Round 1 Data'!L$10:L$144,0)+_xlfn.XLOOKUP('Summary Data'!$A179,'Round 2 Data'!$A$10:$A$146,'Round 2 Data'!L$10:L$146,0)+_xlfn.XLOOKUP('Summary Data'!$A179,'Round 3 Data'!$A$10:$A$145,'Round 3 Data'!L$10:L$145,0)+_xlfn.XLOOKUP('Summary Data'!$A179,'Round 4 Data'!$A$10:$A$147,'Round 4 Data'!L$10:L$147,0))/$D179 -> #VALUE! | ... S179: =(_xlfn.XLOOKUP('Summary Data'!$A179,'Round 1 Data'!$A$10:$A$143,'Round 1 Data'!S$10:S$144,0)+_xlfn.XLOOKUP('Summary Data'!$A179,'Round 2 Data'!$A$10:$A$146,'Round 2 Data'!S$10:S$146,0)+_xlfn.XLOOKUP('Summary Data'!$A179,'Round 3 Data'!$A$10:$A$145,'Round 3 Data'!S$10:S$145,0)+_xlfn.XLOOKUP('Summary Data'!$A179,'Round 4 Data'!$A$10:$A$147,'Round 4 Data'!S$10:S$147,0))/$D179 -> #VALUE! | T179: =(_xlfn.XLOOKUP('Summary Data'!$A179,'Round 1 Data'!$A$10:$A$143,'Round 1 Data'!U$10:U$144,0)+_xlfn.XLOOKUP('Summary Data'!$A179,'Round 2 Data'!$A$10:$A$146,'Round 2 Data'!U$10:U$146,0)+_xlfn.XLOOKUP('Summary Data'!$A179,'Round 3 Data'!$A$10:$A$145,'Round 3 Data'!U$10:U$145,0)+_xlfn.XLOOKUP('Summary Data'!$A179,'Round 4 Data'!$A$10:$A$147,'Round 4 Data'!U$10:U$147,0)) -> #VALUE!

Sheet Points ----->

Sheet Player List
A2: J. Adams | B2: Wales | C2: Back Three
A3: A. Cuthbert | B3: Wales | C3: Back Three
A4: R. Dyer | B4: Wales | C4: Back Three
A5: L. Williams | B5: Wales | C5: Back Three
A6: J. Hawkins | B6: Wales | C6: Centre
A7: G. North | B7: Wales | C7: Centre
A8: D. Biggar | B8: Wales | C8: Fly Half
A9: O. Williams | B9: Wales | C9: Fly Half
A10: R. Webb | B10: Wales | C10: Scrum Half
A11: T. Williams | B11: Wales | C11: Scrum Half
A12: T. Faletau | B12: Wales | C12: Back Row
A13: J. Morgan | B13: Wales | C13: Back Row
... A177: C. Healy | B177: Ireland | C177: Prop

Sheet Round 1 Points
K1: Win | L1: Tackles | M1: Dominant Tackles | N1: Line Breaks | O1: Metres Carried | P1: 50-22 | Q1: Lineout Steal | R1: Breakdown Steal | S1: Try | T1: Assists | U1: Conversion | V1: Penalty | W1: Drop Goal | X1: Yellow Card | Y1: Red Card | Z1: MOM
B2: Scotland | C2: Win | E2: Wales | F2: 10 | G2: 34 | H2: Ireland | J2: Points | K2: 8 | L2: 1 | M2: 7 | N2: 7 | O2: 0.2 | P2: 10 | Q2: 7 | R2: 7 | S2: 15 | T2: 7 | U2: 2 | V2: 5 | W2: 7 | X2: -5 | Y2: -10 | Z2: 15
B3: Wales | C3: Loss | E3: England | F3: 23 | G3: 29 | H3: Scotland
B4: Ireland | C4: Win | E4: Italy | F4: 24 | G4: 29 | H4: France
B5: England | C5: Loss
B6: France | C6: Win
B7: Italy | C7: Loss
A9: Name | B9: Nation | C9: Position | D9: Time Played | F9: Tackles | G9: Dominant Tackles | H9: Line Breaks | I9: Metres Carried | J9: 50-22 | K9: Lineout Steal | L9: Breakdown Steal | M9: Try | N9: Assists | O9: Conversion | P9: Penalty | Q9: Drop Goal | R9: Yellow Card | S9: Red Card | T9: Game Total | U9: MoM | V9: Win Points | W9: Total Points
A10: J. Adams | B10: {=_xlfn.XLOOKUP(A10,'Player List'!$A$2:$A$177,'Player List'!$B$2:$C$177)} -> Wales | C10: Back Three | D10: 80 | F10: ='Round 1 Data'!F10*'Round 1 Points'!$L$3 -> 0 | G10: ='Round 1 Data'!G10*'Round 1 Points'!M$2 -> 21 | H10: ='Round 1 Data'!H10*'Round 1 Points'!N$2 -> 0 | I10: ='Round 1 Data'!I10*'Round 1 Points'!O$2 -> 7.2 | J10: ='Round 1 Data'!J10*'Round 1 Points'!P$2 -> 0 | K10: ='Round 1 Data'!K10*'Round 1 Points'!Q$2 -> 0 | L10: ='Round 1 Data'!L10*'Round 1 Points'!R$2 -> 0 | M10: ='Round 1 Data'!M10*'Round 1 Points'!S$2 -> 0 | N10: ='Round 1 Data'!N10*'Round 1 Points'!T$2 -> 0 | ... S10: ='Round 1 Data'!S10*'Round 1 Points'!Y$2 -> 0 | T10: =SUM(F10:S10) -> 28.2 | U10: ='Round 1 Data'!U10*'Round 1 Points'!$Z$2 -> 0 | V10: =IF('Round 1 Data'!D10='Round 1 Points'!$K$1,'Round 1 Points'!$K$2*D10/80,0) -> 0 | W10: =SUM(T10:V10) -> 28.2
A11: A. Cuthbert | B11: {=_xlfn.XLOOKUP(A11,'Player List'!$A$2:$A$177,'Player List'!$B$2:$C$177)} -> Wales | C11: Back Three | D11: 12 | F11: ='Round 1 Data'!F11*'Round 1 Points'!$L$3 -> 0 | G11: ='Round 1 Data'!G11*'Round 1 Points'!M$2 -> 0 | H11: ='Round 1 Data'!H11*'Round 1 Points'!N$2 -> 0 | I11: ='Round 1 Data'!I11*'Round 1 Points'!O$2 -> 5.6 | J11: ='Round 1 Data'!J11*'Round 1 Points'!P$2 -> 0 | K11: ='Round 1 Data'!K11*'Round 1 Points'!Q$2 -> 0 | L11: ='Round 1 Data'!L11*'Round 1 Points'!R$2 -> 0 | M11: ='Round 1 Data'!M11*'Round 1 Points'!S$2 -> 0 | N11: ='Round 1 Data'!N11*'Round 1 Points'!T$2 -> 0 | ... S11: ='Round 1 Data'!S11*'Round 1 Points'!Y$2 -> 0 | T11: =SUM(F11:S11) -> 5.6 | U11: ='Round 1 Data'!U11*'Round 1 Points'!$Z$2 -> 0 | V11: =IF('Round 1 Data'!D11='Round 1 Points'!$K$1,'Round 1 Points'!$K$2*D11/80,0) -> 0 | W11: =SUM(T11:V11) -> 5.6
A12: R. Dyer | B12: {=_xlfn.XLOOKUP(A12,'Player List'!$A$2:$A$177,'Player List'!$B$2:$C$177)} -> Wales | C12: Back Three | D12: 68 | F12: ='Round 1 Data'!F12*'Round 1 Points'!$L$3 -> 0 | G12: ='Round 1 Data'!G12*'Round 1 Points'!M$2 -> 0 | H12: ='Round 1 Data'!H12*'Round 1 Points'!N$2 -> 14 | I12: ='Round 1 Data'!I12*'Round 1 Points'!O$2 -> 21.4 | J12: ='Round 1 Data'!J12*'Round 1 Points'!P$2 -> 0 | K12: ='Round 1 Data'!K12*'Round 1 Points'!Q$2 -> 0 | L12: ='Round 1 Data'!L12*'Round 1 Points'!R$2 -> 0 | M12: ='Round 1 Data'!M12*'Round 1 Points'!S$2 -> 0 | N12: ='Round 1 Data'!N12*'Round 1 Points'!T$2 -> 0 | ... S12: ='Round 1 Data'!S12*'Round 1 Points'!Y$2 -> 0 | T12: =SUM(F12:S12) -> 35.4 | U12: ='Round 1 Data'!U12*'Round 1 Points'!$Z$2 -> 0 | V12: =IF('Round 1 Data'!D12='Round 1 Points'!$K$1,'Round 1 Points'!$K$2*D12/80,0) -> 0 | W12: =SUM(T12:V12) -> 35.4
A13: L. Williams | B13: {=_xlfn.XLOOKUP(A13,'Player List'!$A$2:$A$177,'Player List'!$B$2:$C$177)} -> Wales | C13: Back Three | D13: 70 | F13: ='Round 1 Data'!F13*'Round 1 Points'!$L$3 -> 0 | G13: ='Round 1 Data'!G13*'Round 1 Points'!M$2 -> 0 | H13: ='Round 1 Data'!H13*'Round 1 Points'!N$2 -> 14 | I13: ='Round 1 Data'!I13*'Round 1 Points'!O$2 -> 21.6 | J13: ='Round 1 Data'!J13*'Round 1 Points'!P$2 -> 0 | K13: ='Round 1 Data'!K13*'Round 1 Points'!Q$2 -> 0 | L13: ='Round 1 Data'!L13*'Round 1 Points'!R$2 -> 7 | M13: ='Round 1 Data'!M13*'Round 1 Points'!S$2 -> 15 | N13: ='Round 1 Data'!N13*'Round 1 Points'!T$2 -> 0 | ... S13: ='Round 1 Data'!S13*'Round 1 Points'!Y$2 -> 0 | T13: =SUM(F13:S13) -> 52.6 | U13: ='Round 1 Data'!U13*'Round 1 Points'!$Z$2 -> 0 | V13: =IF('Round 1 Data'!D13='Round 1 Points'!$K$1,'Round 1 Points'!$K$2*D13/80,0) -> 0 | W13: =SUM(T13:V13) -> 52.6
A14: J. Hawkins | B14: {=_xlfn.XLOOKUP(A14,'Player List'!$A$2:$A$177,'Player List'!$B$2:$C$177)} -> Wales | C14: Centre | D14: 80 | F14: ='Round 1 Data'!F14*'Round 1 Points'!$L$3 -> 0 | G14: ='Round 1 Data'!G14*'Round 1 Points'!M$2 -> 7 | H14: ='Round 1 Data'!H14*'Round 1 Points'!N$2 -> 7 | I14: ='Round 1 Data'!I14*'Round 1 Points'!O$2 -> 15 | J14: ='Round 1 Data'!J14*'Round 1 Points'!P$2 -> 0 | K14: ='Round 1 Data'!K14*'Round 1 Points'!Q$2 -> 0 | L14: ='Round 1 Data'!L14*'Round 1 Points'!R$2 -> 0 | M14: ='Round 1 Data'!M14*'Round 1 Points'!S$2 -> 0 | N14: ='Round 1 Data'!N14*'Round 1 Points'!T$2 -> 0 | ... S14: ='Round 1 Data'!S14*'Round 1 Points'!Y$2 -> 0 | T14: =SUM(F14:S14) -> 29 | U14: ='Round 1 Data'!U14*'Round 1 Points'!$Z$2 -> 0 | V14: =IF('Round 1 Data'!D14='Round 1 Points'!$K$1,'Round 1 Points'!$K$2*D14/80,0) -> 0 | W14: =SUM(T14:V14) -> 29
A15: G. North | B15: {=_xlfn.XLOOKUP(A15,'Player List'!$A$2:$A$177,'Player List'!$B$2:$C$177)} -> Wales | C15: Centre | D15: 80 | F15: ='Round 1 Data'!F15*'Round 1 Points'!$L$3 -> 0 | G15: ='Round 1 Data'!G15*'Round 1 Points'!M$2 -> 0 | H15: ='Round 1 Data'!H15*'Round 1 Points'!N$2 -> 0 | I15: ='Round 1 Data'!I15*'Round 1 Points'!O$2 -> 11.6 | J15: ='Round 1 Data'!J15*'Round 1 Points'!P$2 -> 0 | K15: ='Round 1 Data'!K15*'Round 1 Points'!Q$2 -> 0 | L15: ='Round 1 Data'!L15*'Round 1 Points'!R$2 -> 0 | M15: ='Round 1 Data'!M15*'Round 1 Points'!S$2 -> 0 | N15: ='Round 1 Data'!N15*'Round 1 Points'!T$2 -> 0 | ... S15: ='Round 1 Data'!S15*'Round 1 Points'!Y$2 -> 0 | T15: =SUM(F15:S15) -> 11.6 | U15: ='Round 1 Data'!U15*'Round 1 Points'!$Z$2 -> 0 | V15: =IF('Round 1 Data'!D15='Round 1 Points'!$K$1,'Round 1 Points'!$K$2*D15/80,0) -> 0 | W15: =SUM(T15:V15) -> 11.6
A16: D. Biggar | B16: {=_xlfn.XLOOKUP(A16,'Player List'!$A$2:$A$177,'Player List'!$B$2:$C$177)} -> Wales | C16: Fly Half | D16: 67 | F16: ='Round 1 Data'!F16*'Round 1 Points'!$L$3 -> 0 | G16: ='Round 1 Data'!G16*'Round 1 Points'!M$2 -> 0 | H16: ='Round 1 Data'!H16*'Round 1 Points'!N$2 -> 7 | I16: ='Round 1 Data'!I16*'Round 1 Points'!O$2 -> 7 | J16: ='Round 1 Data'!J16*'Round 1 Points'!P$2 -> 0 | K16: ='Round 1 Data'!K16*'Round 1 Points'!Q$2 -> 0 | L16: ='Round 1 Data'!L16*'Round 1 Points'!R$2 -> 0 | M16: ='Round 1 Data'!M16*'Round 1 Points'!S$2 -> 0 | N16: ='Round 1 Data'!N16*'Round 1 Points'!T$2 -> 7 | ... S16: ='Round 1 Data'!S16*'Round 1 Points'!Y$2 -> 0 | T16: =SUM(F16:S16) -> 28 | U16: ='Round 1 Data'!U16*'Round 1 Points'!$Z$2 -> 0 | V16: =IF('Round 1 Data'!D16='Round 1 Points'!$K$1,'Round 1 Points'!$K$2*D16/80,0) -> 0 | W16: =SUM(T16:V16) -> 28
A17: O. Williams | B17: {=_xlfn.XLOOKUP(A17,'Player List'!$A$2:$A$177,'Player List'!$B$2:$C$177)} -> Wales | C17: Fly Half | D17: 13 | F17: ='Round 1 Data'!F17*'Round 1 Points'!$L$3 -> 0 | G17: ='Round 1 Data'!G17*'Round 1 Points'!M$2 -> 0 | H17: ='Round 1 Data'!H17*'Round 1 Points'!N$2 -> 0 | I17: ='Round 1 Data'!I17*'Round 1 Points'!O$2 -> 0.8 | J17: ='Round 1 Data'!J17*'Round 1 Points'!P$2 -> 0 | K17: ='Round 1 Data'!K17*'Round 1 Points'!Q$2 -> 0 | L17: ='Round 1 Data'!L17*'Round 1 Points'!R$2 -> 0 | M17: ='Round 1 Data'!M17*'Round 1 Points'!S$2 -> 0 | N17: ='Round 1 Data'!N17*'Round 1 Points'!T$2 -> 0 | ... S17: ='Round 1 Data'!S17*'Round 1 Points'!Y$2 -> 0 | T17: =SUM(F17:S17) -> 0.8 | U17: ='Round 1 Data'!U17*'Round 1 Points'!$Z$2 -> 0 | V17: =IF('Round 1 Data'!D17='Round 1 Points'!$K$1,'Round 1 Points'!$K$2*D17/80,0) -> 0 | W17: =SUM(T17:V17) -> 0.8
A18: R. Webb | B18: {=_xlfn.XLOOKUP(A18,'Player List'!$A$2:$A$177,'Player List'!$B$2:$C$177)} -> Wales | C18: Scrum Half | D18: 17 | F18: ='Round 1 Data'!F18*'Round 1 Points'!$L$3 -> 0 | G18: ='Round 1 Data'!G18*'Round 1 Points'!M$2 -> 7 | H18: ='Round 1 Data'!H18*'Round 1 Points'!N$2 -> 0 | I18: ='Round 1 Data'!I18*'Round 1 Points'!O$2 -> 0.2 | J18: ='Round 1 Data'!J18*'Round 1 Points'!P$2 -> 0 | K18: ='Round 1 Data'!K18*'Round 1 Points'!Q$2 -> 0 | L18: ='Round 1 Data'!L18*'Round 1 Points'!R$2 -> 0 | M18: ='Round 1 Data'!M18*'Round 1 Points'!S$2 -> 0 | N18: ='Round 1 Data'!N18*'Round 1 Points'!T$2 -> 0 | ... S18: ='Round 1 Data'!S18*'Round 1 Points'!Y$2 -> 0 | T18: =SUM(F18:S18) -> 7.2 | U18: ='Round 1 Data'!U18*'Round 1 Points'!$Z$2 -> 0 | V18: =IF('Round 1 Data'!D18='Round 1 Points'!$K$1,'Round 1 Points'!$K$2*D18/80,0) -> 0 | W18: =SUM(T18:V18) -> 7.2
A19: T. Williams | B19: {=_xlfn.XLOOKUP(A19,'Player List'!$A$2:$A$177,'Player List'!$B$2:$C$177)} -> Wales | C19: Scrum Half | D19: 63 | F19: ='Round 1 Data'!F19*'Round 1 Points'!$L$3 -> 0 | G19: ='Round 1 Data'!G19*'Round 1 Points'!M$2 -> 0 | H19: ='Round 1 Data'!H19*'Round 1 Points'!N$2 -> 0 | I19: ='Round 1 Data'!I19*'Round 1 Points'!O$2 -> 3.8 | J19: ='Round 1 Data'!J19*'Round 1 Points'!P$2 -> 0 | K19: ='Round 1 Data'!K19*'Round 1 Points'!Q$2 -> 0 | L19: ='Round 1 Data'!L19*'Round 1 Points'!R$2 -> 0 | M19: ='Round 1 Data'!M19*'Round 1 Points'!S$2 -> 0 | N19: ='Round 1 Data'!N19*'Round 1 Points'!T$2 -> 0 | ... S19: ='Round 1 Data'!S19*'Round 1 Points'!Y$2 -> 0 | T19: =SUM(F19:S19) -> 3.8 | U19: ='Round 1 Data'!U19*'Round 1 Points'!$Z$2 -> 0 | V19: =IF('Round 1 Data'!D19='Round 1 Points'!$K$1,'Round 1 Points'!$K$2*D19/80,0) -> 0 | W19: =SUM(T19:V19) -> 3.8
A20: T. Faletau | B20: {=_xlfn.XLOOKUP(A20,'Player List'!$A$2:$A$177,'Player List'!$B$2:$C$177)} -> Wales | C20: Back Row | D20: 80 | F20: ='Round 1 Data'!F20*'Round 1 Points'!$L$3 -> 0 | G20: ='Round 1 Data'!G20*'Round 1 Points'!M$2 -> 7 | H20: ='Round 1 Data'!H20*'Round 1 Points'!N$2 -> 0 | I20: ='Round 1 Data'!I20*'Round 1 Points'!O$2 -> 9.8 | J20: ='Round 1 Data'!J20*'Round 1 Points'!P$2 -> 0 | K20: ='Round 1 Data'!K20*'Round 1 Points'!Q$2 -> 0 | L20: ='Round 1 Data'!L20*'Round 1 Points'!R$2 -> 0 | M20: ='Round 1 Data'!M20*'Round 1 Points'!S$2 -> 0 | N20: ='Round 1 Data'!N20*'Round 1 Points'!T$2 -> 0 | ... S20: ='Round 1 Data'!S20*'Round 1 Points'!Y$2 -> 0 | T20: =SUM(F20:S20) -> 16.8 | U20: ='Round 1 Data'!U20*'Round 1 Points'!$Z$2 -> 0 | V20: =IF('Round 1 Data'!D20='Round 1 Points'!$K$1,'Round 1 Points'!$K$2*D20/80,0) -> 0 | W20: =SUM(T20:V20) -> 16.8
A21: J. Morgan | B21: {=_xlfn.XLOOKUP(A21,'Player List'!$A$2:$A$177,'Player List'!$B$2:$C$177)} -> Wales | C21: Back Row | D21: 80 | F21: ='Round 1 Data'!F21*'Round 1 Points'!$L$3 -> 0 | G21: ='Round 1 Data'!G21*'Round 1 Points'!M$2 -> 21 | H21: ='Round 1 Data'!H21*'Round 1 Points'!N$2 -> 0 | I21: ='Round 1 Data'!I21*'Round 1 Points'!O$2 -> 8.6 | J21: ='Round 1 Data'!J21*'Round 1 Points'!P$2 -> 0 | K21: ='Round 1 Data'!K21*'Round 1 Points'!Q$2 -> 0 | L21: ='Round 1 Data'!L21*'Round 1 Points'!R$2 -> 7 | M21: ='Round 1 Data'!M21*'Round 1 Points'!S$2 -> 0 | N21: ='Round 1 Data'!N21*'Round 1 Points'!T$2 -> 0 | ... S21: ='Round 1 Data'!S21*'Round 1 Points'!Y$2 -> 0 | T21: =SUM(F21:S21) -> 36.6 | U21: ='Round 1 Data'!U21*'Round 1 Points'!$Z$2 -> 0 | V21: =IF('Round 1 Data'!D21='Round 1 Points'!$K$1,'Round 1 Points'!$K$2*D21/80,0) -> 0 | W21: =SUM(T21:V21) -> 36.6
... A33: M. Hansen | B33: {=_xlfn.XLOOKUP(A33,'Player List'!$A$2:$A$177,'Player List'!$B$2:$C$177)} -> Ireland | C33: Back Three | D33: 80 | F33: ='Round 1 Data'!F33*'Round 1 Points'!$L$3 -> 0 | G33: ='Round 1 Data'!G33*'Round 1 Points'!M$2 -> 14 | H33: ='Round 1 Data'!H33*'Round 1 Points'!N$2 -> 7 | I33: ='Round 1 Data'!I33*'Round 1 Points'!O$2 -> 6.8 | J33: ='Round 1 Data'!J33*'Round 1 Points'!P$2 -> 0 | K33: ='Round 1 Data'!K33*'Round 1 Points'!Q$2 -> 0 | L33: ='Round 1 Data'!L33*'Round 1 Points'!R$2 -> 0 | M33: ='Round 1 Data'!M33*'Round 1 Points'!S$2 -> 0 | N33: ='Round 1 Data'!N33*'Round 1 Points'!T$2 -> 0 | ... S33: ='Round 1 Data'!S33*'Round 1 Points'!Y$2 -> 0 | T33: =SUM(F33:S33) -> 27.8 | U33: ='Round 1 Data'!U33*'Round 1 Points'!$Z$2 -> 0 | V33: =IF('Round 1 Data'!D33='Round 1 Points'!$K$1,'Round 1 Points'!$K$2*D33/80,0) -> 8 | W33: =SUM(T33:V33) -> 35.8
A34: H. Keenan | B34: {=_xlfn.XLOOKUP(A34,'Player List'!$A$2:$A$177,'Player List'!$B$2:$C$177)} -> Ireland | C34: Back Three | D34: 80 | F34: 0 | G34: ='Round 1 Data'!G34*'Round 1 Points'!M$2 -> 0 | H34: ='Round 1 Data'!H34*'Round 1 Points'!N$2 -> 0 | I34: ='Round 1 Data'!I34*'Round 1 Points'!O$2 -> 17.2 | J34: ='Round 1 Data'!J34*'Round 1 Points'!P$2 -> 0 | K34: ='Round 1 Data'!K34*'Round 1 Points'!Q$2 -> 0 | L34: ='Round 1 Data'!L34*'Round 1 Points'!R$2 -> 0 | M34: ='Round 1 Data'!M34*'Round 1 Points'!S$2 -> 0 | N34: ='Round 1 Data'!N34*'Round 1 Points'!T$2 -> 0 | ... S34: ='Round 1 Data'!S34*'Round 1 Points'!Y$2 -> 0 | T34: =SUM(F34:S34) -> 17.2 | U34: ='Round 1 Data'!U34*'Round 1 Points'!$Z$2 -> 15 | V34: =IF('Round 1 Data'!D34='Round 1 Points'!$K$1,'Round 1 Points'!$K$2*D34/80,0) -> 8 | W34: =SUM(T34:V34) -> 40.2
A35: J. Lowe | B35: {=_xlfn.XLOOKUP(A35,'Player List'!$A$2:$A$177,'Player List'!$B$2:$C$177)} -> Ireland | C35: Back Three | D35: 80 | F35: 4 | G35: ='Round 1 Data'!G35*'Round 1 Points'!M$2 -> 0 | H35: ='Round 1 Data'!H35*'Round 1 Points'!N$2 -> 7 | I35: ='Round 1 Data'!I35*'Round 1 Points'!O$2 -> 22.4 | J35: ='Round 1 Data'!J35*'Round 1 Points'!P$2 -> 0 | K35: ='Round 1 Data'!K35*'Round 1 Points'!Q$2 -> 0 | L35: ='Round 1 Data'!L35*'Round 1 Points'!R$2 -> 7 | M35: ='Round 1 Data'!M35*'Round 1 Points'!S$2 -> 15 | N35: ='Round 1 Data'!N35*'Round 1 Points'!T$2 -> 0 | ... S35: ='Round 1 Data'!S35*'Round 1 Points'!Y$2 -> 0 | T35: =SUM(F35:S35) -> 55.4 | U35: ='Round 1 Data'!U35*'Round 1 Points'!$Z$2 -> 0 | V35: =IF('Round 1 Data'!D35='Round 1 Points'!$K$1,'Round 1 Points'!$K$2*D35/80,0) -> 8 | W35: =SUM(T35:V35) -> 63.4
A36: B. Aki | B36: {=_xlfn.XLOOKUP(A36,'Player List'!$A$2:$A$177,'Player List'!$B$2:$C$177)} -> Ireland | C36: Centre | D36: 20 | F36: 2 | G36: ='Round 1 Data'!G36*'Round 1 Points'!M$2 -> 0 | H36: ='Round 1 Data'!H36*'Round 1 Points'!N$2 -> 0 | I36: ='Round 1 Data'!I36*'Round 1 Points'!O$2 -> 2.6 | J36: ='Round 1 Data'!J36*'Round 1 Points'!P$2 -> 0 | K36: ='Round 1 Data'!K36*'Round 1 Points'!Q$2 -> 0 | L36: ='Round 1 Data'!L36*'Round 1 Points'!R$2 -> 7 | M36: ='Round 1 Data'!M36*'Round 1 Points'!S$2 -> 0 | N36: ='Round 1 Data'!N36*'Round 1 Points'!T$2 -> 0 | ... S36: ='Round 1 Data'!S36*'Round 1 Points'!Y$2 -> 0 | T36: =SUM(F36:S36) -> 11.6 | U36: ='Round 1 Data'!U36*'Round 1 Points'!$Z$2 -> 0 | V36: =IF('Round 1 Data'!D36='Round 1 Points'!$K$1,'Round 1 Points'!$K$2*D36/80,0) -> 2 | W36: =SUM(T36:V36) -> 13.6
A37: S. McCloskey | B37: {=_xlfn.XLOOKUP(A37,'Player List'!$A$2:$A$177,'Player List'!$B$2:$C$177)} -> Ireland | C37: Centre | D37: 60 | F37: 7 | G37: ='Round 1 Data'!G37*'Round 1 Points'!M$2 -> 0 | H37: ='Round 1 Data'!H37*'Round 1 Points'!N$2 -> 0 | I37: ='Round 1 Data'!I37*'Round 1 Points'!O$2 -> 13.2 | J37: ='Round 1 Data'!J37*'Round 1 Points'!P$2 -> 0 | K37: ='Round 1 Data'!K37*'Round 1 Points'!Q$2 -> 0 | L37: ='Round 1 Data'!L37*'Round 1 Points'!R$2 -> 0 | M37: ='Round 1 Data'!M37*'Round 1 Points'!S$2 -> 0 | N37: ='Round 1 Data'!N37*'Round 1 Points'!T$2 -> 0 | ... S37: ='Round 1 Data'!S37*'Round 1 Points'!Y$2 -> 0 | T37: =SUM(F37:S37) -> 20.2 | U37: ='Round 1 Data'!U37*'Round 1 Points'!$Z$2 -> 0 | V37: =IF('Round 1 Data'!D37='Round 1 Points'!$K$1,'Round 1 Points'!$K$2*D37/80,0) -> 6 | W37: =SUM(T37:V37) -> 26.2
A38: G. Ringrose | B38: {=_xlfn.XLOOKUP(A38,'Player List'!$A$2:$A$177,'Player List'!$B$2:$C$177)} -> Ireland | C38: Centre | D38: 80 | F38: 10 | G38: ='Round 1 Data'!G38*'Round 1 Points'!M$2 -> 0 | H38: ='Round 1 Data'!H38*'Round 1 Points'!N$2 -> 0 | I38: ='Round 1 Data'!I38*'Round 1 Points'!O$2 -> 9.8 | J38: ='Round 1 Data'!J38*'Round 1 Points'!P$2 -> 0 | K38: ='Round 1 Data'!K38*'Round 1 Points'!Q$2 -> 0 | L38: ='Round 1 Data'!L38*'Round 1 Points'!R$2 -> 0 | M38: ='Round 1 Data'!M38*'Round 1 Points'!S$2 -> 0 | N38: ='Round 1 Data'!N38*'Round 1 Points'!T$2 -> 0 | ... S38: ='Round 1 Data'!S38*'Round 1 Points'!Y$2 -> 0 | T38: =SUM(F38:S38) -> 19.8 | U38: ='Round 1 Data'!U38*'Round 1 Points'!$Z$2 -> 0 | V38: =IF('Round 1 Data'!D38='Round 1 Points'!$K$1,'Round 1 Points'!$K$2*D38/80,0) -> 8 | W38: =SUM(T38:V38) -> 27.8
A39: R. Byrne | B39: {=_xlfn.XLOOKUP(A39,'Player List'!$A$2:$A$177,'Player List'!$B$2:$C$177)} -> Ireland | C39: Fly Half | D39: 12 | G39: ='Round 1 Data'!G39*'Round 1 Points'!M$2 -> 0 | H39: ='Round 1 Data'!H39*'Round 1 Points'!N$2 -> 0 | I39: ='Round 1 Data'!I39*'Round 1 Points'!O$2 -> 2.2 | J39: ='Round 1 Data'!J39*'Round 1 Points'!P$2 -> 0 | K39: ='Round 1 Data'!K39*'Round 1 Points'!Q$2 -> 0 | L39: ='Round 1 Data'!L39*'Round 1 Points'!R$2 -> 0 | M39: ='Round 1 Data'!M39*'Round 1 Points'!S$2 -> 0 | N39: ='Round 1 Data'!N39*'Round 1 Points'!T$2 -> 0 | ... S39: ='Round 1 Data'!S39*'Round 1 Points'!Y$2 -> 0 | T39: =SUM(F39:S39) -> 4.2 | U39: ='Round 1 Data'!U39*'Round 1 Points'!$Z$2 -> 0 | V39: =IF('Round 1 Data'!D39='Round 1 Points'!$K$1,'Round 1 Points'!$K$2*D39/80,0) -> 1.2 | W39: =SUM(T39:V39) -> 5.4
A40: J. Sexton | B40: {=_xlfn.XLOOKUP(A40,'Player List'!$A$2:$A$177,'Player List'!$B$2:$C$177)} -> Ireland | C40: Fly Half | D40: 68 | F40: 7 | G40: ='Round 1 Data'!G40*'Round 1 Points'!M$2 -> 0 | H40: ='Round 1 Data'!H40*'Round 1 Points'!N$2 -> 0 | I40: ='Round 1 Data'!I40*'Round 1 Points'!O$2 -> 6 | J40: ='Round 1 Data'!J40*'Round 1 Points'!P$2 -> 0 | K40: ='Round 1 Data'!K40*'Round 1 Points'!Q$2 -> 0 | L40: ='Round 1 Data'!L40*'Round 1 Points'!R$2 -> 7 | M40: ='Round 1 Data'!M40*'Round 1 Points'!S$2 -> 0 | N40: ='Round 1 Data'!N40*'Round 1 Points'!T$2 -> 0 | ... S40: ='Round 1 Data'!S40*'Round 1 Points'!Y$2 -> 0 | T40: =SUM(F40:S40) -> 36 | U40: ='Round 1 Data'!U40*'Round 1 Points'!$Z$2 -> 0 | V40: =IF('Round 1 Data'!D40='Round 1 Points'!$K$1,'Round 1 Points'!$K$2*D40/80,0) -> 6.8 | W40: =SUM(T40:V40) -> 42.8
A41: C. Casey | B41: {=_xlfn.XLOOKUP(A41,'Player List'!$A$2:$A$177,'Player List'!$B$2:$C$177)} -> Ireland | C41: Scrum Half | D41: 16 | F41: 1 | G41: ='Round 1 Data'!G41*'Round 1 Points'!M$2 -> 0 | H41: ='Round 1 Data'!H41*'Round 1 Points'!N$2 -> 0 | I41: ='Round 1 Data'!I41*'Round 1 Points'!O$2 -> 0.2 | J41: ='Round 1 Data'!J41*'Round 1 Points'!P$2 -> 0 | K41: ='Round 1 Data'!K41*'Round 1 Points'!Q$2 -> 0 | L41: ='Round 1 Data'!L41*'Round 1 Points'!R$2 -> 0 | M41: ='Round 1 Data'!M41*'Round 1 Points'!S$2 -> 0 | N41: ='Round 1 Data'!N41*'Round 1 Points'!T$2 -> 7 | ... S41: ='Round 1 Data'!S41*'Round 1 Points'!Y$2 -> 0 | T41: =SUM(F41:S41) -> 8.2 | U41: ='Round 1 Data'!U41*'Round 1 Points'!$Z$2 -> 0 | V41: =IF('Round 1 Data'!D41='Round 1 Points'!$K$1,'Round 1 Points'!$K$2*D41/80,0) -> 1.6 | W41: =SUM(T41:V41) -> 9.8
A42: C. Murray | B42: {=_xlfn.XLOOKUP(A42,'Player List'!$A$2:$A$177,'Player List'!$B$2:$C$177)} -> Ireland | C42: Scrum Half | D42: 64 | F42: 1 | G42: ='Round 1 Data'!G42*'Round 1 Points'!M$2 -> 7 | H42: ='Round 1 Data'!H42*'Round 1 Points'!N$2 -> 7 | I42: ='Round 1 Data'!I42*'Round 1 Points'!O$2 -> 2.4 | J42: ='Round 1 Data'!J42*'Round 1 Points'!P$2 -> 0 | K42: ='Round 1 Data'!K42*'Round 1 Points'!Q$2 -> 0 | L42: ='Round 1 Data'!L42*'Round 1 Points'!R$2 -> 0 | M42: ='Round 1 Data'!M42*'Round 1 Points'!S$2 -> 0 | N42: ='Round 1 Data'!N42*'Round 1 Points'!T$2 -> 7 | ... S42: ='Round 1 Data'!S42*'Round 1 Points'!Y$2 -> 0 | T42: =SUM(F42:S42) -> 24.4 | U42: ='Round 1 Data'!U42*'Round 1 Points'!$Z$2 -> 0 | V42: =IF('Round 1 Data'!D42='Round 1 Points'!$K$1,'Round 1 Points'!$K$2*D42/80,0) -> 6.4 | W42: =SUM(T42:V42) -> 30.8
A43: J. Conan | B43: {=_xlfn.XLOOKUP(A43,'Player List'!$A$2:$A$177,'Player List'!$B$2:$C$177)} -> Ireland | C43: Back Row | D43: 20 | F43: 4 | G43: ='Round 1 Data'!G43*'Round 1 Points'!M$2 -> 0 | H43: ='Round 1 Data'!H43*'Round 1 Points'!N$2 -> 0 | I43: ='Round 1 Data'!I43*'Round 1 Points'!O$2 -> 1.4 | J43: ='Round 1 Data'!J43*'Round 1 Points'!P$2 -> 0 | K43: ='Round 1 Data'!K43*'Round 1 Points'!Q$2 -> 0 | L43: ='Round 1 Data'!L43*'Round 1 Points'!R$2 -> 7 | M43: ='Round 1 Data'!M43*'Round 1 Points'!S$2 -> 0 | N43: ='Round 1 Data'!N43*'Round 1 Points'!T$2 -> 0 | ... S43: ='Round 1 Data'!S43*'Round 1 Points'!Y$2 -> 0 | T43: =SUM(F43:S43) -> 12.4 | U43: ='Round 1 Data'!U43*'Round 1 Points'!$Z$2 -> 0 | V43: =IF('Round 1 Data'!D43='Round 1 Points'!$K$1,'Round 1 Points'!$K$2*D43/80,0) -> 2 | W43: =SUM(T43:V43) -> 14.4
A44: C. Doris | B44: {=_xlfn.XLOOKUP(A44,'Player List'!$A$2:$A$177,'Player List'!$B$2:$C$177)} -> Ireland | C44: Back Row | D44: 80 | F44: 17 | G44: ='Round 1 Data'!G44*'Round 1 Points'!M$2 -> 7 | H44: ='Round 1 Data'!H44*'Round 1 Points'!N$2 -> 0 | I44: ='Round 1 Data'!I44*'Round 1 Points'!O$2 -> 9 | J44: ='Round 1 Data'!J44*'Round 1 Points'!P$2 -> 0 | K44: ='Round 1 Data'!K44*'Round 1 Points'!Q$2 -> 0 | L44: ='Round 1 Data'!L44*'Round 1 Points'!R$2 -> 7 | M44: ='Round 1 Data'!M44*'Round 1 Points'!S$2 -> 15 | N44: ='Round 1 Data'!N44*'Round 1 Points'!T$2 -> 0 | ... S44: ='Round 1 Data'!S44*'Round 1 Points'!Y$2 -> 0 | T44: =SUM(F44:S44) -> 55 | U44: ='Round 1 Data'!U44*'Round 1 Points'!$Z$2 -> 0 | V44: =IF('Round 1 Data'!D44='Round 1 Points'!$K$1,'Round 1 Points'!$K$2*D44/80,0) -> 8 | W44: =SUM(T44:V44) -> 63
A45: P. O'Mahony | B45: {=_xlfn.XLOOKUP(A45,'Player List'!$A$2:$A$177,'Player List'!$B$2:$C$177)} -> Ireland | C45: Back Row | D45: 60 | F45: 4 | G45: ='Round 1 Data'!G45*'Round 1 Points'!M$2 -> 7 | H45: ='Round 1 Data'!H45*'Round 1 Points'!N$2 -> 0 | I45: ='Round 1 Data'!I45*'Round 1 Points'!O$2 -> 5 | J45: ='Round 1 Data'!J45*'Round 1 Points'!P$2 -> 0 | K45: ='Round 1 Data'!K45*'Round 1 Points'!Q$2 -> 0 | L45: ='Round 1 Data'!L45*'Round 1 Points'!R$2 -> 0 | M45: ='Round 1 Data'!M45*'Round 1 Points'!S$2 -> 0 | N45: ='Round 1 Data'!N45*'Round 1 Points'!T$2 -> 0 | ... S45: ='Round 1 Data'!S45*'Round 1 Points'!Y$2 -> 0 | T45: =SUM(F45:S45) -> 16 | U45: ='Round 1 Data'!U45*'Round 1 Points'!$Z$2 -> 0 | V45: =IF('Round 1 Data'!D45='Round 1 Points'!$K$1,'Round 1 Points'!$K$2*D45/80,0) -> 6 | W45: =SUM(T45:V45) -> 22
A46: J. van der Flier | B46: {=_xlfn.XLOOKUP(A46,'Player List'!$A$2:$A$177,'Player List'!$B$2:$C$177)} -> Ireland | C46: Back Row | D46: 80 | F46: 12 | G46: ='Round 1 Data'!G46*'Round 1 Points'!M$2 -> 7 | H46: ='Round 1 Data'!H46*'Round 1 Points'!N$2 -> 7 | I46: ='Round 1 Data'!I46*'Round 1 Points'!O$2 -> 6.2 | J46: ='Round 1 Data'!J46*'Round 1 Points'!P$2 -> 0 | K46: ='Round 1 Data'!K46*'Round 1 Points'!Q$2 -> 0 | L46: ='Round 1 Data'!L46*'Round 1 Points'!R$2 -> 0 | M46: ='Round 1 Data'!M46*'Round 1 Points'!S$2 -> 15 | N46: ='Round 1 Data'!N46*'Round 1 Points'!T$2 -> 0 | ... S46: ='Round 1 Data'!S46*'Round 1 Points'!Y$2 -> 0 | T46: =SUM(F46:S46) -> 47.2 | U46: ='Round 1 Data'!U46*'Round 1 Points'!$Z$2 -> 0 | V46: =IF('Round 1 Data'!D46='Round 1 Points'!$K$1,'Round 1 Points'!$K$2*D46/80,0) -> 8 | W46: =SUM(T46:V46) -> 55.2
A47: T. Beirne | B47: {=_xlfn.XLOOKUP(A47,'Player List'!$A$2:$A$177,'Player List'!$B$2:$C$177)} -> Ireland | C47: Second Row | D47: 54 | F47: 8 | G47: ='Round 1 Data'!G47*'Round 1 Points'!M$2 -> 7 | H47: ='Round 1 Data'!H47*'Round 1 Points'!N$2 -> 0 | I47: ='Round 1 Data'!I47*'Round 1 Points'!O$2 -> 5.4 | J47: ='Round 1 Data'!J47*'Round 1 Points'!P$2 -> 0 | K47: ='Round 1 Data'!K47*'Round 1 Points'!Q$2 -> 0 | L47: ='Round 1 Data'!L47*'Round 1 Points'!R$2 -> 0 | M47: ='Round 1 Data'!M47*'Round 1 Points'!S$2 -> 0 | N47: ='Round 1 Data'!N47*'Round 1 Points'!T$2 -> 0 | ... S47: ='Round 1 Data'!S47*'Round 1 Points'!Y$2 -> 0 | T47: =SUM(F47:S47) -> 20.4 | U47: ='Round 1 Data'!U47*'Round 1 Points'!$Z$2 -> 0 | V47: =IF('Round 1 Data'!D47='Round 1 Points'!$K$1,'Round 1 Points'!$K$2*D47/80,0) -> 5.4 | W47: =SUM(T47:V47) -> 25.8
A48: I. Henderson | B48: {=_xlfn.XLOOKUP(A48,'Player List'!$A$2:$A$177,'Player List'!$B$2:$C$177)} -> Ireland | C48: Second Row | D48: 26 | F48: 3 | G48: ='Round 1 Data'!G48*'Round 1 Points'!M$2 -> 0 | H48: ='Round 1 Data'!H48*'Round 1 Points'!N$2 -> 0 | I48: ='Round 1 Data'!I48*'Round 1 Points'!O$2 -> 2 | J48: ='Round 1 Data'!J48*'Round 1 Points'!P$2 -> 0 | K48: ='Round 1 Data'!K48*'Round 1 Points'!Q$2 -> 0 | L48: ='Round 1 Data'!L48*'Round 1 Points'!R$2 -> 0 | M48: ='Round 1 Data'!M48*'Round 1 Points'!S$2 -> 0 | N48: ='Round 1 Data'!N48*'Round 1 Points'!T$2 -> 0 | ... S48: ='Round 1 Data'!S48*'Round 1 Points'!Y$2 -> 0 | T48: =SUM(F48:S48) -> 5 | U48: ='Round 1 Data'!U48*'Round 1 Points'!$Z$2 -> 0 | V48: =IF('Round 1 Data'!D48='Round 1 Points'!$K$1,'Round 1 Points'!$K$2*D48/80,0) -> 2.6 | W48: =SUM(T48:V48) -> 7.6
A49: J. Ryan | B49: {=_xlfn.XLOOKUP(A49,'Player List'!$A$2:$A$177,'Player List'!$B$2:$C$177)} -> Ireland | C49: Second Row | D49: 80 | F49: 14 | G49: ='Round 1 Data'!G49*'Round 1 Points'!M$2 -> 0 | H49: ='Round 1 Data'!H49*'Round 1 Points'!N$2 -> 0 | I49: ='Round 1 Data'!I49*'Round 1 Points'!O$2 -> 3.8 | J49: ='Round 1 Data'!J49*'Round 1 Points'!P$2 -> 0 | K49: ='Round 1 Data'!K49*'Round 1 Points'!Q$2 -> 7 | L49: ='Round 1 Data'!L49*'Round 1 Points'!R$2 -> 0 | M49: ='Round 1 Data'!M49*'Round 1 Points'!S$2 -> 15 | N49: ='Round 1 Data'!N49*'Round 1 Points'!T$2 -> 0 | ... S49: ='Round 1 Data'!S49*'Round 1 Points'!Y$2 -> 0 | T49: =SUM(F49:S49) -> 39.8 | U49: ='Round 1 Data'!U49*'Round 1 Points'!$Z$2 -> 0 | V49: =IF('Round 1 Data'!D49='Round 1 Points'!$K$1,'Round 1 Points'!$K$2*D49/80,0) -> 8 | W49: =SUM(T49:V49) -> 47.8
A50: F. Bealham | B50: {=_xlfn.XLOOKUP(A50,'Player List'!$A$2:$A$177,'Player List'!$B$2:$C$177)} -> Ireland | C50: Prop | D50: 60 | F50: 12 | G50: ='Round 1 Data'!G50*'Round 1 Points'!M$2 -> 7 | H50: ='Round 1 Data'!H50*'Round 1 Points'!N$2 -> 0 | I50: ='Round 1 Data'!I50*'Round 1 Points'!O$2 -> 3 | J50: ='Round 1 Data'!J50*'Round 1 Points'!P$2 -> 0 | K50: ='Round 1 Data'!K50*'Round 1 Points'!Q$2 -> 0 | L50: ='Round 1 Data'!L50*'Round 1 Points'!R$2 -> 0 | M50: ='Round 1 Data'!M50*'Round 1 Points'!S$2 -> 0 | N50: ='Round 1 Data'!N50*'Round 1 Points'!T$2 -> 7 | ... S50: ='Round 1 Data'!S50*'Round 1 Points'!Y$2 -> 0 | T50: =SUM(F50:S50) -> 29 | U50: ='Round 1 Data'!U50*'Round 1 Points'!$Z$2 -> 0 | V50: =IF('Round 1 Data'!D50='Round 1 Points'!$K$1,'Round 1 Points'!$K$2*D50/80,0) -> 6 | W50: =SUM(T50:V50) -> 35
A51: D. Kilcoyne | B51: {=_xlfn.XLOOKUP(A51,'Player List'!$A$2:$A$177,'Player List'!$B$2:$C$177)} -> Ireland | C51: Prop | D51: 7 | F51: 5 | G51: ='Round 1 Data'!G51*'Round 1 Points'!M$2 -> 0 | H51: ='Round 1 Data'!H51*'Round 1 Points'!N$2 -> 0 | I51: ='Round 1 Data'!I51*'Round 1 Points'!O$2 -> 0.4 | J51: ='Round 1 Data'!J51*'Round 1 Points'!P$2 -> 0 | K51: ='Round 1 Data'!K51*'Round 1 Points'!Q$2 -> 0 | L51: ='Round 1 Data'!L51*'Round 1 Points'!R$2 -> 0 | M51: ='Round 1 Data'!M51*'Round 1 Points'!S$2 -> 0 | N51: ='Round 1 Data'!N51*'Round 1 Points'!T$2 -> 0 | ... S51: ='Round 1 Data'!S51*'Round 1 Points'!Y$2 -> 0 | T51: =SUM(F51:S51) -> 5.4 | U51: ='Round 1 Data'!U51*'Round 1 Points'!$Z$2 -> 0 | V51: =IF('Round 1 Data'!D51='Round 1 Points'!$K$1,'Round 1 Points'!$K$2*D51/80,0) -> 0.7 | W51: =SUM(T51:V51) -> 6.1
... A60: O. Farrell | B60: {=_xlfn.XLOOKUP(A60,'Player List'!$A$2:$A$177,'Player List'!$B$2:$C$177)} -> England | C60: Centre | D60: 80 | F60: 3 | G60: ='Round 1 Data'!G60*'Round 1 Points'!M$2 -> 0 | H60: ='Round 1 Data'!H60*'Round 1 Points'!N$2 -> 0 | I60: ='Round 1 Data'!I60*'Round 1 Points'!O$2 -> 11.2 | J60: ='Round 1 Data'!J60*'Round 1 Points'!P$2 -> 0 | K60: ='Round 1 Data'!K60*'Round 1 Points'!Q$2 -> 0 | L60: ='Round 1 Data'!L60*'Round 1 Points'!R$2 -> 0 | M60: ='Round 1 Data'!M60*'Round 1 Points'!S$2 -> 0 | N60: ='Round 1 Data'!N60*'Round 1 Points'!T$2 -> 0 | ... S60: ='Round 1 Data'!S60*'Round 1 Points'!Y$2 -> 0 | T60: =SUM(F60:S60) -> 26.2 | U60: ='Round 1 Data'!U60*'Round 1 Points'!$Z$2 -> 0 | V60: =IF('Round 1 Data'!D60='Round 1 Points'!$K$1,'Round 1 Points'!$K$2*D60/80,0) -> 0 | W60: =SUM(T60:V60) -> 26.2
A61: O. Lawrence | B61: {=_xlfn.XLOOKUP(A61,'Player List'!$A$2:$A$177,'Player List'!$B$2:$C$177)} -> England | C61: Centre | D61: 4 | G61: ='Round 1 Data'!G61*'Round 1 Points'!M$2 -> 0 | H61: ='Round 1 Data'!H61*'Round 1 Points'!N$2 -> 0 | I61: ='Round 1 Data'!I61*'Round 1 Points'!O$2 -> 2 | J61: ='Round 1 Data'!J61*'Round 1 Points'!P$2 -> 0 | K61: ='Round 1 Data'!K61*'Round 1 Points'!Q$2 -> 0 | L61: ='Round 1 Data'!L61*'Round 1 Points'!R$2 -> 0 | M61: ='Round 1 Data'!M61*'Round 1 Points'!S$2 -> 0 | N61: ='Round 1 Data'!N61*'Round 1 Points'!T$2 -> 0 | ... S61: ='Round 1 Data'!S61*'Round 1 Points'!Y$2 -> 0 | T61: =SUM(F61:S61) -> 2 | U61: ='Round 1 Data'!U61*'Round 1 Points'!$Z$2 -> 0 | V61: =IF('Round 1 Data'!D61='Round 1 Points'!$K$1,'Round 1 Points'!$K$2*D61/80,0) -> 0 | W61: =SUM(T61:V61) -> 2
A62: J. Marchant | B62: {=_xlfn.XLOOKUP(A62,'Player List'!$A$2:$A$177,'Player List'!$B$2:$C$177)} -> England | C62: Centre | D62: 76 | F62: 6 | G62: ='Round 1 Data'!G62*'Round 1 Points'!M$2 -> 0 | H62: ='Round 1 Data'!H62*'Round 1 Points'!N$2 -> 0 | I62: ='Round 1 Data'!I62*'Round 1 Points'!O$2 -> 11.6 | J62: ='Round 1 Data'!J62*'Round 1 Points'!P$2 -> 0 | K62: ='Round 1 Data'!K62*'Round 1 Points'!Q$2 -> 0 | L62: ='Round 1 Data'!L62*'Round 1 Points'!R$2 -> 0 | M62: ='Round 1 Data'!M62*'Round 1 Points'!S$2 -> 0 | N62: ='Round 1 Data'!N62*'Round 1 Points'!T$2 -> 0 | ... S62: ='Round 1 Data'!S62*'Round 1 Points'!Y$2 -> 0 | T62: =SUM(F62:S62) -> 17.6 | U62: ='Round 1 Data'!U62*'Round 1 Points'!$Z$2 -> 0 | V62: =IF('Round 1 Data'!D62='Round 1 Points'!$K$1,'Round 1 Points'!$K$2*D62/80,0) -> 0 | W62: =SUM(T62:V62) -> 17.6
A63: M. Smith | B63: {=_xlfn.XLOOKUP(A63,'Player List'!$A$2:$A$177,'Player List'!$B$2:$C$177)} -> England | C63: Fly Half | D63: 80 | F63: 6 | G63: ='Round 1 Data'!G63*'Round 1 Points'!M$2 -> 0 | H63: ='Round 1 Data'!H63*'Round 1 Points'!N$2 -> 0 | I63: ='Round 1 Data'!I63*'Round 1 Points'!O$2 -> 22.4 | J63: ='Round 1 Data'!J63*'Round 1 Points'!P$2 -> 0 | K63: ='Round 1 Data'!K63*'Round 1 Points'!Q$2 -> 0 | L63: ='Round 1 Data'!L63*'Round 1 Points'!R$2 -> 0 | M63: ='Round 1 Data'!M63*'Round 1 Points'!S$2 -> 0 | N63: ='Round 1 Data'!N63*'Round 1 Points'!T$2 -> 7 | ... S63: ='Round 1 Data'!S63*'Round 1 Points'!Y$2 -> 0 | T63: =SUM(F63:S63) -> 35.4 | U63: ='Round 1 Data'!U63*'Round 1 Points'!$Z$2 -> 0 | V63: =IF('Round 1 Data'!D63='Round 1 Points'!$K$1,'Round 1 Points'!$K$2*D63/80,0) -> 0 | W63: =SUM(T63:V63) -> 35.4
A64: J. van Poortvliet | B64: {=_xlfn.XLOOKUP(A64,'Player List'!$A$2:$A$177,'Player List'!$B$2:$C$177)} -> England | C64: Scrum Half | D64: 58 | F64: 3 | G64: ='Round 1 Data'!G64*'Round 1 Points'!M$2 -> 0 | H64: ='Round 1 Data'!H64*'Round 1 Points'!N$2 -> 7 | I64: ='Round 1 Data'!I64*'Round 1 Points'!O$2 -> 4 | J64: ='Round 1 Data'!J64*'Round 1 Points'!P$2 -> 0 | K64: ='Round 1 Data'!K64*'Round 1 Points'!Q$2 -> 0 | L64: ='Round 1 Data'!L64*'Round 1 Points'!R$2 -> 0 | M64: ='Round 1 Data'!M64*'Round 1 Points'!S$2 -> 0 | N64: ='Round 1 Data'!N64*'Round 1 Points'!T$2 -> 7 | ... S64: ='Round 1 Data'!S64*'Round 1 Points'!Y$2 -> 0 | T64: =SUM(F64:S64) -> 21 | U64: ='Round 1 Data'!U64*'Round 1 Points'!$Z$2 -> 0 | V64: =IF('Round 1 Data'!D64='Round 1 Points'!$K$1,'Round 1 Points'!$K$2*D64/80,0) -> 0 | W64: =SUM(T64:V64) -> 21
A65: B. Youngs | B65: {=_xlfn.XLOOKUP(A65,'Player List'!$A$2:$A$177,'Player List'!$B$2:$C$177)} -> England | C65: Scrum Half | D65: 22 | F65: 1 | G65: ='Round 1 Data'!G65*'Round 1 Points'!M$2 -> 0 | H65: ='Round 1 Data'!H65*'Round 1 Points'!N$2 -> 0 | I65: ='Round 1 Data'!I65*'Round 1 Points'!O$2 -> 5 | J65: ='Round 1 Data'!J65*'Round 1 Points'!P$2 -> 0 | K65: ='Round 1 Data'!K65*'Round 1 Points'!Q$2 -> 0 | L65: ='Round 1 Data'!L65*'Round 1 Points'!R$2 -> 0 | M65: ='Round 1 Data'!M65*'Round 1 Points'!S$2 -> 0 | N65: ='Round 1 Data'!N65*'Round 1 Points'!T$2 -> 0 | ... S65: ='Round 1 Data'!S65*'Round 1 Points'!Y$2 -> 0 | T65: =SUM(F65:S65) -> 6 | U65: ='Round 1 Data'!U65*'Round 1 Points'!$Z$2 -> 0 | V65: =IF('Round 1 Data'!D65='Round 1 Points'!$K$1,'Round 1 Points'!$K$2*D65/80,0) -> 0 | W65: =SUM(T65:V65) -> 6
A66: B. Curry | B66: {=_xlfn.XLOOKUP(A66,'Player List'!$A$2:$A$177,'Player List'!$B$2:$C$177)} -> England | C66: Back Row | D66: 61 | F66: 9 | G66: ='Round 1 Data'!G66*'Round 1 Points'!M$2 -> 28 | H66: ='Round 1 Data'!H66*'Round 1 Points'!N$2 -> 0 | I66: ='Round 1 Data'!I66*'Round 1 Points'!O$2 -> 7.4 | J66: ='Round 1 Data'!J66*'Round 1 Points'!P$2 -> 0 | K66: ='Round 1 Data'!K66*'Round 1 Points'!Q$2 -> 0 | L66: ='Round 1 Data'!L66*'Round 1 Points'!R$2 -> 0 | M66: ='Round 1 Data'!M66*'Round 1 Points'!S$2 -> 0 | N66: ='Round 1 Data'!N66*'Round 1 Points'!T$2 -> 0 | ... S66: ='Round 1 Data'!S66*'Round 1 Points'!Y$2 -> 0 | T66: =SUM(F66:S66) -> 44.4 | U66: ='Round 1 Data'!U66*'Round 1 Points'!$Z$2 -> 0 | V66: =IF('Round 1 Data'!D66='Round 1 Points'!$K$1,'Round 1 Points'!$K$2*D66/80,0) -> 0 | W66: =SUM(T66:V66) -> 44.4
A67: A. Dombrandt | B67: {=_xlfn.XLOOKUP(A67,'Player List'!$A$2:$A$177,'Player List'!$B$2:$C$177)} -> England | C67: Back Row | D67: 56 | F67: 4 | G67: ='Round 1 Data'!G67*'Round 1 Points'!M$2 -> 0 | H67: ='Round 1 Data'!H67*'Round 1 Points'!N$2 -> 0 | I67: ='Round 1 Data'!I67*'Round 1 Points'!O$2 -> 12.8 | J67: ='Round 1 Data'!J67*'Round 1 Points'!P$2 -> 0 | K67: ='Round 1 Data'!K67*'Round 1 Points'!Q$2 -> 0 | L67: ='Round 1 Data'!L67*'Round 1 Points'!R$2 -> 7 | M67: ='Round 1 Data'!M67*'Round 1 Points'!S$2 -> 0 | N67: ='Round 1 Data'!N67*'Round 1 Points'!T$2 -> 0 | ... S67: ='Round 1 Data'!S67*'Round 1 Points'!Y$2 -> 0 | T67: =SUM(F67:S67) -> 23.8 | U67: ='Round 1 Data'!U67*'Round 1 Points'!$Z$2 -> 0 | V67: =IF('Round 1 Data'!D67='Round 1 Points'!$K$1,'Round 1 Points'!$K$2*D67/80,0) -> 0 | W67: =SUM(T67:V67) -> 23.8
A68: B. Earl | B68: {=_xlfn.XLOOKUP(A68,'Player List'!$A$2:$A$177,'Player List'!$B$2:$C$177)} -> England | C68: Back Row | D68: 24 | F68: 2 | G68: ='Round 1 Data'!G68*'Round 1 Points'!M$2 -> 7 | H68: ='Round 1 Data'!H68*'Round 1 Points'!N$2 -> 0 | I68: ='Round 1 Data'!I68*'Round 1 Points'!O$2 -> 8.4 | J68: ='Round 1 Data'!J68*'Round 1 Points'!P$2 -> 0 | K68: ='Round 1 Data'!K68*'Round 1 Points'!Q$2 -> 0 | L68: ='Round 1 Data'!L68*'Round 1 Points'!R$2 -> 0 | M68: ='Round 1 Data'!M68*'Round 1 Points'!S$2 -> 0 | N68: ='Round 1 Data'!N68*'Round 1 Points'!T$2 -> 0 | ... S68: ='Round 1 Data'!S68*'Round 1 Points'!Y$2 -> 0 | T68: =SUM(F68:S68) -> 17.4 | U68: ='Round 1 Data'!U68*'Round 1 Points'!$Z$2 -> 0 | V68: =IF('Round 1 Data'!D68='Round 1 Points'!$K$1,'Round 1 Points'!$K$2*D68/80,0) -> 0 | W68: =SUM(T68:V68) -> 17.4
A69: L. Ludlam | B69: {=_xlfn.XLOOKUP(A69,'Player List'!$A$2:$A$177,'Player List'!$B$2:$C$177)} -> England | C69: Back Row | D69: 80 | F69: 6 | G69: ='Round 1 Data'!G69*'Round 1 Points'!M$2 -> 7 | H69: ='Round 1 Data'!H69*'Round 1 Points'!N$2 -> 7 | I69: ='Round 1 Data'!I69*'Round 1 Points'!O$2 -> 15.4 | J69: ='Round 1 Data'!J69*'Round 1 Points'!P$2 -> 0 | K69: ='Round 1 Data'!K69*'Round 1 Points'!Q$2 -> 0 | L69: ='Round 1 Data'!L69*'Round 1 Points'!R$2 -> 0 | M69: ='Round 1 Data'!M69*'Round 1 Points'!S$2 -> 0 | N69: ='Round 1 Data'!N69*'Round 1 Points'!T$2 -> 7 | ... S69: ='Round 1 Data'!S69*'Round 1 Points'!Y$2 -> 0 | T69: =SUM(F69:S69) -> 42.4 | U69: ='Round 1 Data'!U69*'Round 1 Points'!$Z$2 -> 0 | V69: =IF('Round 1 Data'!D69='Round 1 Points'!$K$1,'Round 1 Points'!$K$2*D69/80,0) -> 0 | W69: =SUM(T69:V69) -> 42.4
A70: O. Chessum | B70: {=_xlfn.XLOOKUP(A70,'Player List'!$A$2:$A$177,'Player List'!$B$2:$C$177)} -> England | C70: Second Row | D70: 80 | F70: 6 | G70: ='Round 1 Data'!G70*'Round 1 Points'!M$2 -> 0 | H70: ='Round 1 Data'!H70*'Round 1 Points'!N$2 -> 0 | I70: ='Round 1 Data'!I70*'Round 1 Points'!O$2 -> 14.4 | J70: ='Round 1 Data'!J70*'Round 1 Points'!P$2 -> 0 | K70: ='Round 1 Data'!K70*'Round 1 Points'!Q$2 -> 0 | L70: ='Round 1 Data'!L70*'Round 1 Points'!R$2 -> 0 | M70: ='Round 1 Data'!M70*'Round 1 Points'!S$2 -> 0 | N70: ='Round 1 Data'!N70*'Round 1 Points'!T$2 -> 0 | ... S70: ='Round 1 Data'!S70*'Round 1 Points'!Y$2 -> 0 | T70: =SUM(F70:S70) -> 20.4 | U70: ='Round 1 Data'!U70*'Round 1 Points'!$Z$2 -> 0 | V70: =IF('Round 1 Data'!D70='Round 1 Points'!$K$1,'Round 1 Points'!$K$2*D70/80,0) -> 0 | W70: =SUM(T70:V70) -> 20.4
A71: N. Isiekwe | B71: {=_xlfn.XLOOKUP(A71,'Player List'!$A$2:$A$177,'Player List'!$B$2:$C$177)} -> England | C71: Second Row | D71: 19 | F71: 1 | G71: ='Round 1 Data'!G71*'Round 1 Points'!M$2 -> 7 | H71: ='Round 1 Data'!H71*'Round 1 Points'!N$2 -> 0 | I71: ='Round 1 Data'!I71*'Round 1 Points'!O$2 -> 0.6 | J71: ='Round 1 Data'!J71*'Round 1 Points'!P$2 -> 0 | K71: ='Round 1 Data'!K71*'Round 1 Points'!Q$2 -> 0 | L71: ='Round 1 Data'!L71*'Round 1 Points'!R$2 -> 0 | M71: ='Round 1 Data'!M71*'Round 1 Points'!S$2 -> 0 | N71: ='Round 1 Data'!N71*'Round 1 Points'!T$2 -> 0 | ... S71: ='Round 1 Data'!S71*'Round 1 Points'!Y$2 -> 0 | T71: =SUM(F71:S71) -> 8.6 | U71: ='Round 1 Data'!U71*'Round 1 Points'!$Z$2 -> 0 | V71: =IF('Round 1 Data'!D71='Round 1 Points'!$K$1,'Round 1 Points'!$K$2*D71/80,0) -> 0 | W71: =SUM(T71:V71) -> 8.6
A72: M. Itoje | B72: {=_xlfn.XLOOKUP(A72,'Player List'!$A$2:$A$177,'Player List'!$B$2:$C$177)} -> England | C72: Second Row | D72: 80 | F72: 10 | G72: ='Round 1 Data'!G72*'Round 1 Points'!M$2 -> 14 | H72: ='Round 1 Data'!H72*'Round 1 Points'!N$2 -> 0 | I72: ='Round 1 Data'!I72*'Round 1 Points'!O$2 -> 2.2 | J72: ='Round 1 Data'!J72*'Round 1 Points'!P$2 -> 0 | K72: ='Round 1 Data'!K72*'Round 1 Points'!Q$2 -> 0 | L72: ='Round 1 Data'!L72*'Round 1 Points'!R$2 -> 0 | M72: ='Round 1 Data'!M72*'Round 1 Points'!S$2 -> 0 | N72: ='Round 1 Data'!N72*'Round 1 Points'!T$2 -> 0 | ... S72: ='Round 1 Data'!S72*'Round 1 Points'!Y$2 -> 0 | T72: =SUM(F72:S72) -> 26.2 | U72: ='Round 1 Data'!U72*'Round 1 Points'!$Z$2 -> 0 | V72: =IF('Round 1 Data'!D72='Round 1 Points'!$K$1,'Round 1 Points'!$K$2*D72/80,0) -> 0 | W72: =SUM(T72:V72) -> 26.2
A73: D. Cole | B73: {=_xlfn.XLOOKUP(A73,'Player List'!$A$2:$A$177,'Player List'!$B$2:$C$177)} -> England | C73: Prop | D73: 19 | F73: 1 | G73: ='Round 1 Data'!G73*'Round 1 Points'!M$2 -> 0 | H73: ='Round 1 Data'!H73*'Round 1 Points'!N$2 -> 0 | I73: ='Round 1 Data'!I73*'Round 1 Points'!O$2 -> 0 | J73: ='Round 1 Data'!J73*'Round 1 Points'!P$2 -> 0 | K73: ='Round 1 Data'!K73*'Round 1 Points'!Q$2 -> 0 | L73: ='Round 1 Data'!L73*'Round 1 Points'!R$2 -> 0 | M73: ='Round 1 Data'!M73*'Round 1 Points'!S$2 -> 0 | N73: ='Round 1 Data'!N73*'Round 1 Points'!T$2 -> 0 | ... S73: ='Round 1 Data'!S73*'Round 1 Points'!Y$2 -> 0 | T73: =SUM(F73:S73) -> 1 | U73: ='Round 1 Data'!U73*'Round 1 Points'!$Z$2 -> 0 | V73: =IF('Round 1 Data'!D73='Round 1 Points'!$K$1,'Round 1 Points'!$K$2*D73/80,0) -> 0 | W73: =SUM(T73:V73) -> 1
... A78: S. Hogg | B78: {=_xlfn.XLOOKUP(A78,'Player List'!$A$2:$A$177,'Player List'!$B$2:$C$177)} -> Scotland | C78: Back Three | D78: 66 | F78: 3 | G78: ='Round 1 Data'!G78*'Round 1 Points'!M$2 -> 7 | H78: ='Round 1 Data'!H78*'Round 1 Points'!N$2 -> 0 | I78: ='Round 1 Data'!I78*'Round 1 Points'!O$2 -> 10.8 | J78: ='Round 1 Data'!J78*'Round 1 Points'!P$2 -> 0 | K78: ='Round 1 Data'!K78*'Round 1 Points'!Q$2 -> 0 | L78: ='Round 1 Data'!L78*'Round 1 Points'!R$2 -> 7 | M78: ='Round 1 Data'!M78*'Round 1 Points'!S$2 -> 0 | N78: ='Round 1 Data'!N78*'Round 1 Points'!T$2 -> 0 | ... S78: ='Round 1 Data'!S78*'Round 1 Points'!Y$2 -> 0 | T78: =SUM(F78:S78) -> 27.8 | U78: ='Round 1 Data'!U78*'Round 1 Points'!$Z$2 -> 0 | V78: =IF('Round 1 Data'!D78='Round 1 Points'!$K$1,'Round 1 Points'!$K$2*D78/80,0) -> 6.6 | W78: =SUM(T78:V78) -> 34.4
A79: B. Kinghorn | B79: {=_xlfn.XLOOKUP(A79,'Player List'!$A$2:$A$177,'Player List'!$B$2:$C$177)} -> Scotland | C79: Back Three | D79: 14 | G79: ='Round 1 Data'!G79*'Round 1 Points'!M$2 -> 0 | H79: ='Round 1 Data'!H79*'Round 1 Points'!N$2 -> 0 | I79: ='Round 1 Data'!I79*'Round 1 Points'!O$2 -> 6.8 | J79: ='Round 1 Data'!J79*'Round 1 Points'!P$2 -> 0 | K79: ='Round 1 Data'!K79*'Round 1 Points'!Q$2 -> 0 | L79: ='Round 1 Data'!L79*'Round 1 Points'!R$2 -> 0 | M79: ='Round 1 Data'!M79*'Round 1 Points'!S$2 -> 0 | N79: ='Round 1 Data'!N79*'Round 1 Points'!T$2 -> 0 | ... S79: ='Round 1 Data'!S79*'Round 1 Points'!Y$2 -> 0 | T79: =SUM(F79:S79) -> 6.8 | U79: ='Round 1 Data'!U79*'Round 1 Points'!$Z$2 -> 0 | V79: =IF('Round 1 Data'!D79='Round 1 Points'!$K$1,'Round 1 Points'!$K$2*D79/80,0) -> 1.4 | W79: =SUM(T79:V79) -> 8.2
A80: K. Steyn | B80: {=_xlfn.XLOOKUP(A80,'Player List'!$A$2:$A$177,'Player List'!$B$2:$C$177)} -> Scotland | C80: Back Three | D80: 80 | F80: 6 | G80: ='Round 1 Data'!G80*'Round 1 Points'!M$2 -> 7 | H80: ='Round 1 Data'!H80*'Round 1 Points'!N$2 -> 14 | I80: ='Round 1 Data'!I80*'Round 1 Points'!O$2 -> 12.8 | J80: ='Round 1 Data'!J80*'Round 1 Points'!P$2 -> 0 | K80: ='Round 1 Data'!K80*'Round 1 Points'!Q$2 -> 0 | L80: ='Round 1 Data'!L80*'Round 1 Points'!R$2 -> 0 | M80: ='Round 1 Data'!M80*'Round 1 Points'!S$2 -> 0 | N80: ='Round 1 Data'!N80*'Round 1 Points'!T$2 -> 7 | ... S80: ='Round 1 Data'!S80*'Round 1 Points'!Y$2 -> 0 | T80: =SUM(F80:S80) -> 46.8 | U80: ='Round 1 Data'!U80*'Round 1 Points'!$Z$2 -> 0 | V80: =IF('Round 1 Data'!D80='Round 1 Points'!$K$1,'Round 1 Points'!$K$2*D80/80,0) -> 8 | W80: =SUM(T80:V80) -> 54.8
A81: D. van der Merwe | B81: {=_xlfn.XLOOKUP(A81,'Player List'!$A$2:$A$177,'Player List'!$B$2:$C$177)} -> Scotland | C81: Back Three | D81: 80 | F81: 2 | G81: ='Round 1 Data'!G81*'Round 1 Points'!M$2 -> 0 | H81: ='Round 1 Data'!H81*'Round 1 Points'!N$2 -> 14 | I81: ='Round 1 Data'!I81*'Round 1 Points'!O$2 -> 20.8 | J81: ='Round 1 Data'!J81*'Round 1 Points'!P$2 -> 0 | K81: ='Round 1 Data'!K81*'Round 1 Points'!Q$2 -> 0 | L81: ='Round 1 Data'!L81*'Round 1 Points'!R$2 -> 0 | M81: ='Round 1 Data'!M81*'Round 1 Points'!S$2 -> 30 | N81: ='Round 1 Data'!N81*'Round 1 Points'!T$2 -> 0 | ... S81: ='Round 1 Data'!S81*'Round 1 Points'!Y$2 -> 0 | T81: =SUM(F81:S81) -> 66.8 | U81: ='Round 1 Data'!U81*'Round 1 Points'!$Z$2 -> 15 | V81: =IF('Round 1 Data'!D81='Round 1 Points'!$K$1,'Round 1 Points'!$K$2*D81/80,0) -> 8 | W81: =SUM(T81:V81) -> 89.8
A82: C. Harris | B82: {=_xlfn.XLOOKUP(A82,'Player List'!$A$2:$A$177,'Player List'!$B$2:$C$177)} -> Scotland | C82: Centre | D82: 4 | F82: 1 | G82: ='Round 1 Data'!G82*'Round 1 Points'!M$2 -> 0 | H82: ='Round 1 Data'!H82*'Round 1 Points'!N$2 -> 0 | I82: ='Round 1 Data'!I82*'Round 1 Points'!O$2 -> 0 | J82: ='Round 1 Data'!J82*'Round 1 Points'!P$2 -> 0 | K82: ='Round 1 Data'!K82*'Round 1 Points'!Q$2 -> 0 | L82: ='Round 1 Data'!L82*'Round 1 Points'!R$2 -> 0 | M82: ='Round 1 Data'!M82*'Round 1 Points'!S$2 -> 0 | N82: ='Round 1 Data'!N82*'Round 1 Points'!T$2 -> 0 | ... S82: ='Round 1 Data'!S82*'Round 1 Points'!Y$2 -> 0 | T82: =SUM(F82:S82) -> 1 | U82: ='Round 1 Data'!U82*'Round 1 Points'!$Z$2 -> 0 | V82: =IF('Round 1 Data'!D82='Round 1 Points'!$K$1,'Round 1 Points'!$K$2*D82/80,0) -> 0.4 | W82: =SUM(T82:V82) -> 1.4
A83: H. Jones | B83: {=_xlfn.XLOOKUP(A83,'Player List'!$A$2:$A$177,'Player List'!$B$2:$C$177)} -> Scotland | C83: Centre | D83: 76 | F83: 12 | G83: ='Round 1 Data'!G83*'Round 1 Points'!M$2 -> 0 | H83: ='Round 1 Data'!H83*'Round 1 Points'!N$2 -> 7 | I83: ='Round 1 Data'!I83*'Round 1 Points'!O$2 -> 9.4 | J83: ='Round 1 Data'!J83*'Round 1 Points'!P$2 -> 0 | K83: ='Round 1 Data'!K83*'Round 1 Points'!Q$2 -> 0 | L83: ='Round 1 Data'!L83*'Round 1 Points'!R$2 -> 0 | M83: ='Round 1 Data'!M83*'Round 1 Points'!S$2 -> 15 | N83: ='Round 1 Data'!N83*'Round 1 Points'!T$2 -> 0 | ... S83: ='Round 1 Data'!S83*'Round 1 Points'!Y$2 -> 0 | T83: =SUM(F83:S83) -> 43.4 | U83: ='Round 1 Data'!U83*'Round 1 Points'!$Z$2 -> 0 | V83: =IF('Round 1 Data'!D83='Round 1 Points'!$K$1,'Round 1 Points'!$K$2*D83/80,0) -> 7.6 | W83: =SUM(T83:V83) -> 51
A84: S. Tuipulotu | B84: {=_xlfn.XLOOKUP(A84,'Player List'!$A$2:$A$177,'Player List'!$B$2:$C$177)} -> Scotland | C84: Centre | D84: 80 | F84: 10 | G84: ='Round 1 Data'!G84*'Round 1 Points'!M$2 -> 7 | H84: ='Round 1 Data'!H84*'Round 1 Points'!N$2 -> 0 | I84: ='Round 1 Data'!I84*'Round 1 Points'!O$2 -> 12.6 | J84: ='Round 1 Data'!J84*'Round 1 Points'!P$2 -> 0 | K84: ='Round 1 Data'!K84*'Round 1 Points'!Q$2 -> 0 | L84: ='Round 1 Data'!L84*'Round 1 Points'!R$2 -> 0 | M84: ='Round 1 Data'!M84*'Round 1 Points'!S$2 -> 0 | N84: ='Round 1 Data'!N84*'Round 1 Points'!T$2 -> 7 | ... S84: ='Round 1 Data'!S84*'Round 1 Points'!Y$2 -> 0 | T84: =SUM(F84:S84) -> 36.6 | U84: ='Round 1 Data'!U84*'Round 1 Points'!$Z$2 -> 0 | V84: =IF('Round 1 Data'!D84='Round 1 Points'!$K$1,'Round 1 Points'!$K$2*D84/80,0) -> 8 | W84: =SUM(T84:V84) -> 44.6
A85: F. Russell | B85: {=_xlfn.XLOOKUP(A85,'Player List'!$A$2:$A$177,'Player List'!$B$2:$C$177)} -> Scotland | C85: Fly Half | D85: 80 | F85: 10 | G85: ='Round 1 Data'!G85*'Round 1 Points'!M$2 -> 7 | H85: ='Round 1 Data'!H85*'Round 1 Points'!N$2 -> 0 | I85: ='Round 1 Data'!I85*'Round 1 Points'!O$2 -> 17 | J85: ='Round 1 Data'!J85*'Round 1 Points'!P$2 -> 0 | K85: ='Round 1 Data'!K85*'Round 1 Points'!Q$2 -> 0 | L85: ='Round 1 Data'!L85*'Round 1 Points'!R$2 -> 0 | M85: ='Round 1 Data'!M85*'Round 1 Points'!S$2 -> 0 | N85: ='Round 1 Data'!N85*'Round 1 Points'!T$2 -> 0 | ... S85: ='Round 1 Data'!S85*'Round 1 Points'!Y$2 -> 0 | T85: =SUM(F85:S85) -> 45 | U85: ='Round 1 Data'!U85*'Round 1 Points'!$Z$2 -> 0 | V85: =IF('Round 1 Data'!D85='Round 1 Points'!$K$1,'Round 1 Points'!$K$2*D85/80,0) -> 8 | W85: =SUM(T85:V85) -> 53
A86: G. Horne | B86: {=_xlfn.XLOOKUP(A86,'Player List'!$A$2:$A$177,'Player List'!$B$2:$C$177)} -> Scotland | C86: Scrum Half | D86: 11 | F86: 1 | G86: ='Round 1 Data'!G86*'Round 1 Points'!M$2 -> 0 | H86: ='Round 1 Data'!H86*'Round 1 Points'!N$2 -> 0 | I86: ='Round 1 Data'!I86*'Round 1 Points'!O$2 -> 0 | J86: ='Round 1 Data'!J86*'Round 1 Points'!P$2 -> 0 | K86: ='Round 1 Data'!K86*'Round 1 Points'!Q$2 -> 0 | L86: ='Round 1 Data'!L86*'Round 1 Points'!R$2 -> 0 | M86: ='Round 1 Data'!M86*'Round 1 Points'!S$2 -> 0 | N86: ='Round 1 Data'!N86*'Round 1 Points'!T$2 -> 0 | ... S86: ='Round 1 Data'!S86*'Round 1 Points'!Y$2 -> 0 | T86: =SUM(F86:S86) -> 1 | U86: ='Round 1 Data'!U86*'Round 1 Points'!$Z$2 -> 0 | V86: =IF('Round 1 Data'!D86='Round 1 Points'!$K$1,'Round 1 Points'!$K$2*D86/80,0) -> 1.1 | W86: =SUM(T86:V86) -> 2.1
A87: B. White | B87: {=_xlfn.XLOOKUP(A87,'Player List'!$A$2:$A$177,'Player List'!$B$2:$C$177)} -> Scotland | C87: Scrum Half | D87: 69 | F87: 9 | G87: ='Round 1 Data'!G87*'Round 1 Points'!M$2 -> 7 | H87: ='Round 1 Data'!H87*'Round 1 Points'!N$2 -> 7 | I87: ='Round 1 Data'!I87*'Round 1 Points'!O$2 -> 4.2 | J87: ='Round 1 Data'!J87*'Round 1 Points'!P$2 -> 0 | K87: ='Round 1 Data'!K87*'Round 1 Points'!Q$2 -> 0 | L87: ='Round 1 Data'!L87*'Round 1 Points'!R$2 -> 0 | M87: ='Round 1 Data'!M87*'Round 1 Points'!S$2 -> 15 | N87: ='Round 1 Data'!N87*'Round 1 Points'!T$2 -> 0 | ... S87: ='Round 1 Data'!S87*'Round 1 Points'!Y$2 -> 0 | T87: =SUM(F87:S87) -> 42.2 | U87: ='Round 1 Data'!U87*'Round 1 Points'!$Z$2 -> 0 | V87: =IF('Round 1 Data'!D87='Round 1 Points'!$K$1,'Round 1 Points'!$K$2*D87/80,0) -> 6.9 | W87: =SUM(T87:V87) -> 49.1
A88: L. Crosbie | B88: {=_xlfn.XLOOKUP(A88,'Player List'!$A$2:$A$177,'Player List'!$B$2:$C$177)} -> Scotland | C88: Back Row | D88: 58 | F88: 17 | G88: ='Round 1 Data'!G88*'Round 1 Points'!M$2 -> 21 | H88: ='Round 1 Data'!H88*'Round 1 Points'!N$2 -> 0 | I88: ='Round 1 Data'!I88*'Round 1 Points'!O$2 -> 1.8 | J88: ='Round 1 Data'!J88*'Round 1 Points'!P$2 -> 0 | K88: ='Round 1 Data'!K88*'Round 1 Points'!Q$2 -> 0 | L88: ='Round 1 Data'!L88*'Round 1 Points'!R$2 -> 0 | M88: ='Round 1 Data'!M88*'Round 1 Points'!S$2 -> 0 | N88: ='Round 1 Data'!N88*'Round 1 Points'!T$2 -> 0 | ... S88: ='Round 1 Data'!S88*'Round 1 Points'!Y$2 -> 0 | T88: =SUM(F88:S88) -> 39.8 | U88: ='Round 1 Data'!U88*'Round 1 Points'!$Z$2 -> 0 | V88: =IF('Round 1 Data'!D88='Round 1 Points'!$K$1,'Round 1 Points'!$K$2*D88/80,0) -> 5.8 | W88: =SUM(T88:V88) -> 45.6
A89: J. Dempsey | B89: {=_xlfn.XLOOKUP(A89,'Player List'!$A$2:$A$177,'Player List'!$B$2:$C$177)} -> Scotland | C89: Back Row | D89: 22 | F89: 6 | G89: ='Round 1 Data'!G89*'Round 1 Points'!M$2 -> 0 | H89: ='Round 1 Data'!H89*'Round 1 Points'!N$2 -> 0 | I89: ='Round 1 Data'!I89*'Round 1 Points'!O$2 -> 2.6 | J89: ='Round 1 Data'!J89*'Round 1 Points'!P$2 -> 0 | K89: ='Round 1 Data'!K89*'Round 1 Points'!Q$2 -> 0 | L89: ='Round 1 Data'!L89*'Round 1 Points'!R$2 -> 0 | M89: ='Round 1 Data'!M89*'Round 1 Points'!S$2 -> 0 | N89: ='Round 1 Data'!N89*'Round 1 Points'!T$2 -> 0 | ... S89: ='Round 1 Data'!S89*'Round 1 Points'!Y$2 -> 0 | T89: =SUM(F89:S89) -> 8.6 | U89: ='Round 1 Data'!U89*'Round 1 Points'!$Z$2 -> 0 | V89: =IF('Round 1 Data'!D89='Round 1 Points'!$K$1,'Round 1 Points'!$K$2*D89/80,0) -> 2.2 | W89: =SUM(T89:V89) -> 10.8
A90: M. Fagerson | B90: {=_xlfn.XLOOKUP(A90,'Player List'!$A$2:$A$177,'Player List'!$B$2:$C$177)} -> Scotland | C90: Back Row | D90: 80 | F90: 24 | G90: ='Round 1 Data'!G90*'Round 1 Points'!M$2 -> 14 | H90: ='Round 1 Data'!H90*'Round 1 Points'!N$2 -> 0 | I90: ='Round 1 Data'!I90*'Round 1 Points'!O$2 -> 6.2 | J90: ='Round 1 Data'!J90*'Round 1 Points'!P$2 -> 0 | K90: ='Round 1 Data'!K90*'Round 1 Points'!Q$2 -> 0 | L90: ='Round 1 Data'!L90*'Round 1 Points'!R$2 -> 0 | M90: ='Round 1 Data'!M90*'Round 1 Points'!S$2 -> 0 | N90: ='Round 1 Data'!N90*'Round 1 Points'!T$2 -> 7 | ... S90: ='Round 1 Data'!S90*'Round 1 Points'!Y$2 -> 0 | T90: =SUM(F90:S90) -> 51.2 | U90: ='Round 1 Data'!U90*'Round 1 Points'!$Z$2 -> 0 | V90: =IF('Round 1 Data'!D90='Round 1 Points'!$K$1,'Round 1 Points'!$K$2*D90/80,0) -> 8 | W90: =SUM(T90:V90) -> 59.2
A91: J. Ritchie | B91: {=_xlfn.XLOOKUP(A91,'Player List'!$A$2:$A$177,'Player List'!$B$2:$C$177)} -> Scotland | C91: Back Row | D91: 80 | F91: 11 | G91: ='Round 1 Data'!G91*'Round 1 Points'!M$2 -> 14 | H91: ='Round 1 Data'!H91*'Round 1 Points'!N$2 -> 0 | I91: ='Round 1 Data'!I91*'Round 1 Points'!O$2 -> 6.2 | J91: ='Round 1 Data'!J91*'Round 1 Points'!P$2 -> 0 | K91: ='Round 1 Data'!K91*'Round 1 Points'!Q$2 -> 0 | L91: ='Round 1 Data'!L91*'Round 1 Points'!R$2 -> 7 | M91: ='Round 1 Data'!M91*'Round 1 Points'!S$2 -> 0 | N91: ='Round 1 Data'!N91*'Round 1 Points'!T$2 -> 0 | ... S91: ='Round 1 Data'!S91*'Round 1 Points'!Y$2 -> 0 | T91: =SUM(F91:S91) -> 38.2 | U91: ='Round 1 Data'!U91*'Round 1 Points'!$Z$2 -> 0 | V91: =IF('Round 1 Data'!D91='Round 1 Points'!$K$1,'Round 1 Points'!$K$2*D91/80,0) -> 8 | W91: =SUM(T91:V91) -> 46.2
... A101: P. Bruno | B101: {=_xlfn.XLOOKUP(A101,'Player List'!$A$2:$A$177,'Player List'!$B$2:$C$177)} -> Italy | C101: Back Three | D101: 66 | F101: 6 | G101: ='Round 1 Data'!G101*'Round 1 Points'!M$2 -> 0 | H101: ='Round 1 Data'!H101*'Round 1 Points'!N$2 -> 0 | I101: ='Round 1 Data'!I101*'Round 1 Points'!O$2 -> 9.2 | J101: ='Round 1 Data'!J101*'Round 1 Points'!P$2 -> 0 | K101: ='Round 1 Data'!K101*'Round 1 Points'!Q$2 -> 0 | L101: ='Round 1 Data'!L101*'Round 1 Points'!R$2 -> 0 | M101: ='Round 1 Data'!M101*'Round 1 Points'!S$2 -> 0 | N101: ='Round 1 Data'!N101*'Round 1 Points'!T$2 -> 0 | ... S101: ='Round 1 Data'!S101*'Round 1 Points'!Y$2 -> 0 | T101: =SUM(F101:S101) -> 15.2 | U101: ='Round 1 Data'!U101*'Round 1 Points'!$Z$2 -> 0 | V101: =IF('Round 1 Data'!D101='Round 1 Points'!$K$1,'Round 1 Points'!$K$2*D101/80,0) -> 0 | W101: =SUM(T101:V101) -> 15.2
A102: A. Capuozzo | B102: {=_xlfn.XLOOKUP(A102,'Player List'!$A$2:$A$177,'Player List'!$B$2:$C$177)} -> Italy | C102: Back Three | D102: 80 | G102: ='Round 1 Data'!G102*'Round 1 Points'!M$2 -> 0 | H102: ='Round 1 Data'!H102*'Round 1 Points'!N$2 -> 0 | I102: ='Round 1 Data'!I102*'Round 1 Points'!O$2 -> 22.8 | J102: ='Round 1 Data'!J102*'Round 1 Points'!P$2 -> 0 | K102: ='Round 1 Data'!K102*'Round 1 Points'!Q$2 -> 0 | L102: ='Round 1 Data'!L102*'Round 1 Points'!R$2 -> 0 | M102: ='Round 1 Data'!M102*'Round 1 Points'!S$2 -> 15 | N102: ='Round 1 Data'!N102*'Round 1 Points'!T$2 -> 0 | ... S102: ='Round 1 Data'!S102*'Round 1 Points'!Y$2 -> 0 | T102: =SUM(F102:S102) -> 37.8 | U102: ='Round 1 Data'!U102*'Round 1 Points'!$Z$2 -> 0 | V102: =IF('Round 1 Data'!D102='Round 1 Points'!$K$1,'Round 1 Points'!$K$2*D102/80,0) -> 0 | W102: =SUM(T102:V102) -> 37.8
A103: A. Fusco | B103: {=_xlfn.XLOOKUP(A103,'Player List'!$A$2:$A$177,'Player List'!$B$2:$C$177)} -> Italy | C103: Back Three | D103: 6 | G103: ='Round 1 Data'!G103*'Round 1 Points'!M$2 -> 0 | H103: ='Round 1 Data'!H103*'Round 1 Points'!N$2 -> 0 | I103: ='Round 1 Data'!I103*'Round 1 Points'!O$2 -> 0 | J103: ='Round 1 Data'!J103*'Round 1 Points'!P$2 -> 0 | K103: ='Round 1 Data'!K103*'Round 1 Points'!Q$2 -> 0 | L103: ='Round 1 Data'!L103*'Round 1 Points'!R$2 -> 0 | M103: ='Round 1 Data'!M103*'Round 1 Points'!S$2 -> 0 | N103: ='Round 1 Data'!N103*'Round 1 Points'!T$2 -> 0 | ... S103: ='Round 1 Data'!S103*'Round 1 Points'!Y$2 -> 0 | T103: =SUM(F103:S103) -> 0 | U103: ='Round 1 Data'!U103*'Round 1 Points'!$Z$2 -> 0 | V103: =IF('Round 1 Data'!D103='Round 1 Points'!$K$1,'Round 1 Points'!$K$2*D103/80,0) -> 0 | W103: =SUM(T103:V103) -> 0
A104: T. Menoncello | B104: {=_xlfn.XLOOKUP(A104,'Player List'!$A$2:$A$177,'Player List'!$B$2:$C$177)} -> Italy | C104: Back Three | D104: 80 | G104: ='Round 1 Data'!G104*'Round 1 Points'!M$2 -> 0 | H104: ='Round 1 Data'!H104*'Round 1 Points'!N$2 -> 7 | I104: ='Round 1 Data'!I104*'Round 1 Points'!O$2 -> 7.6 | J104: ='Round 1 Data'!J104*'Round 1 Points'!P$2 -> 0 | K104: ='Round 1 Data'!K104*'Round 1 Points'!Q$2 -> 0 | L104: ='Round 1 Data'!L104*'Round 1 Points'!R$2 -> 0 | M104: ='Round 1 Data'!M104*'Round 1 Points'!S$2 -> 0 | N104: ='Round 1 Data'!N104*'Round 1 Points'!T$2 -> 0 | ... S104: ='Round 1 Data'!S104*'Round 1 Points'!Y$2 -> 0 | T104: =SUM(F104:S104) -> 14.6 | U104: ='Round 1 Data'!U104*'Round 1 Points'!$Z$2 -> 0 | V104: =IF('Round 1 Data'!D104='Round 1 Points'!$K$1,'Round 1 Points'!$K$2*D104/80,0) -> 0 | W104: =SUM(T104:V104) -> 14.6
A105: E. Padovani | B105: {=_xlfn.XLOOKUP(A105,'Player List'!$A$2:$A$177,'Player List'!$B$2:$C$177)} -> Italy | C105: Back Three | D105: 14 | F105: 1 | G105: ='Round 1 Data'!G105*'Round 1 Points'!M$2 -> 0 | H105: ='Round 1 Data'!H105*'Round 1 Points'!N$2 -> 0 | I105: ='Round 1 Data'!I105*'Round 1 Points'!O$2 -> 2.8 | J105: ='Round 1 Data'!J105*'Round 1 Points'!P$2 -> 0 | K105: ='Round 1 Data'!K105*'Round 1 Points'!Q$2 -> 0 | L105: ='Round 1 Data'!L105*'Round 1 Points'!R$2 -> 0 | M105: ='Round 1 Data'!M105*'Round 1 Points'!S$2 -> 0 | N105: ='Round 1 Data'!N105*'Round 1 Points'!T$2 -> 0 | ... S105: ='Round 1 Data'!S105*'Round 1 Points'!Y$2 -> 0 | T105: =SUM(F105:S105) -> 3.8 | U105: ='Round 1 Data'!U105*'Round 1 Points'!$Z$2 -> 0 | V105: =IF('Round 1 Data'!D105='Round 1 Points'!$K$1,'Round 1 Points'!$K$2*D105/80,0) -> 0 | W105: =SUM(T105:V105) -> 3.8
A106: J. Brex | B106: {=_xlfn.XLOOKUP(A106,'Player List'!$A$2:$A$177,'Player List'!$B$2:$C$177)} -> Italy | C106: Centre | D106: 80 | F106: 4 | G106: ='Round 1 Data'!G106*'Round 1 Points'!M$2 -> 0 | H106: ='Round 1 Data'!H106*'Round 1 Points'!N$2 -> 0 | I106: ='Round 1 Data'!I106*'Round 1 Points'!O$2 -> 18 | J106: ='Round 1 Data'!J106*'Round 1 Points'!P$2 -> 0 | K106: ='Round 1 Data'!K106*'Round 1 Points'!Q$2 -> 0 | L106: ='Round 1 Data'!L106*'Round 1 Points'!R$2 -> 0 | M106: ='Round 1 Data'!M106*'Round 1 Points'!S$2 -> 0 | N106: ='Round 1 Data'!N106*'Round 1 Points'!T$2 -> 0 | ... S106: ='Round 1 Data'!S106*'Round 1 Points'!Y$2 -> 0 | T106: =SUM(F106:S106) -> 22 | U106: ='Round 1 Data'!U106*'Round 1 Points'!$Z$2 -> 0 | V106: =IF('Round 1 Data'!D106='Round 1 Points'!$K$1,'Round 1 Points'!$K$2*D106/80,0) -> 0 | W106: =SUM(T106:V106) -> 22
