Workbook

Sheet Raw Data ---->

Sheet Round 1 Data
B2: Scotland | C2: Win | E2: Wales | F2: 10 | G2: 34 | H2: Ireland
B3: Wales | C3: Loss | E3: England | F3: 23 | G3: 29 | H3: Scotland
B4: Ireland | C4: Win | E4: Italy | F4: 24 | G4: 29 | H4: France
B5: England | C5: Loss
B6: France | C6: Win
B7: Italy | C7: Loss
A9: Name | B9: Nation | C9: Position | D9: Win/Loss | E9: Time Played | F9: Tackles | G9: Dominant Tackles | H9: Line Breaks | I9: Metres Carried | J9: 50-22 | K9: Lineout Steal | L9: Breakdown Steal | M9: Try | N9: Assists | O9: Conversion | P9: Penalty | Q9: Drop Goal | R9: Yellow Card | S9: Red Card | T9: Game Total | U9: MoM
A10: J. Adams | B10: {=_xlfn.XLOOKUP(A10,'Player List'!$A$2:$A$177,'Player List'!$B$2:$C$177)} | C10: Back Three | D10: =_xlfn.XLOOKUP(B10,$B$2:$B$7,$C$2:$C$7) | E10: 80 | F10: 3 | G10: 3 | I10: 36 | T10: 31.2
A11: A. Cuthbert | B11: {=_xlfn.XLOOKUP(A11,'Player List'!$A$2:$A$177,'Player List'!$B$2:$C$177)} | C11: Back Three | D11: =_xlfn.XLOOKUP(B11,$B$2:$B$7,$C$2:$C$7) | E11: 12 | F11: 1 | I11: 28 | T11: 6.6
A12: R. Dyer | B12: {=_xlfn.XLOOKUP(A12,'Player List'!$A$2:$A$177,'Player List'!$B$2:$C$177)} | C12: Back Three | D12: =_xlfn.XLOOKUP(B12,$B$2:$B$7,$C$2:$C$7) | E12: 68 | F12: 4 | H12: 2 | I12: 107 | T12: 39.4
A13: L. Williams | B13: {=_xlfn.XLOOKUP(A13,'Player List'!$A$2:$A$177,'Player List'!$B$2:$C$177)} | C13: Back Three | D13: =_xlfn.XLOOKUP(B13,$B$2:$B$7,$C$2:$C$7) | E13: 70 | F13: 2 | H13: 2 | I13: 108 | L13: 1 | M13: 1 | R13: 1 | T13: 54.6
A14: J. Hawkins | B14: {=_xlfn.XLOOKUP(A14,'Player List'!$A$2:$A$177,'Player List'!$B$2:$C$177)} | C14: Centre | D14: =_xlfn.XLOOKUP(B14,$B$2:$B$7,$C$2:$C$7) | E14: 80 | F14: 6 | G14: 1 | H14: 1 | I14: 75 | T14: 35
A15: G. North | B15: {=_xlfn.XLOOKUP(A15,'Player List'!$A$2:$A$177,'Player List'!$B$2:$C$177)} | C15: Centre | D15: =_xlfn.XLOOKUP(B15,$B$2:$B$7,$C$2:$C$7) | E15: 80 | F15: 4 | I15: 58 | T15: 15.6
A16: D. Biggar | B16: {=_xlfn.XLOOKUP(A16,'Player List'!$A$2:$A$177,'Player List'!$B$2:$C$177)} | C16: Fly Half | D16: =_xlfn.XLOOKUP(B16,$B$2:$B$7,$C$2:$C$7) | E16: 67 | F16: 9 | H16: 1 | I16: 35 | N16: 1 | O16: 1 | P16: 1 | T16: 37
A17: O. Williams | B17: {=_xlfn.XLOOKUP(A17,'Player List'!$A$2:$A$177,'Player List'!$B$2:$C$177)} | C17: Fly Half | D17: =_xlfn.XLOOKUP(B17,$B$2:$B$7,$C$2:$C$7) | E17: 13 | F17: 1 | I17: 4 | T17: 1.8
A18: R. Webb | B18: {=_xlfn.XLOOKUP(A18,'Player List'!$A$2:$A$177,'Player List'!$B$2:$C$177)} | C18: Scrum Half | D18: =_xlfn.XLOOKUP(B18,$B$2:$B$7,$C$2:$C$7) | E18: 17 | F18: 2 | G18: 1 | I18: 1 | T18: 9.2
A19: T. Williams | B19: {=_xlfn.XLOOKUP(A19,'Player List'!$A$2:$A$177,'Player List'!$B$2:$C$177)} | C19: Scrum Half | D19: =_xlfn.XLOOKUP(B19,$B$2:$B$7,$C$2:$C$7) | E19: 63 | F19: 6 | I19: 19 | T19: 9.8
A20: T. Faletau | B20: {=_xlfn.XLOOKUP(A20,'Player List'!$A$2:$A$177,'Player List'!$B$2:$C$177)} | C20: Back Row | D20: =_xlfn.XLOOKUP(B20,$B$2:$B$7,$C$2:$C$7) | E20: 80 | F20: 20 | G20: 1 | I20: 49 | T20: 36.8
A21: J. Morgan | B21: {=_xlfn.XLOOKUP(A21,'Player List'!$A$2:$A$177,'Player List'!$B$2:$C$177)} | C21: Back Row | D21: =_xlfn.XLOOKUP(B21,$B$2:$B$7,$C$2:$C$7) | E21: 80 | F21: 14 | G21: 3 | I21: 43 | L21: 1 | T21: 50.6
A22: T. Reffell | B22: {=_xlfn.XLOOKUP(A22,'Player List'!$A$2:$A$177,'Player List'!$B$2:$C$177)} | C22: Back Row | D22: =_xlfn.XLOOKUP(B22,$B$2:$B$7,$C$2:$C$7) | E22: 26 | F22: 8 | T22: 8
A23: J. Tipuric | B23: {=_xlfn.XLOOKUP(A23,'Player List'!$A$2:$A$177,'Player List'!$B$2:$C$177)} | C23: Back Row | D23: =_xlfn.XLOOKUP(B23,$B$2:$B$7,$C$2:$C$7) | E23: 54 | F23: 11 | G23: 3 | I23: 18 | T23: 35.6
A24: A. Beard | B24: {=_xlfn.XLOOKUP(A24,'Player List'!$A$2:$A$177,'Player List'!$B$2:$C$177)} | C24: Second Row | D24: =_xlfn.XLOOKUP(B24,$B$2:$B$7,$C$2:$C$7) | E24: 80 | F24: 13 | G24: 2 | I24: 7 | T24: 28.4
A25: D. Jenkins | B25: {=_xlfn.XLOOKUP(A25,'Player List'!$A$2:$A$177,'Player List'!$B$2:$C$177)} | C25: Second Row | D25: =_xlfn.XLOOKUP(B25,$B$2:$B$7,$C$2:$C$7) | E25: 19 | F25: 3 | I25: 35 | T25: 10
A26: A. Jones | B26: {=_xlfn.XLOOKUP(A26,'Player List'!$A$2:$A$177,'Player List'!$B$2:$C$177)} | C26: Second Row | D26: =_xlfn.XLOOKUP(B26,$B$2:$B$7,$C$2:$C$7) | E26: 61 | F26: 10 | G26: 1 | I26: 29 | T26: 22.8
A27: R. Carre | B27: {=_xlfn.XLOOKUP(A27,'Player List'!$A$2:$A$177,'Player List'!$B$2:$C$177)} | C27: Prop | D27: =_xlfn.XLOOKUP(B27,$B$2:$B$7,$C$2:$C$7) | E27: 26 | F27: 3 | L27: 1 | T27: 10
A28: T. Francis | B28: {=_xlfn.XLOOKUP(A28,'Player List'!$A$2:$A$177,'Player List'!$B$2:$C$177)} | C28: Prop | D28: =_xlfn.XLOOKUP(B28,$B$2:$B$7,$C$2:$C$7) | E28: 40 | F28: 9 | G28: 3 | T28: 30
A29: D. Lewis | B29: {=_xlfn.XLOOKUP(A29,'Player List'!$A$2:$A$177,'Player List'!$B$2:$C$177)} | C29: Prop | D29: =_xlfn.XLOOKUP(B29,$B$2:$B$7,$C$2:$C$7) | E29: 40 | F29: 5 | I29: 7 | T29: 6.4
A30: G. Thomas | B30: {=_xlfn.XLOOKUP(A30,'Player List'!$A$2:$A$177,'Player List'!$B$2:$C$177)} | C30: Prop | D30: =_xlfn.XLOOKUP(B30,$B$2:$B$7,$C$2:$C$7) | E30: 54 | F30: 11 | G30: 2 | I30: 21 | T30: 29.2
A31: S. Baldwin | B31: {=_xlfn.XLOOKUP(A31,'Player List'!$A$2:$A$177,'Player List'!$B$2:$C$177)} | C31: Hooker | D31: =_xlfn.XLOOKUP(B31,$B$2:$B$7,$C$2:$C$7) | E31: 19 | F31: 2 | I31: 19 | T31: 5.8
A32: K. Owens | B32: {=_xlfn.XLOOKUP(A32,'Player List'!$A$2:$A$177,'Player List'!$B$2:$C$177)} | C32: Hooker | D32: =_xlfn.XLOOKUP(B32,$B$2:$B$7,$C$2:$C$7) | E32: 61 | F32: 12 | G32: 3 | I32: 38 | T32: 40.6
A33: M. Hansen | B33: {=_xlfn.XLOOKUP(A33,'Player List'!$A$2:$A$177,'Player List'!$B$2:$C$177)} | C33: Back Three | D33: =_xlfn.XLOOKUP(B33,$B$2:$B$7,$C$2:$C$7) | E33: 80 | F33: 5 | G33: 2 | H33: 1 | I33: 34 | T33: 40.8
A34: H. Keenan | B34: {=_xlfn.XLOOKUP(A34,'Player List'!$A$2:$A$177,'Player List'!$B$2:$C$177)} | C34: Back Three | D34: =_xlfn.XLOOKUP(B34,$B$2:$B$7,$C$2:$C$7) | E34: 80 | I34: 86 | T34: 40.2 | U34: 1
A35: B. Aki | B35: {=_xlfn.XLOOKUP(A35,'Player List'!$A$2:$A$177,'Player List'!$B$2:$C$177)} | C35: Centre | D35: =_xlfn.XLOOKUP(B35,$B$2:$B$7,$C$2:$C$7) | E35: 80 | F35: 4 | H35: 1 | I35: 112 | L35: 1 | M35: 1 | T35: 63.4
A36: S. McCloskey | B36: {=_xlfn.XLOOKUP(A35,'Player List'!$A$2:$A$177,'Player List'!$B$2:$C$177)} | C36: Centre | D36: =_xlfn.XLOOKUP(B36,$B$2:$B$7,$C$2:$C$7) | E36: 20 | F36: 2 | I36: 13 | L36: 1 | T36: 13.6
A37: G. Ringrose | B37: {=_xlfn.XLOOKUP(A36,'Player List'!$A$2:$A$177,'Player List'!$B$2:$C$177)} | C37: Centre | D37: =_xlfn.XLOOKUP(B37,$B$2:$B$7,$C$2:$C$7) | E37: 60 | F37: 7 | I37: 66 | T37: 26.2
A38: R. Byrne | B38: {=_xlfn.XLOOKUP(A37,'Player List'!$A$2:$A$177,'Player List'!$B$2:$C$177)} | C38: Centre | D38: =_xlfn.XLOOKUP(B38,$B$2:$B$7,$C$2:$C$7) | E38: 80 | F38: 10 | I38: 49 | T38: 27.8
A39: J. Sexton | B39: {=_xlfn.XLOOKUP(A38,'Player List'!$A$2:$A$177,'Player List'!$B$2:$C$177)} | C39: Fly Half | D39: =_xlfn.XLOOKUP(B39,$B$2:$B$7,$C$2:$C$7) | E39: 12 | I39: 11 | O39: 1 | T39: 5.4
A40: C. Casey | B40: {=_xlfn.XLOOKUP(A39,'Player List'!$A$2:$A$177,'Player List'!$B$2:$C$177)} | C40: Fly Half | D40: =_xlfn.XLOOKUP(B40,$B$2:$B$7,$C$2:$C$7) | E40: 68 | F40: 7 | I40: 30 | L40: 1 | O40: 3 | P40: 2 | T40: 42.8
A41: C. Murray | B41: {=_xlfn.XLOOKUP(A40,'Player List'!$A$2:$A$177,'Player List'!$B$2:$C$177)} | C41: Scrum Half | D41: =_xlfn.XLOOKUP(B41,$B$2:$B$7,$C$2:$C$7) | E41: 16 | F41: 1 | I41: 1 | N41: 1 | T41: 9.8
A42: J. Conan | B42: {=_xlfn.XLOOKUP(A41,'Player List'!$A$2:$A$177,'Player List'!$B$2:$C$177)} | C42: Scrum Half | D42: =_xlfn.XLOOKUP(B42,$B$2:$B$7,$C$2:$C$7) | E42: 64 | F42: 1 | G42: 1 | H42: 1 | I42: 12 | N42: 1 | T42: 30.8
A43: C. Doris | B43: {=_xlfn.XLOOKUP(A42,'Player List'!$A$2:$A$177,'Player List'!$B$2:$C$177)} | C43: Back Row | D43: =_xlfn.XLOOKUP(B43,$B$2:$B$7,$C$2:$C$7) | E43: 20 | F43: 4 | I43: 7 | L43: 1 | T43: 14.4
A44: P. O'Mahony | B44: {=_xlfn.XLOOKUP(A43,'Player List'!$A$2:$A$177,'Player List'!$B$2:$C$177)} | C44: Back Row | D44: =_xlfn.XLOOKUP(B44,$B$2:$B$7,$C$2:$C$7) | E44: 80 | F44: 17 | G44: 1 | I44: 45 | L44: 1 | M44: 1 | T44: 63
A45: J. van der Flier | B45: {=_xlfn.XLOOKUP(A44,'Player List'!$A$2:$A$177,'Player List'!$B$2:$C$177)} | C45: Back Row | D45: =_xlfn.XLOOKUP(B45,$B$2:$B$7,$C$2:$C$7) | E45: 60 | F45: 4 | G45: 1 | I45: 25 | T45: 22
A46: T. Beirne | B46: {=_xlfn.XLOOKUP(A45,'Player List'!$A$2:$A$177,'Player List'!$B$2:$C$177)} | C46: Back Row | D46: =_xlfn.XLOOKUP(B46,$B$2:$B$7,$C$2:$C$7) | E46: 80 | F46: 12 | G46: 1 | H46: 1 | I46: 31 | M46: 1 | T46: 55.2
A47: I. Henderson | B47: {=_xlfn.XLOOKUP(A46,'Player List'!$A$2:$A$177,'Player List'!$B$2:$C$177)} | C47: Second Row | D47: =_xlfn.XLOOKUP(B47,$B$2:$B$7,$C$2:$C$7) | E47: 54 | F47: 8 | G47: 1 | I47: 27 | T47: 25.8
A48: J. Ryan | B48: {=_xlfn.XLOOKUP(A47,'Player List'!$A$2:$A$177,'Player List'!$B$2:$C$177)} | C48: Second Row | D48: =_xlfn.XLOOKUP(B48,$B$2:$B$7,$C$2:$C$7) | E48: 26 | F48: 3 | I48: 10 | T48: 7.6
A49: F. Bealham | B49: {=_xlfn.XLOOKUP(A48,'Player List'!$A$2:$A$177,'Player List'!$B$2:$C$177)} | C49: Second Row | D49: =_xlfn.XLOOKUP(B49,$B$2:$B$7,$C$2:$C$7) | E49: 80 | F49: 14 | I49: 19 | K49: 1 | M49: 1 | T49: 47.8
A50: D. Kilcoyne | B50: {=_xlfn.XLOOKUP(A49,'Player List'!$A$2:$A$177,'Player List'!$B$2:$C$177)} | C50: Prop | D50: =_xlfn.XLOOKUP(B50,$B$2:$B$7,$C$2:$C$7) | E50: 60 | F50: 12 | G50: 1 | I50: 15 | N50: 1 | T50: 35
A51: T. O'Toole | B51: {=_xlfn.XLOOKUP(A50,'Player List'!$A$2:$A$177,'Player List'!$B$2:$C$177)} | C51: Prop | D51: =_xlfn.XLOOKUP(B51,$B$2:$B$7,$C$2:$C$7) | E51: 7 | F51: 5 | I51: 2 | T51: 6.1
A52: A. Porter | B52: {=_xlfn.XLOOKUP(A51,'Player List'!$A$2:$A$177,'Player List'!$B$2:$C$177)} | C52: Prop | D52: =_xlfn.XLOOKUP(B52,$B$2:$B$7,$C$2:$C$7) | E52: 20 | F52: 5 | T52: 7
A53: R. Herring | B53: {=_xlfn.XLOOKUP(A52,'Player List'!$A$2:$A$177,'Player List'!$B$2:$C$177)} | C53: Prop | D53: =_xlfn.XLOOKUP(B53,$B$2:$B$7,$C$2:$C$7) | E53: 73 | F53: 11 | I53: 25 | T53: 23.3
A54: D. Sheehan | B54: {=_xlfn.XLOOKUP(A53,'Player List'!$A$2:$A$177,'Player List'!$B$2:$C$177)} | C54: Hooker | D54: =_xlfn.XLOOKUP(B54,$B$2:$B$7,$C$2:$C$7) | E54: 7 | F54: 4 | I54: 4 | T54: 5.5
A55: O. Hassell-Collins | B55: {=_xlfn.XLOOKUP(A54,'Player List'!$A$2:$A$177,'Player List'!$B$2:$C$177)} | C55: Hooker | D55: =_xlfn.XLOOKUP(B55,$B$2:$B$7,$C$2:$C$7) | E55: 73 | F55: 5 | G55: 2 | H55: 2 | I55: 54 | K55: 1 | T55: 58.1
A56: M. Malins | B56: {=_xlfn.XLOOKUP(A55,'Player List'!$A$2:$A$177,'Player List'!$B$2:$C$177)} | C56: Back Three | D56: =_xlfn.XLOOKUP(B56,$B$2:$B$7,$C$2:$C$7) | E56: 64 | F56: 2 | I56: 91 | T56: 20.2
A57: F. Steward | B57: {=_xlfn.XLOOKUP(A56,'Player List'!$A$2:$A$177,'Player List'!$B$2:$C$177)} | C57: Back Three | D57: =_xlfn.XLOOKUP(B57,$B$2:$B$7,$C$2:$C$7) | E57: 80 | F57: 5 | G57: 1 | I57: 67 | M57: 2 | T57: 55.4
A58: A. Watson | B58: {=_xlfn.XLOOKUP(A57,'Player List'!$A$2:$A$177,'Player List'!$B$2:$C$177)} | C58: Back Three | D58: =_xlfn.XLOOKUP(B58,$B$2:$B$7,$C$2:$C$7) | E58: 80 | F58: 2 | I58: 101 | T58: 22.2
A59: O. Farrell | B59: {=_xlfn.XLOOKUP(A58,'Player List'!$A$2:$A$177,'Player List'!$B$2:$C$177)} | C59: Back Three | D59: =_xlfn.XLOOKUP(B59,$B$2:$B$7,$C$2:$C$7) | E59: 16 | F59: 2 | I59: 18 | T59: 5.6
A60: O. Lawrence | B60: {=_xlfn.XLOOKUP(A59,'Player List'!$A$2:$A$177,'Player List'!$B$2:$C$177)} | C60: Centre | D60: =_xlfn.XLOOKUP(B60,$B$2:$B$7,$C$2:$C$7) | E60: 80 | F60: 3 | I60: 56 | O60: 1 | P60: 2 | T60: 26.2
A61: J. Marchant | B61: {=_xlfn.XLOOKUP(A60,'Player List'!$A$2:$A$177,'Player List'!$B$2:$C$177)} | C61: Centre | D61: =_xlfn.XLOOKUP(B61,$B$2:$B$7,$C$2:$C$7) | E61: 4 | I61: 10 | T61: 2
A62: M. Smith | B62: {=_xlfn.XLOOKUP(A61,'Player List'!$A$2:$A$177,'Player List'!$B$2:$C$177)} | C62: Centre | D62: =_xlfn.XLOOKUP(B62,$B$2:$B$7,$C$2:$C$7) | E62: 76 | F62: 6 | I62: 58 | T62: 17.6
A63: J. van Poortvliet | B63: {=_xlfn.XLOOKUP(A62,'Player List'!$A$2:$A$177,'Player List'!$B$2:$C$177)} | C63: Fly Half | D63: =_xlfn.XLOOKUP(B63,$B$2:$B$7,$C$2:$C$7) | E63: 80 | F63: 6 | I63: 112 | N63: 1 | T63: 35.4
A64: B. Youngs | B64: {=_xlfn.XLOOKUP(A63,'Player List'!$A$2:$A$177,'Player List'!$B$2:$C$177)} | C64: Scrum Half | D64: =_xlfn.XLOOKUP(B64,$B$2:$B$7,$C$2:$C$7) | E64: 58 | F64: 3 | H64: 1 | I64: 20 | N64: 1 | T64: 21
A65: B. Curry | B65: {=_xlfn.XLOOKUP(A64,'Player List'!$A$2:$A$177,'Player List'!$B$2:$C$177)} | C65: Scrum Half | D65: =_xlfn.XLOOKUP(B65,$B$2:$B$7,$C$2:$C$7) | E65: 22 | F65: 1 | I65: 25 | T65: 6
A66: A. Dombrandt | B66: {=_xlfn.XLOOKUP(A65,'Player List'!$A$2:$A$177,'Player List'!$B$2:$C$177)} | C66: Back Row | D66: =_xlfn.XLOOKUP(B66,$B$2:$B$7,$C$2:$C$7) | E66: 61 | F66: 9 | G66: 4 | I66: 37 | T66: 44.4
A67: B. Earl | B67: {=_xlfn.XLOOKUP(A66,'Player List'!$A$2:$A$177,'Player List'!$B$2:$C$177)} | C67: Back Row | D67: =_xlfn.XLOOKUP(B67,$B$2:$B$7,$C$2:$C$7) | E67: 56 | F67: 4 | I67: 64 | L67: 1 | T67: 23.8
A68: L. Ludlam | B68: {=_xlfn.XLOOKUP(A67,'Player List'!$A$2:$A$177,'Player List'!$B$2:$C$177)} | C68: Back Row | D68: =_xlfn.XLOOKUP(B68,$B$2:$B$7,$C$2:$C$7) | E68: 24 | F68: 2 | G68: 1 | I68: 42 | T68: 17.4
A69: O. Chessum | B69: {=_xlfn.XLOOKUP(A68,'Player List'!$A$2:$A$177,'Player List'!$B$2:$C$177)} | C69: Back Row | D69: =_xlfn.XLOOKUP(B69,$B$2:$B$7,$C$2:$C$7) | E69: 80 | F69: 6 | G69: 1 | H69: 1 | I69: 77 | N69: 1 | T69: 42.4
A70: N. Isiekwe | B70: {=_xlfn.XLOOKUP(A69,'Player List'!$A$2:$A$177,'Player List'!$B$2:$C$177)} | C70: Second Row | D70: =_xlfn.XLOOKUP(B70,$B$2:$B$7,$C$2:$C$7) | E70: 80 | F70: 6 | I70: 72 | T70: 20.4
A71: M. Itoje | B71: {=_xlfn.XLOOKUP(A70,'Player List'!$A$2:$A$177,'Player List'!$B$2:$C$177)} | C71: Second Row | D71: =_xlfn.XLOOKUP(B71,$B$2:$B$7,$C$2:$C$7) | E71: 19 | F71: 1 | G71: 1 | I71: 3 | T71: 8.6
A72: D. Cole | B72: {=_xlfn.XLOOKUP(A71,'Player List'!$A$2:$A$177,'Player List'!$B$2:$C$177)} | C72: Second Row | D72: =_xlfn.XLOOKUP(B72,$B$2:$B$7,$C$2:$C$7) | E72: 80 | F72: 10 | G72: 2 | I72: 11 | T72: 26.2
A73: E. Genge | B73: {=_xlfn.XLOOKUP(A72,'Player List'!$A$2:$A$177,'Player List'!$B$2:$C$177)} | C73: Prop | D73: =_xlfn.XLOOKUP(B73,$B$2:$B$7,$C$2:$C$7) | E73: 19 | F73: 1 | T73: 1
A74: K. Sinckler | B74: {=_xlfn.XLOOKUP(A73,'Player List'!$A$2:$A$177,'Player List'!$B$2:$C$177)} | C74: Prop | D74: =_xlfn.XLOOKUP(B74,$B$2:$B$7,$C$2:$C$7) | E74: 61 | F74: 3 | I74: 83 | M74: 1 | T74: 34.6
A75: M. Vunipola | B75: {=_xlfn.XLOOKUP(A74,'Player List'!$A$2:$A$177,'Player List'!$B$2:$C$177)} | C75: Prop | D75: =_xlfn.XLOOKUP(B75,$B$2:$B$7,$C$2:$C$7) | E75: 61 | F75: 5 | G75: 1 | I75: 35 | T75: 19
A76: J. George | B76: {=_xlfn.XLOOKUP(A75,'Player List'!$A$2:$A$177,'Player List'!$B$2:$C$177)} | C76: Prop | D76: =_xlfn.XLOOKUP(B76,$B$2:$B$7,$C$2:$C$7) | E76: 19 | F76: 2 | I76: 27 | T76: 7.4
A77: S. Hogg | B77: {=_xlfn.XLOOKUP(A76,'Player List'!$A$2:$A$177,'Player List'!$B$2:$C$177)} | C77: Hooker | D77: =_xlfn.XLOOKUP(B77,$B$2:$B$7,$C$2:$C$7) | E77: 80 | F77: 10 | I77: 21 | T77: 14.2
A78: B. Kinghorn | B78: {=_xlfn.XLOOKUP(A77,'Player List'!$A$2:$A$177,'Player List'!$B$2:$C$177)} | C78: Back Three | D78: =_xlfn.XLOOKUP(B78,$B$2:$B$7,$C$2:$C$7) | E78: 66 | F78: 3 | G78: 1 | I78: 54 | L78: 1 | T78: 34.4
A79: K. Steyn | B79: {=_xlfn.XLOOKUP(A78,'Player List'!$A$2:$A$177,'Player List'!$B$2:$C$177)} | C79: Back Three | D79: =_xlfn.XLOOKUP(B79,$B$2:$B$7,$C$2:$C$7) | E79: 14 | I79: 34 | T79: 8.2
A80: D. van der Merwe | B80: {=_xlfn.XLOOKUP(A79,'Player List'!$A$2:$A$177,'Player List'!$B$2:$C$177)} | C80: Back Three | D80: =_xlfn.XLOOKUP(B80,$B$2:$B$7,$C$2:$C$7) | E80: 80 | F80: 6 | G80: 1 | H80: 2 | I80: 64 | N80: 1 | T80: 54.8
A81: C. Harris | B81: {=_xlfn.XLOOKUP(A80,'Player List'!$A$2:$A$177,'Player List'!$B$2:$C$177)} | C81: Back Three | D81: =_xlfn.XLOOKUP(B81,$B$2:$B$7,$C$2:$C$7) | E81: 80 | F81: 2 | H81: 2 | I81: 104 | M81: 2 | T81: 89.8 | U81: 1
A82: H. Jones | B82: {=_xlfn.XLOOKUP(A81,'Player List'!$A$2:$A$177,'Player List'!$B$2:$C$177)} | C82: Centre | D82: =_xlfn.XLOOKUP(B82,$B$2:$B$7,$C$2:$C$7) | E82: 4 | F82: 1 | T82: 1.4
A83: S. Tuipulotu | B83: {=_xlfn.XLOOKUP(A82,'Player List'!$A$2:$A$177,'Player List'!$B$2:$C$177)} | C83: Centre | D83: =_xlfn.XLOOKUP(B83,$B$2:$B$7,$C$2:$C$7) | E83: 76 | F83: 12 | H83: 1 | I83: 47 | M83: 1 | T83: 51
A84: F. Russell | B84: {=_xlfn.XLOOKUP(A83,'Player List'!$A$2:$A$177,'Player List'!$B$2:$C$177)} | C84: Centre | D84: =_xlfn.XLOOKUP(B84,$B$2:$B$7,$C$2:$C$7) | E84: 80 | F84: 10 | G84: 1 | I84: 63 | N84: 1 | T84: 44.6
A85: G. Horne | B85: {=_xlfn.XLOOKUP(A84,'Player List'!$A$2:$A$177,'Player List'!$B$2:$C$177)} | C85: Fly Half | D85: =_xlfn.XLOOKUP(B85,$B$2:$B$7,$C$2:$C$7) | E85: 80 | F85: 10 | G85: 1 | I85: 85 | O85: 3 | P85: 1 | T85: 53
A86: B. White | B86: {=_xlfn.XLOOKUP(A85,'Player List'!$A$2:$A$177,'Player List'!$B$2:$C$177)} | C86: Scrum Half | D86: =_xlfn.XLOOKUP(B86,$B$2:$B$7,$C$2:$C$7) | E86: 11 | F86: 1 | T86: 2.1
A87: L. Crosbie | B87: {=_xlfn.XLOOKUP(A86,'Player List'!$A$2:$A$177,'Player List'!$B$2:$C$177)} | C87: Scrum Half | D87: =_xlfn.XLOOKUP(B87,$B$2:$B$7,$C$2:$C$7) | E87: 69 | F87: 9 | G87: 1 | H87: 1 | I87: 21 | M87: 1 | T87: 49.1
A88: J. Dempsey | B88: {=_xlfn.XLOOKUP(A87,'Player List'!$A$2:$A$177,'Player List'!$B$2:$C$177)} | C88: Back Row | D88: =_xlfn.XLOOKUP(B88,$B$2:$B$7,$C$2:$C$7) | E88: 58 | F88: 17 | G88: 3 | I88: 9 | T88: 45.6
A89: M. Fagerson | B89: {=_xlfn.XLOOKUP(A88,'Player List'!$A$2:$A$177,'Player List'!$B$2:$C$177)} | C89: Back Row | D89: =_xlfn.XLOOKUP(B89,$B$2:$B$7,$C$2:$C$7) | E89: 22 | F89: 6 | I89: 13 | T89: 10.8
A90: J. Ritchie | B90: {=_xlfn.XLOOKUP(A89,'Player List'!$A$2:$A$177,'Player List'!$B$2:$C$177)} | C90: Back Row | D90: =_xlfn.XLOOKUP(B90,$B$2:$B$7,$C$2:$C$7) | E90: 80 | F90: 24 | G90: 2 | I90: 31 | N90: 1 | T90: 59.2
A91: G. Gilchrist | B91: {=_xlfn.XLOOKUP(A90,'Player List'!$A$2:$A$177,'Player List'!$B$2:$C$177)} | C91: Back Row | D91: =_xlfn.XLOOKUP(B91,$B$2:$B$7,$C$2:$C$7) | E91: 80 | F91: 11 | G91: 2 | I91: 31 | L91: 1 | T91: 46.2
A92: J. Gray | B92: {=_xlfn.XLOOKUP(A91,'Player List'!$A$2:$A$177,'Player List'!$B$2:$C$177)} | C92: Second Row | D92: =_xlfn.XLOOKUP(B92,$B$2:$B$7,$C$2:$C$7) | E92: 66 | F92: 13 | G92: 1 | I92: 4 | K92: 1 | T92: 34.4
A93: R. Gray | B93: {=_xlfn.XLOOKUP(A92,'Player List'!$A$2:$A$177,'Player List'!$B$2:$C$177)} | C93: Second Row | D93: =_xlfn.XLOOKUP(B93,$B$2:$B$7,$C$2:$C$7) | E93: 14 | F93: 3 | G93: 1 | I93: 7 | T93: 12.8
A94: S. Berghan | B94: {=_xlfn.XLOOKUP(A93,'Player List'!$A$2:$A$177,'Player List'!$B$2:$C$177)} | C94: Second Row | D94: =_xlfn.XLOOKUP(B94,$B$2:$B$7,$C$2:$C$7) | E94: 80 | F94: 15 | G94: 2 | I94: 6 | T94: 38.2
A95: J. Bhatti | B95: {=_xlfn.XLOOKUP(A94,'Player List'!$A$2:$A$177,'Player List'!$B$2:$C$177)} | C95: Prop | D95: =_xlfn.XLOOKUP(B95,$B$2:$B$7,$C$2:$C$7) | E95: 22 | F95: 8 | T95: 10.2
A96: W. Nel | B96: {=_xlfn.XLOOKUP(A95,'Player List'!$A$2:$A$177,'Player List'!$B$2:$C$177)} | C96: Prop | D96: =_xlfn.XLOOKUP(B96,$B$2:$B$7,$C$2:$C$7) | E96: 14 | F96: 3 | I96: 2 | T96: 4.8
A97: P. Schoeman | B97: {=_xlfn.XLOOKUP(A96,'Player List'!$A$2:$A$177,'Player List'!$B$2:$C$177)} | C97: Prop | D97: =_xlfn.XLOOKUP(B97,$B$2:$B$7,$C$2:$C$7) | E97: 58 | F97: 11 | I97: 3 | T97: 17.4
A98: F. Brown | B98: {=_xlfn.XLOOKUP(A97,'Player List'!$A$2:$A$177,'Player List'!$B$2:$C$177)} | C98: Prop | D98: =_xlfn.XLOOKUP(B98,$B$2:$B$7,$C$2:$C$7) | E98: 66 | F98: 15 | I98: 25 | T98: 26.6
A99: G. Turner | B99: {=_xlfn.XLOOKUP(A98,'Player List'!$A$2:$A$177,'Player List'!$B$2:$C$177)} | C99: Hooker | D99: =_xlfn.XLOOKUP(B99,$B$2:$B$7,$C$2:$C$7) | E99: 22 | F99: 3 | I99: 2 | T99: 5.6
A100: P. Bruno | B100: {=_xlfn.XLOOKUP(A99,'Player List'!$A$2:$A$177,'Player List'!$B$2:$C$177)} | C100: Hooker | D100: =_xlfn.XLOOKUP(B100,$B$2:$B$7,$C$2:$C$7) | E100: 58 | F100: 11 | G100: 2 | I100: 21 | K100: 1 | T100: 42
A101: A. Capuozzo | B101: {=_xlfn.XLOOKUP(A100,'Player List'!$A$2:$A$177,'Player List'!$B$2:$C$177)} | C101: Back Three | D101: =_xlfn.XLOOKUP(B101,$B$2:$B$7,$C$2:$C$7) | E101: 66 | F101: 6 | I101: 46 | T101: 15.2
A102: A. Fusco | B102: {=_xlfn.XLOOKUP(A101,'Player List'!$A$2:$A$177,'Player List'!$B$2:$C$177)} | C102: Back Three | D102: =_xlfn.XLOOKUP(B102,$B$2:$B$7,$C$2:$C$7) | E102: 80 | I102: 114 | M102: 1 | T102: 37.8
...

Sheet Round 2 Data
B2: Scotland | C2: Win | E2: Ireland | F2: 32 | G2: 19 | H2: France
B3: Wales | C3: Loss | E3: Scotland | F3: 35 | G3: 7 | H3: Wales
B4: Ireland | C4: Win | E4: England | F4: 31 | G4: 14 | H4: Italy
B5: England | C5: Win
B6: France | C6: Loss
B7: Italy | C7: Loss
A9: Name | B9: Nation | C9: Position | D9: Win/Loss | E9: Time Played | F9: Tackles | G9: Dominant Tackles | H9: Line Breaks | I9: Metres Carried | J9: 50-22 | K9: Lineout Steal | L9: Breakdown Steal | M9: Try | N9: Assists | O9: Conversion | P9: Penalty | Q9: Drop Goal | R9: Yellow Card | S9: Red Card | T9: Game Total | U9: MoM | V9: Total Points
A10: M. Hansen | B10: {=_xlfn.XLOOKUP(A10,'Player List'!$A$2:$A$177,'Player List'!$B$2:$C$177)} | C10: Back Three | D10: =_xlfn.XLOOKUP(B10,$B$2:$B$7,$C$2:$C$7) | E10: 80 | F10: 5 | I10: 63 | T10: 25.6
A11: H. Keenan | B11: {=_xlfn.XLOOKUP(A11,'Player List'!$A$2:$A$177,'Player List'!$B$2:$C$177)} | C11: Back Three | D11: =_xlfn.XLOOKUP(B11,$B$2:$B$7,$C$2:$C$7) | E11: 80 | F11: 3 | G11: 1 | H11: 2 | I11: 205 | J11: 1 | M11: 1 | T11: 98
A12: J. Lowe | B12: {=_xlfn.XLOOKUP(A12,'Player List'!$A$2:$A$177,'Player List'!$B$2:$C$177)} | C12: Back Three | D12: =_xlfn.XLOOKUP(B12,$B$2:$B$7,$C$2:$C$7) | E12: 80 | F12: 4 | H12: 1 | I12: 94 | M12: 1 | T12: 52.8
A13: B. Aki | B13: {=_xlfn.XLOOKUP(A13,'Player List'!$A$2:$A$177,'Player List'!$B$2:$C$177)} | C13: Centre | D13: =_xlfn.XLOOKUP(B13,$B$2:$B$7,$C$2:$C$7) | E13: 14 | F13: 3 | I13: 25 | T13: 9.4
A14: S. McCloskey | B14: {=_xlfn.XLOOKUP(A14,'Player List'!$A$2:$A$177,'Player List'!$B$2:$C$177)} | C14: Centre | D14: =_xlfn.XLOOKUP(B14,$B$2:$B$7,$C$2:$C$7) | E14: 66 | F14: 3 | I14: 69 | L14: 1 | T14: 30.4
A15: G. Ringrose | B15: {=_xlfn.XLOOKUP(A15,'Player List'!$A$2:$A$177,'Player List'!$B$2:$C$177)} | C15: Centre | D15: =_xlfn.XLOOKUP(B15,$B$2:$B$7,$C$2:$C$7) | E15: 80 | F15: 9 | G15: 1 | H15: 1 | I15: 64 | M15: 1 | N15: 1 | T15: 65.8
A16: R. Byrne | B16: {=_xlfn.XLOOKUP(A16,'Player List'!$A$2:$A$177,'Player List'!$B$2:$C$177)} | C16: Fly Half | D16: =_xlfn.XLOOKUP(B16,$B$2:$B$7,$C$2:$C$7) | E16: 32 | F16: 3 | I16: 10 | O16: 1 | P16: 1 | T16: 15.2
A17: J. Sexton | B17: {=_xlfn.XLOOKUP(A17,'Player List'!$A$2:$A$177,'Player List'!$B$2:$C$177)} | C17: Fly Half | D17: =_xlfn.XLOOKUP(B17,$B$2:$B$7,$C$2:$C$7) | E17: 48 | F17: 3 | H17: 2 | I17: 80 | O17: 2 | P17: 1 | T17: 46.8
A18: C. Casey | B18: {=_xlfn.XLOOKUP(A18,'Player List'!$A$2:$A$177,'Player List'!$B$2:$C$177)} | C18: Scrum Half | D18: =_xlfn.XLOOKUP(B18,$B$2:$B$7,$C$2:$C$7) | E18: 24 | F18: 1 | I18: 14 | T18: 6.2
A19: C. Murray | B19: {=_xlfn.XLOOKUP(A19,'Player List'!$A$2:$A$177,'Player List'!$B$2:$C$177)} | C19: Scrum Half | D19: =_xlfn.XLOOKUP(B19,$B$2:$B$7,$C$2:$C$7) | E19: 56 | F19: 3 | I19: 11 | T19: 10.8
A20: J. Conan | B20: {=_xlfn.XLOOKUP(A20,'Player List'!$A$2:$A$177,'Player List'!$B$2:$C$177)} | C20: Back Row | D20: =_xlfn.XLOOKUP(B20,$B$2:$B$7,$C$2:$C$7) | E20: 24 | F20: 2 | I20: 22 | T20: 8.8
A21: C. Doris | B21: {=_xlfn.XLOOKUP(A21,'Player List'!$A$2:$A$177,'Player List'!$B$2:$C$177)} | C21: Back Row | D21: =_xlfn.XLOOKUP(B21,$B$2:$B$7,$C$2:$C$7) | E21: 80 | F21: 6 | I21: 117 | L21: 1 | N21: 1 | T21: 66.4 | U21: 1
A22: P. O'Mahony | B22: {=_xlfn.XLOOKUP(A22,'Player List'!$A$2:$A$177,'Player List'!$B$2:$C$177)} | C22: Back Row | D22: =_xlfn.XLOOKUP(B22,$B$2:$B$7,$C$2:$C$7) | E22: 56 | F22: 7 | I22: 15 | T22: 15.6
A23: J. van der Flier | B23: {=_xlfn.XLOOKUP(A23,'Player List'!$A$2:$A$177,'Player List'!$B$2:$C$177)} | C23: Back Row | D23: =_xlfn.XLOOKUP(B23,$B$2:$B$7,$C$2:$C$7) | E23: 80 | F23: 12 | G23: 1 | I23: 51 | T23: 37.2
A24: T. Beirne | B24: {=_xlfn.XLOOKUP(A24,'Player List'!$A$2:$A$177,'Player List'!$B$2:$C$177)} | C24: Second Row | D24: =_xlfn.XLOOKUP(B24,$B$2:$B$7,$C$2:$C$7) | E24: 45 | F24: 10 | G24: 2 | H24: 1 | I24: 33 | L24: 1 | T24: 49.1
A25: I. Henderson | B25: {=_xlfn.XLOOKUP(A25,'Player List'!$A$2:$A$177,'Player List'!$B$2:$C$177)} | C25: Second Row | D25: =_xlfn.XLOOKUP(B25,$B$2:$B$7,$C$2:$C$7) | E25: 35 | F25: 4 | I25: 20 | T25: 11.5
A26: J. Ryan | B26: {=_xlfn.XLOOKUP(A26,'Player List'!$A$2:$A$177,'Player List'!$B$2:$C$177)} | C26: Second Row | D26: =_xlfn.XLOOKUP(B26,$B$2:$B$7,$C$2:$C$7) | E26: 80 | F26: 15 | G26: 1 | I26: 52 | T26: 40.4
A27: F. Bealham | B27: {=_xlfn.XLOOKUP(A27,'Player List'!$A$2:$A$177,'Player List'!$B$2:$C$177)} | C27: Prop | D27: =_xlfn.XLOOKUP(B27,$B$2:$B$7,$C$2:$C$7) | E27: 61 | F27: 12 | G27: 1 | I27: 11 | N27: 1 | T27: 34.3
A28: D. Kilcoyne | B28: {=_xlfn.XLOOKUP(A28,'Player List'!$A$2:$A$177,'Player List'!$B$2:$C$177)} | C28: Prop | D28: =_xlfn.XLOOKUP(B28,$B$2:$B$7,$C$2:$C$7) | E28: 11 | F28: 3 | I28: 9 | T28: 5.9
A29: T. O'Toole | B29: {=_xlfn.XLOOKUP(A29,'Player List'!$A$2:$A$177,'Player List'!$B$2:$C$177)} | C29: Prop | D29: =_xlfn.XLOOKUP(B29,$B$2:$B$7,$C$2:$C$7) | E29: 19 | I29: 52 | T29: 12.3
A30: A. Porter | B30: {=_xlfn.XLOOKUP(A30,'Player List'!$A$2:$A$177,'Player List'!$B$2:$C$177)} | C30: Prop | D30: =_xlfn.XLOOKUP(B30,$B$2:$B$7,$C$2:$C$7) | E30: 69 | F30: 6 | I30: 17 | M30: 1 | T30: 31.3
A31: R. Herring | B31: {=_xlfn.XLOOKUP(A31,'Player List'!$A$2:$A$177,'Player List'!$B$2:$C$177)} | C31: Hooker | D31: =_xlfn.XLOOKUP(B31,$B$2:$B$7,$C$2:$C$7) | E31: 25 | F31: 6 | I31: 7 | T31: 9.9
A32: R. Kelleher | B32: {=_xlfn.XLOOKUP(A32,'Player List'!$A$2:$A$177,'Player List'!$B$2:$C$177)} | C32: Hooker | D32: =_xlfn.XLOOKUP(B32,$B$2:$B$7,$C$2:$C$7) | E32: 55 | F32: 9 | G32: 2 | I32: 38 | T32: 36.1
A33: D. Penaud | B33: {=_xlfn.XLOOKUP(A33,'Player List'!$A$2:$A$177,'Player List'!$B$2:$C$177)} | C33: Back Three | D33: =_xlfn.XLOOKUP(B33,$B$2:$B$7,$C$2:$C$7) | E33: 80 | F33: 4 | H33: 1 | I33: 134 | M33: 1 | T33: 52.8
A34: T. Ramos | B34: {=_xlfn.XLOOKUP(A34,'Player List'!$A$2:$A$177,'Player List'!$B$2:$C$177)} | C34: Back Three | D34: =_xlfn.XLOOKUP(B34,$B$2:$B$7,$C$2:$C$7) | E34: 61 | F34: 3 | I34: 90 | O34: 1 | P34: 3 | Q34: 1 | T34: 45
A35: E. Dumortier | B35: {=_xlfn.XLOOKUP(A35,'Player List'!$A$2:$A$177,'Player List'!$B$2:$C$177)} | C35: Centre | D35: =_xlfn.XLOOKUP(B35,$B$2:$B$7,$C$2:$C$7) | E35: 68 | F35: 2 | H35: 2 | I35: 88 | T35: 33.6
A36: G. Fickou | B36: {=_xlfn.XLOOKUP(A36,'Player List'!$A$2:$A$177,'Player List'!$B$2:$C$177)} | C36: Centre | D36: =_xlfn.XLOOKUP(B36,$B$2:$B$7,$C$2:$C$7) | E36: 80 | F36: 14 | I36: 83 | T36: 30.6
A37: Y. Moefana | B37: {=_xlfn.XLOOKUP(A37,'Player List'!$A$2:$A$177,'Player List'!$B$2:$C$177)} | C37: Centre | D37: =_xlfn.XLOOKUP(B37,$B$2:$B$7,$C$2:$C$7) | E37: 80 | F37: 9 | I37: 57 | T37: 20.4
A38: M. Jalibert | B38: {=_xlfn.XLOOKUP(A38,'Player List'!$A$2:$A$177,'Player List'!$B$2:$C$177)} | C38: Fly Half | D38: =_xlfn.XLOOKUP(B38,$B$2:$B$7,$C$2:$C$7) | E38: 19 | F38: 2 | I38: 19 | T38: 5.8
A39: R. Ntamack | B39: {=_xlfn.XLOOKUP(A39,'Player List'!$A$2:$A$177,'Player List'!$B$2:$C$177)} | C39: Fly Half | D39: =_xlfn.XLOOKUP(B39,$B$2:$B$7,$C$2:$C$7) | E39: 80 | F39: 12 | I39: 51 | T39: 22.2
A40: A. Dupont | B40: {=_xlfn.XLOOKUP(A40,'Player List'!$A$2:$A$177,'Player List'!$B$2:$C$177)} | C40: Scrum Half | D40: =_xlfn.XLOOKUP(B40,$B$2:$B$7,$C$2:$C$7) | E40: 80 | F40: 10 | G40: 1 | H40: 2 | I40: 90 | T40: 49
A41: G. Alldritt | B41: {=_xlfn.XLOOKUP(A41,'Player List'!$A$2:$A$177,'Player List'!$B$2:$C$177)} | C41: Back Row | D41: =_xlfn.XLOOKUP(B41,$B$2:$B$7,$C$2:$C$7) | E41: 52 | F41: 13 | I41: 17 | T41: 16.4
A42: F. Cros | B42: {=_xlfn.XLOOKUP(A42,'Player List'!$A$2:$A$177,'Player List'!$B$2:$C$177)} | C42: Back Row | D42: =_xlfn.XLOOKUP(B42,$B$2:$B$7,$C$2:$C$7) | E42: 11 | F42: 6 | T42: 6
A43: A. Jelonch | B43: {=_xlfn.XLOOKUP(A43,'Player List'!$A$2:$A$177,'Player List'!$B$2:$C$177)} | C43: Back Row | D43: =_xlfn.XLOOKUP(B43,$B$2:$B$7,$C$2:$C$7) | E43: 80 | F43: 22 | H43: 1 | I43: 58 | N43: 1 | T43: 47.6
A44: S. Macalou | B44: {=_xlfn.XLOOKUP(A44,'Player List'!$A$2:$A$177,'Player List'!$B$2:$C$177)} | C44: Back Row | D44: =_xlfn.XLOOKUP(B44,$B$2:$B$7,$C$2:$C$7) | E44: 28 | F44: 7 | I44: 23 | T44: 11.6
A45: C. Ollivon | B45: {=_xlfn.XLOOKUP(A45,'Player List'!$A$2:$A$177,'Player List'!$B$2:$C$177)} | C45: Back Row | D45: =_xlfn.XLOOKUP(B45,$B$2:$B$7,$C$2:$C$7) | E45: 69 | F45: 21 | I45: 25 | L45: 1 | T45: 33
A46: T. Flament | B46: {=_xlfn.XLOOKUP(A46,'Player List'!$A$2:$A$177,'Player List'!$B$2:$C$177)} | C46: Second Row | D46: =_xlfn.XLOOKUP(B46,$B$2:$B$7,$C$2:$C$7) | E46: 80 | F46: 24 | G46: 2 | I46: 60 | T46: 50
A47: R. Taofifenua | B47: {=_xlfn.XLOOKUP(A47,'Player List'!$A$2:$A$177,'Player List'!$B$2:$C$177)} | C47: Second Row | D47: =_xlfn.XLOOKUP(B47,$B$2:$B$7,$C$2:$C$7) | E47: 35 | F47: 11 | G47: 1 | I47: 3 | L47: 1 | T47: 25.6
A48: P. Willemse | B48: {=_xlfn.XLOOKUP(A48,'Player List'!$A$2:$A$177,'Player List'!$B$2:$C$177)} | C48: Second Row | D48: =_xlfn.XLOOKUP(B48,$B$2:$B$7,$C$2:$C$7) | E48: 45 | F48: 10 | G48: 2 | I48: 16 | T48: 27.2
A49: U. Atonio | B49: {=_xlfn.XLOOKUP(A49,'Player List'!$A$2:$A$177,'Player List'!$B$2:$C$177)} | C49: Prop | D49: =_xlfn.XLOOKUP(B49,$B$2:$B$7,$C$2:$C$7) | E49: 44 | F49: 8 | G49: 2 | I49: 6 | R49: 1 | T49: 18.2
A50: C. Baille | B50: {=_xlfn.XLOOKUP(A50,'Player List'!$A$2:$A$177,'Player List'!$B$2:$C$177)} | C50: Prop | D50: =_xlfn.XLOOKUP(B50,$B$2:$B$7,$C$2:$C$7) | E50: 56 | F50: 14 | I50: 23 | T50: 18.6
A51: S. Falatea | B51: {=_xlfn.XLOOKUP(A51,'Player List'!$A$2:$A$177,'Player List'!$B$2:$C$177)} | C51: Prop | D51: =_xlfn.XLOOKUP(B51,$B$2:$B$7,$C$2:$C$7) | E51: 36 | F51: 6 | G51: 1 | I51: 20 | T51: 17
A52: R. Wardi | B52: {=_xlfn.XLOOKUP(A52,'Player List'!$A$2:$A$177,'Player List'!$B$2:$C$177)} | C52: Prop | D52: =_xlfn.XLOOKUP(B52,$B$2:$B$7,$C$2:$C$7) | E52: 24 | F52: 6 | G52: 1 | I52: 11 | T52: 15.2
A53: G. Barlot | B53: {=_xlfn.XLOOKUP(A53,'Player List'!$A$2:$A$177,'Player List'!$B$2:$C$177)} | C53: Hooker | D53: =_xlfn.XLOOKUP(B53,$B$2:$B$7,$C$2:$C$7) | E53: 6 | F53: 2 | I53: 18 | T53: 5.6
A54: J. Marchand | B54: {=_xlfn.XLOOKUP(A54,'Player List'!$A$2:$A$177,'Player List'!$B$2:$C$177)} | C54: Hooker | D54: =_xlfn.XLOOKUP(B54,$B$2:$B$7,$C$2:$C$7) | E54: 74 | F54: 19 | I54: 24 | L54: 2 | T54: 37.8
A55: S. Hogg | B55: {=_xlfn.XLOOKUP(A55,'Player List'!$A$2:$A$177,'Player List'!$B$2:$C$177)} | C55: Back Three | D55: =_xlfn.XLOOKUP(B55,$B$2:$B$7,$C$2:$C$7) | E55: 13 | F55: 1 | I55: 18 | T55: 5.9
A56: B. Kinghorn | B56: {=_xlfn.XLOOKUP(A56,'Player List'!$A$2:$A$177,'Player List'!$B$2:$C$177)} | C56: Back Three | D56: =_xlfn.XLOOKUP(B56,$B$2:$B$7,$C$2:$C$7) | E56: 67 | F56: 5 | H56: 2 | I56: 110 | M56: 1 | T56: 62.7
A57: K. Steyn | B57: {=_xlfn.XLOOKUP(A57,'Player List'!$A$2:$A$177,'Player List'!$B$2:$C$177)} | C57: Back Three | D57: =_xlfn.XLOOKUP(B57,$B$2:$B$7,$C$2:$C$7) | E57: 80 | F57: 3 | H57: 3 | I57: 65 | M57: 2 | T57: 75
A58: D. van der Merwe | B58: {=_xlfn.XLOOKUP(A58,'Player List'!$A$2:$A$177,'Player List'!$B$2:$C$177)} | C58: Back Three | D58: =_xlfn.XLOOKUP(B58,$B$2:$B$7,$C$2:$C$7) | E58: 80 | F58: 2 | H58: 3 | I58: 149 | N58: 1 | T58: 67.8
A59: C. Harris | B59: {=_xlfn.XLOOKUP(A59,'Player List'!$A$2:$A$177,'Player List'!$B$2:$C$177)} | C59: Centre | D59: =_xlfn.XLOOKUP(B59,$B$2:$B$7,$C$2:$C$7) | E59: 8 | F59: 3 | I59: 12 | T59: 6.2
A60: H. Jones | B60: {=_xlfn.XLOOKUP(A60,'Player List'!$A$2:$A$177,'Player List'!$B$2:$C$177)} | C60: Centre | D60: =_xlfn.XLOOKUP(B60,$B$2:$B$7,$C$2:$C$7) | E60: 80 | F60: 10 | G60: 1 | H60: 1 | I60: 72 | T60: 46.4
A61: S. Tuipulotu | B61: {=_xlfn.XLOOKUP(A61,'Player List'!$A$2:$A$177,'Player List'!$B$2:$C$177)} | C61: Centre | D61: =_xlfn.XLOOKUP(B61,$B$2:$B$7,$C$2:$C$7) | E61: 72 | F61: 12 | I61: 16 | T61: 22.4
A62: F. Russell | B62: {=_xlfn.XLOOKUP(A62,'Player List'!$A$2:$A$177,'Player List'!$B$2:$C$177)} | C62: Fly Half | D62: =_xlfn.XLOOKUP(B62,$B$2:$B$7,$C$2:$C$7) | E62: 80 | F62: 8 | I62: 73 | J62: 1 | N62: 3 | O62: 2 | P62: 2 | T62: 90.6 | U62: 1
A63: G. Horne | B63: {=_xlfn.XLOOKUP(A63,'Player List'!$A$2:$A$177,'Player List'!$B$2:$C$177)} | C63: Scrum Half | D63: =_xlfn.XLOOKUP(B63,$B$2:$B$7,$C$2:$C$7) | E63: 21 | F63: 3 | I63: 8 | T63: 6.7
A64: B. White | B64: {=_xlfn.XLOOKUP(A64,'Player List'!$A$2:$A$177,'Player List'!$B$2:$C$177)} | C64: Scrum Half | D64: =_xlfn.XLOOKUP(B64,$B$2:$B$7,$C$2:$C$7) | E64: 59 | F64: 4 | I64: 23 | T64: 14.5
A65: L. Crosbie | B65: {=_xlfn.XLOOKUP(A65,'Player List'!$A$2:$A$177,'Player List'!$B$2:$C$177)} | C65: Back Row | D65: =_xlfn.XLOOKUP(B65,$B$2:$B$7,$C$2:$C$7) | E65: 39 | F65: 11 | G65: 1 | I65: 10 | T65: 23.9
A66: J. Dempsey | B66: {=_xlfn.XLOOKUP(A66,'Player List'!$A$2:$A$177,'Player List'!$B$2:$C$177)} | C66: Back Row | D66: =_xlfn.XLOOKUP(B66,$B$2:$B$7,$C$2:$C$7) | E66: 36 | F66: 2 | I66: 14 | T66: 8.4
A67: M. Fagerson | B67: {=_xlfn.XLOOKUP(A67,'Player List'!$A$2:$A$177,'Player List'!$B$2:$C$177)} | C67: Back Row | D67: =_xlfn.XLOOKUP(B67,$B$2:$B$7,$C$2:$C$7) | E67: 80 | F67: 16 | G67: 2 | H67: 1 | I67: 49 | M67: 1 | T67: 69.8
A68: J. Ritchie | B68: {=_xlfn.XLOOKUP(A68,'Player List'!$A$2:$A$177,'Player List'!$B$2:$C$177)} | C68: Back Row | D68: =_xlfn.XLOOKUP(B68,$B$2:$B$7,$C$2:$C$7) | E68: 80 | F68: 8 | I68: 10 | L68: 2 | T68: 32
A69: G. Gilchrist | B69: {=_xlfn.XLOOKUP(A69,'Player List'!$A$2:$A$177,'Player List'!$B$2:$C$177)} | C69: Second Row | D69: =_xlfn.XLOOKUP(B69,$B$2:$B$7,$C$2:$C$7) | E69: 64 | F69: 10 | G69: 2 | K69: 1 | T69: 37.4
A70: J. Gray | B70: {=_xlfn.XLOOKUP(A70,'Player List'!$A$2:$A$177,'Player List'!$B$2:$C$177)} | C70: Second Row | D70: =_xlfn.XLOOKUP(B70,$B$2:$B$7,$C$2:$C$7) | E70: 16 | F70: 3 | G70: 1 | I70: 2 | T70: 12
A71: R. Gray | B71: {=_xlfn.XLOOKUP(A71,'Player List'!$A$2:$A$177,'Player List'!$B$2:$C$177)} | C71: Second Row | D71: =_xlfn.XLOOKUP(B71,$B$2:$B$7,$C$2:$C$7) | E71: 80 | F71: 12 | G71: 1 | I71: 4 | K71: 1 | T71: 34.8
A72: J. Bhatti | B72: {=_xlfn.XLOOKUP(A72,'Player List'!$A$2:$A$177,'Player List'!$B$2:$C$177)} | C72: Prop | D72: =_xlfn.XLOOKUP(B72,$B$2:$B$7,$C$2:$C$7) | E72: 16 | F72: 3 | T72: 4.6
A73: Z. Fagerson | B73: {=_xlfn.XLOOKUP(A73,'Player List'!$A$2:$A$177,'Player List'!$B$2:$C$177)} | C73: Prop | D73: =_xlfn.XLOOKUP(B73,$B$2:$B$7,$C$2:$C$7) | E73: 64 | F73: 15 | G73: 2 | I73: 14 | T73: 38.2
A74: W. Nel | B74: {=_xlfn.XLOOKUP(A74,'Player List'!$A$2:$A$177,'Player List'!$B$2:$C$177)} | C74: Prop | D74: =_xlfn.XLOOKUP(B74,$B$2:$B$7,$C$2:$C$7) | E74: 16 | F74: 1 | T74: 2.6
A75: P. Schoeman | B75: {=_xlfn.XLOOKUP(A75,'Player List'!$A$2:$A$177,'Player List'!$B$2:$C$177)} | C75: Prop | D75: =_xlfn.XLOOKUP(B75,$B$2:$B$7,$C$2:$C$7) | E75: 64 | F75: 12 | I75: 35 | T75: 25.4
A76: F. Brown | B76: {=_xlfn.XLOOKUP(A76,'Player List'!$A$2:$A$177,'Player List'!$B$2:$C$177)} | C76: Hooker | D76: =_xlfn.XLOOKUP(B76,$B$2:$B$7,$C$2:$C$7) | E76: 27 | F76: 3 | I76: 14 | L76: 1 | T76: 15.5
A77: G. Turner | B77: {=_xlfn.XLOOKUP(A77,'Player List'!$A$2:$A$177,'Player List'!$B$2:$C$177)} | C77: Hooker | D77: =_xlfn.XLOOKUP(B77,$B$2:$B$7,$C$2:$C$7) | E77: 48 | F77: 5 | I77: 37 | M77: 1 | R77: 1 | T77: 27.2
A78: J. Adams | B78: {=_xlfn.XLOOKUP(A78,'Player List'!$A$2:$A$177,'Player List'!$B$2:$C$177)} | C78: Back Three | D78: =_xlfn.XLOOKUP(B78,$B$2:$B$7,$C$2:$C$7) | E78: 59 | F78: 5 | G78: 1 | I78: 21 | L78: 1 | T78: 23.2
A79: A. Cuthbert | B79: {=_xlfn.XLOOKUP(A79,'Player List'!$A$2:$A$177,'Player List'!$B$2:$C$177)} | C79: Back Three | D79: =_xlfn.XLOOKUP(B79,$B$2:$B$7,$C$2:$C$7) | E79: 28 | F79: 1 | I79: 47 | T79: 10.4
A80: R. Dyer | B80: {=_xlfn.XLOOKUP(A80,'Player List'!$A$2:$A$177,'Player List'!$B$2:$C$177)} | C80: Back Three | D80: =_xlfn.XLOOKUP(B80,$B$2:$B$7,$C$2:$C$7) | E80: 80 | F80: 5 | H80: 1 | I80: 90 | T80: 30
A81: L. Williams | B81: {=_xlfn.XLOOKUP(A81,'Player List'!$A$2:$A$177,'Player List'!$B$2:$C$177)} | C81: Back Three | D81: =_xlfn.XLOOKUP(B81,$B$2:$B$7,$C$2:$C$7) | E81: 69 | F81: 9 | I81: 44 | R81: 1 | T81: 12.8
A82: J. Hawkins | B82: {=_xlfn.XLOOKUP(A82,'Player List'!$A$2:$A$177,'Player List'!$B$2:$C$177)} | C82: Centre | D82: =_xlfn.XLOOKUP(B82,$B$2:$B$7,$C$2:$C$7) | E82: 80 | F82: 7 | I82: 26 | T82: 12.2
A83: G. North | B83: {=_xlfn.XLOOKUP(A83,'Player List'!$A$2:$A$177,'Player List'!$B$2:$C$177)} | C83: Centre | D83: =_xlfn.XLOOKUP(B83,$B$2:$B$7,$C$2:$C$7) | E83: 73 | F83: 2 | G83: 1 | I83: 51 | T83: 19.2
A84: D. Biggar | B84: {=_xlfn.XLOOKUP(A84,'Player List'!$A$2:$A$177,'Player List'!$B$2:$C$177)} | C84: Fly Half | D84: =_xlfn.XLOOKUP(B84,$B$2:$B$7,$C$2:$C$7) | E84: 57 | F84: 6 | I84: 16 | L84: 1 | O84: 1 | T84: 18.2
A85: R. Patchell | B85: {=_xlfn.XLOOKUP(A85,'Player List'!$A$2:$A$177,'Player List'!$B$2:$C$177)} | C85: Fly Half | D85: =_xlfn.XLOOKUP(B85,$B$2:$B$7,$C$2:$C$7) | E85: 23 | F85: 1 | I85: 18 | T85: 4.6
A86: R. Webb | B86: {=_xlfn.XLOOKUP(A86,'Player List'!$A$2:$A$177,'Player List'!$B$2:$C$177)} | C86: Scrum Half | D86: =_xlfn.XLOOKUP(B86,$B$2:$B$7,$C$2:$C$7) | E86: 23 | F86: 2 | R86: 1 | T86: -3
A87: T. Williams | B87: {=_xlfn.XLOOKUP(A87,'Player List'!$A$2:$A$177,'Player List'!$B$2:$C$177)} | C87: Scrum Half | D87: =_xlfn.XLOOKUP(B87,$B$2:$B$7,$C$2:$C$7) | E87: 57 | F87: 4 | G87: 1 | I87: 13 | T87: 13.6
A88: T. Faletau | B88: {=_xlfn.XLOOKUP(A88,'Player List'!$A$2:$A$177,'Player List'!$B$2:$C$177)} | C88: Back Row | D88: =_xlfn.XLOOKUP(B88,$B$2:$B$7,$C$2:$C$7) | E88: 28 | F88: 8 | I88: 25 | T88: 13
A89: J. Morgan | B89: {=_xlfn.XLOOKUP(A89,'Player List'!$A$2:$A$177,'Player List'!$B$2:$C$177)} | C89: Back Row | D89: =_xlfn.XLOOKUP(B89,$B$2:$B$7,$C$2:$C$7) | E89: 52 | F89: 11 | I89: 32 | L89: 2 | T89: 31.4
A90: T. Reffell | B90: {=_xlfn.XLOOKUP(A90,'Player List'!$A$2:$A$177,'Player List'!$B$2:$C$177)} | C90: Back Row | D90: =_xlfn.XLOOKUP(B90,$B$2:$B$7,$C$2:$C$7) | E90: 80 | F90: 13 | G90: 1 | I90: 20 | T90: 24
A91: A. Beard | B91: {=_xlfn.XLOOKUP(A91,'Player List'!$A$2:$A$177,'Player List'!$B$2:$C$177)} | C91: Second Row | D91: =_xlfn.XLOOKUP(B91,$B$2:$B$7,$C$2:$C$7) | E91: 80 | F91: 7 | I91: 22 | T91: 11.4
A92: R. Davies | B92: {=_xlfn.XLOOKUP(A92,'Player List'!$A$2:$A$177,'Player List'!$B$2:$C$177)} | C92: Second Row | D92: =_xlfn.XLOOKUP(B92,$B$2:$B$7,$C$2:$C$7) | E92: 14 | F92: 1 | I92: 1 | T92: 1.2
A93: D. Jenkins | B93: {=_xlfn.XLOOKUP(A93,'Player List'!$A$2:$A$177,'Player List'!$B$2:$C$177)} | C93: Second Row | D93: =_xlfn.XLOOKUP(B93,$B$2:$B$7,$C$2:$C$7) | E93: 66 | F93: 8 | I93: 30 | T93: 14
A94: C. Tshiunza | B94: {=_xlfn.XLOOKUP(A94,'Player List'!$A$2:$A$177,'Player List'!$B$2:$C$177)} | C94: Second Row | D94: =_xlfn.XLOOKUP(B94,$B$2:$B$7,$C$2:$C$7) | E94: 80 | F94: 7 | I94: 50 | K94: 1 | T94: 24
A95: L. Brown | B95: {=_xlfn.XLOOKUP(A95,'Player List'!$A$2:$A$177,'Player List'!$B$2:$C$177)} | C95: Prop | D95: =_xlfn.XLOOKUP(B95,$B$2:$B$7,$C$2:$C$7) | E95: 16 | F95: 1 | G95: 1 | I95: 8 | T95: 9.6
A96: R. Carre | B96: {=_xlfn.XLOOKUP(A96,'Player List'!$A$2:$A$177,'Player List'!$B$2:$C$177)} | C96: Prop | D96: =_xlfn.XLOOKUP(B96,$B$2:$B$7,$C$2:$C$7) | E96: 28 | F96: 2 | I96: 23 | T96: 6.6
A97: W. Jones | B97: {=_xlfn.XLOOKUP(A97,'Player List'!$A$2:$A$177,'Player List'!$B$2:$C$177)} | C97: Prop | D97: =_xlfn.XLOOKUP(B97,$B$2:$B$7,$C$2:$C$7) | E97: 52 | F97: 4 | G97: 1 | I97: 19 | T97: 14.8
A98: D. Lewis | B98: {=_xlfn.XLOOKUP(A98,'Player List'!$A$2:$A$177,'Player List'!$B$2:$C$177)} | C98: Prop | D98: =_xlfn.XLOOKUP(B98,$B$2:$B$7,$C$2:$C$7) | E98: 64 | F98: 8 | I98: 22 | T98: 12.4
A99: S. Baldwin | B99: {=_xlfn.XLOOKUP(A99,'Player List'!$A$2:$A$177,'Player List'!$B$2:$C$177)} | C99: Hooker | D99: =_xlfn.XLOOKUP(B99,$B$2:$B$7,$C$2:$C$7) | E99: 16 | F99: 4 | I99: 8 | T99: 5.6
A100: K. Owens | B100: {=_xlfn.XLOOKUP(A100,'Player List'!$A$2:$A$177,'Player List'!$B$2:$C$177)} | C100: Hooker | D100: =_xlfn.XLOOKUP(B100,$B$2:$B$7,$C$2:$C$7) | E100: 64 | F100: 9 | G100: 1 | I100: 35 | M100: 1 | T100: 38
A101: H. Arundell | B101: {=_xlfn.XLOOKUP(A101,'Player List'!$A$2:$A$177,'Player List'!$B$2:$C$177)} | C101: Back Three | D101: =_xlfn.XLOOKUP(B101,$B$2:$B$7,$C$2:$C$7) | E101: 26 | F101: 1 | I101: 12 | M101: 1 | T101: 21
A102: O. Hassell-Collins | B102: {=_xlfn.XLOOKUP(A102,'Player List'!$A$2:$A$177,'Player List'!$B$2:$C$177)} | C102: Back Three | D102: =_xlfn.XLOOKUP(B102,$B$2:$B$7,$C$2:$C$7) | E102: 54 | F102: 4 | I102: 17 | T102: 12.8
...

Sheet Round 3 Data
B2: Scotland | C2: Loss | E2: Italy | F2: 20 | G2: 34 | H2: Ireland
B3: Wales | C3: Loss | E3: Wales | F3: 10 | G3: 20 | H3: England
B4: Ireland | C4: Win | E4: France | F4: 32 | G4: 21 | H4: Scotland
B5: England | C5: Win
B6: France | C6: Win
B7: Italy | C7: Loss
A9: Name | B9: Nation | C9: Position | D9: Win/Loss | E9: Time Played | F9: Tackles | G9: Dominant Tackles | H9: Line Breaks | I9: Metres Carried | J9: 50-22 | K9: Lineout Steal | L9: Breakdown Steal | M9: Try | N9: Assists | O9: Conversion | P9: Penalty | Q9: Drop Goal | R9: Yellow Card | S9: Red Card | T9: Game Total | U9: MoM | V9: Total Points
A10: M. Hansen | B10: {=_xlfn.XLOOKUP(A10,'Player List'!$A$2:$A$177,'Player List'!$B$2:$C$177)} | C10: Back Three | D10: =_xlfn.XLOOKUP(B10,$B$2:$B$7,$C$2:$C$7) | E10: 80 | F10: 2 | H10: 3 | I10: 75 | L10: 1 | M10: 2 | T10: 98 | U10: 1
A11: H. Keenan | B11: {=_xlfn.XLOOKUP(A11,'Player List'!$A$2:$A$177,'Player List'!$B$2:$C$177)} | C11: Back Three | D11: =_xlfn.XLOOKUP(B11,$B$2:$B$7,$C$2:$C$7) | E11: 80 | F11: 3 | G11: 1 | I11: 124 | M11: 1 | T11: 57.8
A12: J. Lowe | B12: {=_xlfn.XLOOKUP(A12,'Player List'!$A$2:$A$177,'Player List'!$B$2:$C$177)} | C12: Back Three | D12: =_xlfn.XLOOKUP(B12,$B$2:$B$7,$C$2:$C$7) | E12: 80 | F12: 1 | G12: 2 | H12: 4 | I12: 131 | N12: 2 | T12: 91.2
A13: J. O'Brien | B13: {=_xlfn.XLOOKUP(A13,'Player List'!$A$2:$A$177,'Player List'!$B$2:$C$177)} | C13: Back Three | D13: =_xlfn.XLOOKUP(B13,$B$2:$B$7,$C$2:$C$7) | E13: 8 | T13: 0.8
A14: B. Aki | B14: {=_xlfn.XLOOKUP(A14,'Player List'!$A$2:$A$177,'Player List'!$B$2:$C$177)} | C14: Centre | D14: =_xlfn.XLOOKUP(B14,$B$2:$B$7,$C$2:$C$7) | E14: 80 | F14: 7 | H14: 1 | I14: 107 | L14: 1 | M14: 1 | N14: 1 | T14: 72.4
A15: S. McCloskey | B15: {=_xlfn.XLOOKUP(A15,'Player List'!$A$2:$A$177,'Player List'!$B$2:$C$177)} | C15: Centre | D15: =_xlfn.XLOOKUP(B15,$B$2:$B$7,$C$2:$C$7) | E15: 72 | F15: 14 | I15: 69 | N15: 1 | T15: 42
A16: R. Byrne | B16: {=_xlfn.XLOOKUP(A16,'Player List'!$A$2:$A$177,'Player List'!$B$2:$C$177)} | C16: Fly Half | D16: =_xlfn.XLOOKUP(B16,$B$2:$B$7,$C$2:$C$7) | E16: 78 | F16: 4 | I16: 12 | O16: 3 | P16: 1 | T16: 25.2
A17: J. Crowley | B17: {=_xlfn.XLOOKUP(A17,'Player List'!$A$2:$A$177,'Player List'!$B$2:$C$177)} | C17: Fly Half | D17: =_xlfn.XLOOKUP(B17,$B$2:$B$7,$C$2:$C$7) | E17: 2 | F17: 2 | T17: 2.2
A18: C. Casey | B18: {=_xlfn.XLOOKUP(A18,'Player List'!$A$2:$A$177,'Player List'!$B$2:$C$177)} | C18: Scrum Half | D18: =_xlfn.XLOOKUP(B18,$B$2:$B$7,$C$2:$C$7) | E18: 65 | F18: 2 | I18: 4 | T18: 9.3
A19: C. Murray | B19: {=_xlfn.XLOOKUP(A19,'Player List'!$A$2:$A$177,'Player List'!$B$2:$C$177)} | C19: Scrum Half | D19: =_xlfn.XLOOKUP(B19,$B$2:$B$7,$C$2:$C$7) | E19: 15 | F19: 1 | I19: 6 | N19: 1 | T19: 10.7
A20: J. Conan | B20: {=_xlfn.XLOOKUP(A20,'Player List'!$A$2:$A$177,'Player List'!$B$2:$C$177)} | C20: Back Row | D20: =_xlfn.XLOOKUP(B20,$B$2:$B$7,$C$2:$C$7) | E20: 56 | F20: 4 | I20: 42 | T20: 18
A21: C. Doris | B21: {=_xlfn.XLOOKUP(A21,'Player List'!$A$2:$A$177,'Player List'!$B$2:$C$177)} | C21: Back Row | D21: =_xlfn.XLOOKUP(B21,$B$2:$B$7,$C$2:$C$7) | E21: 80 | F21: 10 | G21: 1 | I21: 43 | L21: 1 | T21: 40.6
A22: P. O'Mahony | B22: {=_xlfn.XLOOKUP(A22,'Player List'!$A$2:$A$177,'Player List'!$B$2:$C$177)} | C22: Back Row | D22: =_xlfn.XLOOKUP(B22,$B$2:$B$7,$C$2:$C$7) | E22: 24 | F22: 4 | G22: 1 | I22: 4 | T22: 14.2
A23: J. van der Flier | B23: {=_xlfn.XLOOKUP(A23,'Player List'!$A$2:$A$177,'Player List'!$B$2:$C$177)} | C23: Back Row | D23: =_xlfn.XLOOKUP(B23,$B$2:$B$7,$C$2:$C$7) | E23: 80 | F23: 12 | H23: 1 | I23: 52 | T23: 37.4
A24: R. Baird | B24: {=_xlfn.XLOOKUP(A24,'Player List'!$A$2:$A$177,'Player List'!$B$2:$C$177)} | C24: Second Row | D24: =_xlfn.XLOOKUP(B24,$B$2:$B$7,$C$2:$C$7) | E24: 28 | F24: 1 | G24: 1 | I24: 8 | K24: 1 | L24: 1 | T24: 26.4
A25: I. Henderson | B25: {=_xlfn.XLOOKUP(A25,'Player List'!$A$2:$A$177,'Player List'!$B$2:$C$177)} | C25: Second Row | D25: =_xlfn.XLOOKUP(B25,$B$2:$B$7,$C$2:$C$7) | E25: 52 | F25: 7 | I25: 13 | T25: 14.8
A26: J. Ryan | B26: {=_xlfn.XLOOKUP(A26,'Player List'!$A$2:$A$177,'Player List'!$B$2:$C$177)} | C26: Second Row | D26: =_xlfn.XLOOKUP(B26,$B$2:$B$7,$C$2:$C$7) | E26: 80 | F26: 9 | G26: 1 | I26: 53 | M26: 1 | T26: 49.6
A27: F. Bealham | B27: {=_xlfn.XLOOKUP(A27,'Player List'!$A$2:$A$177,'Player List'!$B$2:$C$177)} | C27: Prop | D27: =_xlfn.XLOOKUP(B27,$B$2:$B$7,$C$2:$C$7) | E27: 37 | F27: 2 | G27: 1 | I27: 1 | T27: 12.9
A28: D. Kilcoyne | B28: {=_xlfn.XLOOKUP(A28,'Player List'!$A$2:$A$177,'Player List'!$B$2:$C$177)} | C28: Prop | D28: =_xlfn.XLOOKUP(B28,$B$2:$B$7,$C$2:$C$7) | E28: 15 | G28: 1 | I28: 7 | T28: 9.9
A29: T. O'Toole | B29: {=_xlfn.XLOOKUP(A29,'Player List'!$A$2:$A$177,'Player List'!$B$2:$C$177)} | C29: Prop | D29: =_xlfn.XLOOKUP(B29,$B$2:$B$7,$C$2:$C$7) | E29: 43 | F29: 6 | I29: 24 | L29: 1 | T29: 22.1
A30: A. Porter | B30: {=_xlfn.XLOOKUP(A30,'Player List'!$A$2:$A$177,'Player List'!$B$2:$C$177)} | C30: Prop | D30: =_xlfn.XLOOKUP(B30,$B$2:$B$7,$C$2:$C$7) | E30: 65 | F30: 3 | I30: 10 | L30: 1 | T30: 18.5
A31: R. Kelleher | B31: {=_xlfn.XLOOKUP(A31,'Player List'!$A$2:$A$177,'Player List'!$B$2:$C$177)} | C31: Hooker | D31: =_xlfn.XLOOKUP(B31,$B$2:$B$7,$C$2:$C$7) | E31: 56 | F31: 9 | I31: 23 | L31: 1 | T31: 26.2
A32: D. Sheehan | B32: {=_xlfn.XLOOKUP(A32,'Player List'!$A$2:$A$177,'Player List'!$B$2:$C$177)} | C32: Hooker | D32: =_xlfn.XLOOKUP(B32,$B$2:$B$7,$C$2:$C$7) | E32: 24 | F32: 2 | G32: 2 | I32: 5 | T32: 19.4
A33: P. Bruno | B33: {=_xlfn.XLOOKUP(A33,'Player List'!$A$2:$A$177,'Player List'!$B$2:$C$177)} | C33: Back Three | D33: =_xlfn.XLOOKUP(B33,$B$2:$B$7,$C$2:$C$7) | E33: 80 | F33: 3 | H33: 1 | I33: 176 | M33: 1 | T33: 60.2
A34: A. Capuozzo | B34: {=_xlfn.XLOOKUP(A34,'Player List'!$A$2:$A$177,'Player List'!$B$2:$C$177)} | C34: Back Three | D34: =_xlfn.XLOOKUP(B34,$B$2:$B$7,$C$2:$C$7) | E34: 80 | F34: 3 | G34: 1 | H34: 1 | I34: 60 | L34: 1 | T34: 36
A35: A. Fusco | B35: {=_xlfn.XLOOKUP(A35,'Player List'!$A$2:$A$177,'Player List'!$B$2:$C$177)} | C35: Back Three | D35: =_xlfn.XLOOKUP(B35,$B$2:$B$7,$C$2:$C$7) | E35: 13 | T35: 0
A36: T. Menoncello | B36: {=_xlfn.XLOOKUP(A36,'Player List'!$A$2:$A$177,'Player List'!$B$2:$C$177)} | C36: Back Three | D36: =_xlfn.XLOOKUP(B36,$B$2:$B$7,$C$2:$C$7) | E36: 78 | F36: 12 | H36: 1 | I36: 72 | T36: 33.4
A37: E. Padovani | B37: {=_xlfn.XLOOKUP(A37,'Player List'!$A$2:$A$177,'Player List'!$B$2:$C$177)} | C37: Back Three | D37: =_xlfn.XLOOKUP(B37,$B$2:$B$7,$C$2:$C$7) | E37: 80 | I37: 51 | T37: 10.2
A38: J. Brex | B38: {=_xlfn.XLOOKUP(A38,'Player List'!$A$2:$A$177,'Player List'!$B$2:$C$177)} | C38: Centre | D38: =_xlfn.XLOOKUP(B38,$B$2:$B$7,$C$2:$C$7) | E38: 80 | F38: 8 | G38: 1 | I38: 26 | T38: 20.2
A39: L. Morisi | B39: {=_xlfn.XLOOKUP(A39,'Player List'!$A$2:$A$177,'Player List'!$B$2:$C$177)} | C39: Centre | D39: =_xlfn.XLOOKUP(B39,$B$2:$B$7,$C$2:$C$7) | E39: 2 | F39: 1 | T39: 1
A40: T. Allan | B40: {=_xlfn.XLOOKUP(A40,'Player List'!$A$2:$A$177,'Player List'!$B$2:$C$177)} | C40: Fly Half | D40: =_xlfn.XLOOKUP(B40,$B$2:$B$7,$C$2:$C$7) | E40: 8 | F40: 1 | I40: 14 | T40: 3.8
A41: P. Garbisi | B41: {=_xlfn.XLOOKUP(A41,'Player List'!$A$2:$A$177,'Player List'!$B$2:$C$177)} | C41: Fly Half | D41: =_xlfn.XLOOKUP(B41,$B$2:$B$7,$C$2:$C$7) | E41: 72 | F41: 5 | I41: 42 | O41: 2 | P41: 2 | T41: 27.4
A42: S. Varney | B42: {=_xlfn.XLOOKUP(A42,'Player List'!$A$2:$A$177,'Player List'!$B$2:$C$177)} | C42: Scrum Half | D42: =_xlfn.XLOOKUP(B42,$B$2:$B$7,$C$2:$C$7) | E42: 67 | F42: 1 | G42: 1 | I42: 12 | M42: 1 | T42: 25.4
A43: E. Iachizzi | B43: {=_xlfn.XLOOKUP(A43,'Player List'!$A$2:$A$177,'Player List'!$B$2:$C$177)} | C43: Back Row | D43: =_xlfn.XLOOKUP(B43,$B$2:$B$7,$C$2:$C$7) | E43: 15 | F43: 4 | G43: 1 | T43: 11
A44: M. Lamaro | B44: {=_xlfn.XLOOKUP(A44,'Player List'!$A$2:$A$177,'Player List'!$B$2:$C$177)} | C44: Back Row | D44: =_xlfn.XLOOKUP(B44,$B$2:$B$7,$C$2:$C$7) | E44: 80 | F44: 12 | G44: 2 | I44: 19 | T44: 29.8
A45: S. Negri | B45: {=_xlfn.XLOOKUP(A45,'Player List'!$A$2:$A$177,'Player List'!$B$2:$C$177)} | C45: Back Row | D45: =_xlfn.XLOOKUP(B45,$B$2:$B$7,$C$2:$C$7) | E45: 80 | F45: 11 | G45: 1 | I45: 54 | T45: 28.8
A46: G. Pettinelli | B46: {=_xlfn.XLOOKUP(A46,'Player List'!$A$2:$A$177,'Player List'!$B$2:$C$177)} | C46: Back Row | D46: =_xlfn.XLOOKUP(B46,$B$2:$B$7,$C$2:$C$7) | E46: 15 | F46: 4 | H46: 1 | I46: 33 | T46: 17.6
A47: N. Cannone | B47: {=_xlfn.XLOOKUP(A47,'Player List'!$A$2:$A$177,'Player List'!$B$2:$C$177)} | C47: Second Row | D47: =_xlfn.XLOOKUP(B47,$B$2:$B$7,$C$2:$C$7) | E47: 65 | F47: 12 | G47: 1 | I47: 16 | T47: 22.2
A48: L. Cannone | B48: {=_xlfn.XLOOKUP(A48,'Player List'!$A$2:$A$177,'Player List'!$B$2:$C$177)} | C48: Second Row | D48: =_xlfn.XLOOKUP(B48,$B$2:$B$7,$C$2:$C$7) | E48: 65 | F48: 13 | G48: 2 | H48: 2 | I48: 102 | T48: 61.4
A49: F. Ruzza | B49: {=_xlfn.XLOOKUP(A49,'Player List'!$A$2:$A$177,'Player List'!$B$2:$C$177)} | C49: Second Row | D49: =_xlfn.XLOOKUP(B49,$B$2:$B$7,$C$2:$C$7) | E49: 80 | F49: 9 | G49: 1 | I49: 5 | K49: 1 | T49: 24
A50: S. Ferrari | B50: {=_xlfn.XLOOKUP(A50,'Player List'!$A$2:$A$177,'Player List'!$B$2:$C$177)} | C50: Prop | D50: =_xlfn.XLOOKUP(B50,$B$2:$B$7,$C$2:$C$7) | E50: 47 | F50: 8 | I50: 6 | T50: 9.2
A51: D. Fischetti | B51: {=_xlfn.XLOOKUP(A51,'Player List'!$A$2:$A$177,'Player List'!$B$2:$C$177)} | C51: Prop | D51: =_xlfn.XLOOKUP(B51,$B$2:$B$7,$C$2:$C$7) | E51: 60 | F51: 10 | G51: 3 | I51: 28 | T51: 36.6
A52: M. Riccioni | B52: {=_xlfn.XLOOKUP(A52,'Player List'!$A$2:$A$177,'Player List'!$B$2:$C$177)} | C52: Prop | D52: =_xlfn.XLOOKUP(B52,$B$2:$B$7,$C$2:$C$7) | E52: 33 | F52: 9 | G52: 1 | T52: 16
A53: F. Zani | B53: {=_xlfn.XLOOKUP(A53,'Player List'!$A$2:$A$177,'Player List'!$B$2:$C$177)} | C53: Prop | D53: =_xlfn.XLOOKUP(B53,$B$2:$B$7,$C$2:$C$7) | E53: 20 | F53: 5 | G53: 1 | I53: 1 | T53: 12.2
A54: L. Bigi | B54: {=_xlfn.XLOOKUP(A54,'Player List'!$A$2:$A$177,'Player List'!$B$2:$C$177)} | C54: Hooker | D54: =_xlfn.XLOOKUP(B54,$B$2:$B$7,$C$2:$C$7) | E54: 29 | F54: 11 | G54: 1 | I54: 6 | T54: 19.2
A55: G. Nicotera | B55: {=_xlfn.XLOOKUP(A55,'Player List'!$A$2:$A$177,'Player List'!$B$2:$C$177)} | C55: Hooker | D55: =_xlfn.XLOOKUP(B55,$B$2:$B$7,$C$2:$C$7) | E55: 51 | F55: 7 | G55: 1 | I55: 22 | T55: 18.4
A56: J. Adams | B56: {=_xlfn.XLOOKUP(A56,'Player List'!$A$2:$A$177,'Player List'!$B$2:$C$177)} | C56: Back Three | D56: =_xlfn.XLOOKUP(B56,$B$2:$B$7,$C$2:$C$7) | E56: 54 | F56: 6 | I56: 17 | T56: 9.4
A57: L. Halfpenny | B57: {=_xlfn.XLOOKUP(A57,'Player List'!$A$2:$A$177,'Player List'!$B$2:$C$177)} | C57: Back Three | D57: =_xlfn.XLOOKUP(B57,$B$2:$B$7,$C$2:$C$7) | E57: 80 | F57: 3 | I57: 60 | O57: 1 | P57: 1 | T57: 22
A58: L. Rees-Zammit | B58: {=_xlfn.XLOOKUP(A58,'Player List'!$A$2:$A$177,'Player List'!$B$2:$C$177)} | C58: Back Three | D58: =_xlfn.XLOOKUP(B58,$B$2:$B$7,$C$2:$C$7) | E58: 80 | F58: 2 | G58: 2 | H58: 3 | I58: 125 | M58: 1 | T58: 77
A59: M. Grady | B59: {=_xlfn.XLOOKUP(A59,'Player List'!$A$2:$A$177,'Player List'!$B$2:$C$177)} | C59: Centre | D59: =_xlfn.XLOOKUP(B59,$B$2:$B$7,$C$2:$C$7) | E59: 80 | F59: 8 | I59: 48 | T59: 17.6
A60: J. Hawkins | B60: {=_xlfn.XLOOKUP(A60,'Player List'!$A$2:$A$177,'Player List'!$B$2:$C$177)} | C60: Centre | D60: =_xlfn.XLOOKUP(B60,$B$2:$B$7,$C$2:$C$7) | E60: 80 | F60: 6 | I60: 79 | T60: 21.8
A61: N. Tompkins | B61: {=_xlfn.XLOOKUP(A61,'Player List'!$A$2:$A$177,'Player List'!$B$2:$C$177)} | C61: Centre | D61: =_xlfn.XLOOKUP(B61,$B$2:$B$7,$C$2:$C$7) | E61: 26 | F61: 5 | I61: 29 | T61: 10.8
A62: D. Biggar | B62: {=_xlfn.XLOOKUP(A62,'Player List'!$A$2:$A$177,'Player List'!$B$2:$C$177)} | C62: Fly Half | D62: =_xlfn.XLOOKUP(B62,$B$2:$B$7,$C$2:$C$7) | E62: 26 | F62: 4 | T62: 4
A63: O. Williams | B63: {=_xlfn.XLOOKUP(A63,'Player List'!$A$2:$A$177,'Player List'!$B$2:$C$177)} | C63: Fly Half | D63: =_xlfn.XLOOKUP(B63,$B$2:$B$7,$C$2:$C$7) | E63: 54 | F63: 6 | I63: 24 | T63: 10.8
A64: K. Hardy | B64: {=_xlfn.XLOOKUP(A64,'Player List'!$A$2:$A$177,'Player List'!$B$2:$C$177)} | C64: Scrum Half | D64: =_xlfn.XLOOKUP(B64,$B$2:$B$7,$C$2:$C$7) | E64: 11 | F64: 4 | T64: 4
A65: T. Williams | B65: {=_xlfn.XLOOKUP(A65,'Player List'!$A$2:$A$177,'Player List'!$B$2:$C$177)} | C65: Scrum Half | D65: =_xlfn.XLOOKUP(B65,$B$2:$B$7,$C$2:$C$7) | E65: 69 | F65: 2 | I65: 26 | T65: 7.2
A66: T. Faletau | B66: {=_xlfn.XLOOKUP(A66,'Player List'!$A$2:$A$177,'Player List'!$B$2:$C$177)} | C66: Back Row | D66: =_xlfn.XLOOKUP(B66,$B$2:$B$7,$C$2:$C$7) | E66: 80 | F66: 11 | I66: 55 | L66: 2 | T66: 36
A67: T. Reffell | B67: {=_xlfn.XLOOKUP(A67,'Player List'!$A$2:$A$177,'Player List'!$B$2:$C$177)} | C67: Back Row | D67: =_xlfn.XLOOKUP(B67,$B$2:$B$7,$C$2:$C$7) | E67: 17 | F67: 3 | I67: 25 | T67: 8
A68: J. Tipuric | B68: {=_xlfn.XLOOKUP(A68,'Player List'!$A$2:$A$177,'Player List'!$B$2:$C$177)} | C68: Back Row | D68: =_xlfn.XLOOKUP(B68,$B$2:$B$7,$C$2:$C$7) | E68: 80 | F68: 15 | G68: 2 | I68: 31 | L68: 1 | T68: 42.2
A69: A. Beard | B69: {=_xlfn.XLOOKUP(A69,'Player List'!$A$2:$A$177,'Player List'!$B$2:$C$177)} | C69: Second Row | D69: =_xlfn.XLOOKUP(B69,$B$2:$B$7,$C$2:$C$7) | E69: 80 | F69: 13 | G69: 1 | I69: 24 | L69: 1 | T69: 31.8
A70: D. Jenkins | B70: {=_xlfn.XLOOKUP(A70,'Player List'!$A$2:$A$177,'Player List'!$B$2:$C$177)} | C70: Second Row | D70: =_xlfn.XLOOKUP(B70,$B$2:$B$7,$C$2:$C$7) | E70: 17 | F70: 4 | I70: 8 | T70: 5.6
A71: A. Jones | B71: {=_xlfn.XLOOKUP(A71,'Player List'!$A$2:$A$177,'Player List'!$B$2:$C$177)} | C71: Second Row | D71: =_xlfn.XLOOKUP(B71,$B$2:$B$7,$C$2:$C$7) | E71: 63 | F71: 9 | G71: 1 | I71: 12 | K71: 1 | L71: 1 | T71: 32.4
A72: C. Tshiunza | B72: {=_xlfn.XLOOKUP(A72,'Player List'!$A$2:$A$177,'Player List'!$B$2:$C$177)} | C72: Second Row | D72: =_xlfn.XLOOKUP(B72,$B$2:$B$7,$C$2:$C$7) | E72: 63 | F72: 13 | G72: 1 | I72: 28 | T72: 25.6
A73: R. Carre | B73: {=_xlfn.XLOOKUP(A73,'Player List'!$A$2:$A$177,'Player List'!$B$2:$C$177)} | C73: Prop | D73: =_xlfn.XLOOKUP(B73,$B$2:$B$7,$C$2:$C$7) | E73: 24 | F73: 3 | I73: 24 | T73: 7.8
A74: T. Francis | B74: {=_xlfn.XLOOKUP(A74,'Player List'!$A$2:$A$177,'Player List'!$B$2:$C$177)} | C74: Prop | D74: =_xlfn.XLOOKUP(B74,$B$2:$B$7,$C$2:$C$7) | E74: 56 | F74: 11 | I74: 7 | T74: 12.4
A75: D. Lewis | B75: {=_xlfn.XLOOKUP(A75,'Player List'!$A$2:$A$177,'Player List'!$B$2:$C$177)} | C75: Prop | D75: =_xlfn.XLOOKUP(B75,$B$2:$B$7,$C$2:$C$7) | E75: 24 | F75: 2 | I75: 3 | T75: 2.6
A76: G. Thomas | B76: {=_xlfn.XLOOKUP(A76,'Player List'!$A$2:$A$177,'Player List'!$B$2:$C$177)} | C76: Prop | D76: =_xlfn.XLOOKUP(B76,$B$2:$B$7,$C$2:$C$7) | E76: 56 | F76: 11 | H76: 1 | I76: 29 | T76: 23.8
A77: K. Owens | B77: {=_xlfn.XLOOKUP(A77,'Player List'!$A$2:$A$177,'Player List'!$B$2:$C$177)} | C77: Hooker | D77: =_xlfn.XLOOKUP(B77,$B$2:$B$7,$C$2:$C$7) | E77: 69 | F77: 8 | G77: 1 | I77: 29 | T77: 20.8
A78: B. Roberts | B78: {=_xlfn.XLOOKUP(A78,'Player List'!$A$2:$A$177,'Player List'!$B$2:$C$177)} | C78: Hooker | D78: =_xlfn.XLOOKUP(B78,$B$2:$B$7,$C$2:$C$7) | E78: 11 | F78: 3 | I78: 5 | T78: 4
A79: H. Arundell | B79: {=_xlfn.XLOOKUP(A79,'Player List'!$A$2:$A$177,'Player List'!$B$2:$C$177)} | C79: Back Three | D79: =_xlfn.XLOOKUP(B79,$B$2:$B$7,$C$2:$C$7) | E79: 1 | I79: 12 | T79: 2.5
A80: M. Malins | B80: {=_xlfn.XLOOKUP(A80,'Player List'!$A$2:$A$177,'Player List'!$B$2:$C$177)} | C80: Back Three | D80: =_xlfn.XLOOKUP(B80,$B$2:$B$7,$C$2:$C$7) | E80: 80 | F80: 11 | G80: 1 | H80: 1 | I80: 66 | T80: 46.2
A81: F. Steward | B81: {=_xlfn.XLOOKUP(A81,'Player List'!$A$2:$A$177,'Player List'!$B$2:$C$177)} | C81: Back Three | D81: =_xlfn.XLOOKUP(B81,$B$2:$B$7,$C$2:$C$7) | E81: 80 | F81: 3 | G81: 1 | I81: 94 | N81: 1 | T81: 58.8 | U81: 1
A82: A. Watson | B82: {=_xlfn.XLOOKUP(A82,'Player List'!$A$2:$A$177,'Player List'!$B$2:$C$177)} | C82: Back Three | D82: =_xlfn.XLOOKUP(B82,$B$2:$B$7,$C$2:$C$7) | E82: 80 | F82: 3 | G82: 1 | H82: 2 | I82: 58 | M82: 1 | T82: 58.6
A83: O. Farrell | B83: {=_xlfn.XLOOKUP(A83,'Player List'!$A$2:$A$177,'Player List'!$B$2:$C$177)} | C83: Centre | D83: =_xlfn.XLOOKUP(B83,$B$2:$B$7,$C$2:$C$7) | E83: 80 | F83: 17 | I83: 23 | L83: 2 | O83: 1 | P83: 1 | T83: 50.6
A84: O. Lawrence | B84: {=_xlfn.XLOOKUP(A84,'Player List'!$A$2:$A$177,'Player List'!$B$2:$C$177)} | C84: Centre | D84: =_xlfn.XLOOKUP(B84,$B$2:$B$7,$C$2:$C$7) | E84: 80 | F84: 7 | G84: 2 | H84: 1 | I84: 86 | L84: 1 | M84: 1 | T84: 75.2
A85: H. Slade | B85: {=_xlfn.XLOOKUP(A85,'Player List'!$A$2:$A$177,'Player List'!$B$2:$C$177)} | C85: Centre | D85: =_xlfn.XLOOKUP(B85,$B$2:$B$7,$C$2:$C$7) | E85: 80 | F85: 5 | H85: 3 | I85: 41 | T85: 42.2
A86: M. Smith | B86: {=_xlfn.XLOOKUP(A86,'Player List'!$A$2:$A$177,'Player List'!$B$2:$C$177)} | C86: Fly Half | D86: =_xlfn.XLOOKUP(B86,$B$2:$B$7,$C$2:$C$7) | E86: 1 | I86: 7 | T86: 1.5
A87: A. Mitchell | B87: {=_xlfn.XLOOKUP(A87,'Player List'!$A$2:$A$177,'Player List'!$B$2:$C$177)} | C87: Scrum Half | D87: =_xlfn.XLOOKUP(B87,$B$2:$B$7,$C$2:$C$7) | E87: 8 | F87: 1 | T87: 1.8
A88: J. van Poortvliet | B88: {=_xlfn.XLOOKUP(A88,'Player List'!$A$2:$A$177,'Player List'!$B$2:$C$177)} | C88: Scrum Half | D88: =_xlfn.XLOOKUP(B88,$B$2:$B$7,$C$2:$C$7) | E88: 72 | F88: 7 | I88: 6 | T88: 15.4
A89: B. Curry | B89: {=_xlfn.XLOOKUP(A89,'Player List'!$A$2:$A$177,'Player List'!$B$2:$C$177)} | C89: Back Row | D89: =_xlfn.XLOOKUP(B89,$B$2:$B$7,$C$2:$C$7) | E89: 21 | F89: 4 | G89: 1 | I89: 16 | L89: 1 | T89: 23.3
A90: A. Dombrandt | B90: {=_xlfn.XLOOKUP(A90,'Player List'!$A$2:$A$177,'Player List'!$B$2:$C$177)} | C90: Back Row | D90: =_xlfn.XLOOKUP(B90,$B$2:$B$7,$C$2:$C$7) | E90: 69 | F90: 6 | H90: 1 | I90: 56 | N90: 1 | T90: 38.1
A91: L. Ludlam | B91: {=_xlfn.XLOOKUP(A91,'Player List'!$A$2:$A$177,'Player List'!$B$2:$C$177)} | C91: Back Row | D91: =_xlfn.XLOOKUP(B91,$B$2:$B$7,$C$2:$C$7) | E91: 80 | F91: 13 | G91: 2 | I91: 25 | L91: 1 | T91: 47
A92: J. Willis | B92: {=_xlfn.XLOOKUP(A92,'Player List'!$A$2:$A$177,'Player List'!$B$2:$C$177)} | C92: Back Row | D92: =_xlfn.XLOOKUP(B92,$B$2:$B$7,$C$2:$C$7) | E92: 59 | F92: 7 | G92: 2 | I92: 11 | L92: 1 | T92: 36.1
A93: O. Chessum | B93: {=_xlfn.XLOOKUP(A93,'Player List'!$A$2:$A$177,'Player List'!$B$2:$C$177)} | C93: Second Row | D93: =_xlfn.XLOOKUP(B93,$B$2:$B$7,$C$2:$C$7) | E93: 80 | F93: 9 | G93: 3 | I93: 5 | T93: 39
A94: M. Itoje | B94: {=_xlfn.XLOOKUP(A94,'Player List'!$A$2:$A$177,'Player List'!$B$2:$C$177)} | C94: Second Row | D94: =_xlfn.XLOOKUP(B94,$B$2:$B$7,$C$2:$C$7) | E94: 80 | F94: 16 | G94: 2 | I94: 16 | N94: 1 | T94: 48.2
A95: C. Lawes | B95: {=_xlfn.XLOOKUP(A95,'Player List'!$A$2:$A$177,'Player List'!$B$2:$C$177)} | C95: Second Row | D95: =_xlfn.XLOOKUP(B95,$B$2:$B$7,$C$2:$C$7) | E95: 11 | F95: 1 | I95: 6 | T95: 3.3
A96: D. Cole | B96: {=_xlfn.XLOOKUP(A96,'Player List'!$A$2:$A$177,'Player List'!$B$2:$C$177)} | C96: Prop | D96: =_xlfn.XLOOKUP(B96,$B$2:$B$7,$C$2:$C$7) | E96: 16 | F96: 3 | I96: 6 | T96: 5.8
A97: E. Genge | B97: {=_xlfn.XLOOKUP(A97,'Player List'!$A$2:$A$177,'Player List'!$B$2:$C$177)} | C97: Prop | D97: =_xlfn.XLOOKUP(B97,$B$2:$B$7,$C$2:$C$7) | E97: 54 | F97: 9 | G97: 1 | I97: 61 | T97: 33.6
A98: K. Sinckler | B98: {=_xlfn.XLOOKUP(A98,'Player List'!$A$2:$A$177,'Player List'!$B$2:$C$177)} | C98: Prop | D98: =_xlfn.XLOOKUP(B98,$B$2:$B$7,$C$2:$C$7) | E98: 64 | F98: 11 | G98: 1 | I98: 24 | M98: 1 | T98: 44.2
A99: M. Vunipola | B99: {=_xlfn.XLOOKUP(A99,'Player List'!$A$2:$A$177,'Player List'!$B$2:$C$177)} | C99: Prop | D99: =_xlfn.XLOOKUP(B99,$B$2:$B$7,$C$2:$C$7) | E99: 26 | F99: 5 | I99: 18 | T99: 11.2
A100: J. George | B100: {=_xlfn.XLOOKUP(A100,'Player List'!$A$2:$A$177,'Player List'!$B$2:$C$177)} | C100: Hooker | D100: =_xlfn.XLOOKUP(B100,$B$2:$B$7,$C$2:$C$7) | E100: 80 | F100: 15 | G100: 1 | I100: 18 | T100: 33.6
A101: J. Walker | B101: {=_xlfn.XLOOKUP(A101,'Player List'!$A$2:$A$177,'Player List'!$B$2:$C$177)} | C101: Hooker | D101: =_xlfn.XLOOKUP(B101,$B$2:$B$7,$C$2:$C$7) | E101: 1 | T101: 0.1
A102: D. Penaud | B102: {=_xlfn.XLOOKUP(A102,'Player List'!$A$2:$A$177,'Player List'!$B$2:$C$177)} | C102: Back Three | D102: =_xlfn.XLOOKUP(B102,$B$2:$B$7,$C$2:$C$7) | E102: 80 | F102: 3 | I102: 24 | T102: 15.8
...

Sheet Round 4 Data
B2: Scotland | C2: Loss | E2: Italy | F2: 17 | G2: 29 | H2: Wales
B3: Wales | C3: Win | E3: England | F3: 53 | G3: 10 | H3: France
B4: Ireland | C4: Win | E4: Scotland | F4: 7 | G4: 22 | H4: Ireland
B5: England | C5: Loss
B6: France | C6: Win
B7: Italy | C7: Loss
A9: Name | B9: Nation | C9: Position | D9: Win/Loss | E9: Time Played | F9: Tackles | G9: Dominant Tackles | H9: Line Breaks | I9: Metres Carried | J9: 50-22 | K9: Lineout Steal | L9: Breakdown Steal | M9: Try | N9: Assists | O9: Conversion | P9: Penalty | Q9: Drop Goal | R9: Yellow Card | S9: Red Card | T9: Game Total | U9: MoM | V9: Total Points
A10: P. Bruno | B10: {=_xlfn.XLOOKUP(A10,'Player List'!$A$2:$A$177,'Player List'!$B$2:$C$177)} | C10: Back Three | D10: =_xlfn.XLOOKUP(B10,$B$2:$B$7,$C$2:$C$7) | E10: 69 | F10: 2 | I10: 29 | N10: 1 | R10: 1 | T10: 9.8
A11: A. Fusco | B11: {=_xlfn.XLOOKUP(A11,'Player List'!$A$2:$A$177,'Player List'!$B$2:$C$177)} | C11: Back Three | D11: =_xlfn.XLOOKUP(B11,$B$2:$B$7,$C$2:$C$7) | E11: 24 | H11: 1 | I11: 50 | T11: 17
A12: T. Menoncello | B12: {=_xlfn.XLOOKUP(A12,'Player List'!$A$2:$A$177,'Player List'!$B$2:$C$177)} | C12: Back Three | D12: =_xlfn.XLOOKUP(B12,$B$2:$B$7,$C$2:$C$7) | E12: 59 | F12: 7 | G12: 1 | H12: 1 | I12: 79 | T12: 36.8
A13: E. Padovani | B13: {=_xlfn.XLOOKUP(A13,'Player List'!$A$2:$A$177,'Player List'!$B$2:$C$177)} | C13: Back Three | D13: =_xlfn.XLOOKUP(B13,$B$2:$B$7,$C$2:$C$7) | E13: 80 | F13: 1 | G13: 1 | H13: 1 | I13: 51 | T13: 25.2
A14: J. Brex | B14: {=_xlfn.XLOOKUP(A14,'Player List'!$A$2:$A$177,'Player List'!$B$2:$C$177)} | C14: Centre | D14: =_xlfn.XLOOKUP(B14,$B$2:$B$7,$C$2:$C$7) | E14: 80 | F14: 2 | H14: 1 | I14: 90 | M14: 1 | T14: 42
A15: L. Morisi | B15: {=_xlfn.XLOOKUP(A15,'Player List'!$A$2:$A$177,'Player List'!$B$2:$C$177)} | C15: Centre | D15: =_xlfn.XLOOKUP(B15,$B$2:$B$7,$C$2:$C$7) | E15: 21 | I15: 24 | T15: 4.8
A16: T. Allan | B16: {=_xlfn.XLOOKUP(A16,'Player List'!$A$2:$A$177,'Player List'!$B$2:$C$177)} | C16: Fly Half | D16: =_xlfn.XLOOKUP(B16,$B$2:$B$7,$C$2:$C$7) | E16: 80 | H16: 3 | I16: 78 | N16: 1 | O16: 2 | P16: 1 | T16: 52.6
A17: P. Garbisi | B17: {=_xlfn.XLOOKUP(A17,'Player List'!$A$2:$A$177,'Player List'!$B$2:$C$177)} | C17: Fly Half | D17: =_xlfn.XLOOKUP(B17,$B$2:$B$7,$C$2:$C$7) | E17: 80 | F17: 6 | H17: 1 | I17: 37 | T17: 20.4
A18: S. Varney | B18: {=_xlfn.XLOOKUP(A18,'Player List'!$A$2:$A$177,'Player List'!$B$2:$C$177)} | C18: Scrum Half | D18: =_xlfn.XLOOKUP(B18,$B$2:$B$7,$C$2:$C$7) | E18: 56 | F18: 3 | I18: 38 | T18: 10.6
A19: E. Iachizzi | B19: {=_xlfn.XLOOKUP(A19,'Player List'!$A$2:$A$177,'Player List'!$B$2:$C$177)} | C19: Back Row | D19: =_xlfn.XLOOKUP(B19,$B$2:$B$7,$C$2:$C$7) | E19: 20 | F19: 1 | H19: 1 | I19: 28 | L19: 1 | T19: 20.6
A20: M. Lamaro | B20: {=_xlfn.XLOOKUP(A20,'Player List'!$A$2:$A$177,'Player List'!$B$2:$C$177)} | C20: Back Row | D20: =_xlfn.XLOOKUP(B20,$B$2:$B$7,$C$2:$C$7) | E20: 77 | F20: 7 | I20: 24 | T20: 11.8
A21: S. Negri | B21: {=_xlfn.XLOOKUP(A21,'Player List'!$A$2:$A$177,'Player List'!$B$2:$C$177)} | C21: Back Row | D21: =_xlfn.XLOOKUP(B21,$B$2:$B$7,$C$2:$C$7) | E21: 52 | F21: 5 | H21: 1 | I21: 50 | M21: 1 | T21: 37
A22: G. Pettinelli | B22: {=_xlfn.XLOOKUP(A22,'Player List'!$A$2:$A$177,'Player List'!$B$2:$C$177)} | C22: Back Row | D22: =_xlfn.XLOOKUP(B22,$B$2:$B$7,$C$2:$C$7) | E22: 3 | T22: 0
A23: N. Cannone | B23: {=_xlfn.XLOOKUP(A23,'Player List'!$A$2:$A$177,'Player List'!$B$2:$C$177)} | C23: Second Row | D23: =_xlfn.XLOOKUP(B23,$B$2:$B$7,$C$2:$C$7) | E23: 60 | F23: 3 | I23: 16 | T23: 6.2
A24: L. Cannone | B24: {=_xlfn.XLOOKUP(A24,'Player List'!$A$2:$A$177,'Player List'!$B$2:$C$177)} | C24: Second Row | D24: =_xlfn.XLOOKUP(B24,$B$2:$B$7,$C$2:$C$7) | E24: 71 | F24: 7 | G24: 1 | I24: 51 | R24: 1 | T24: 19.2
A25: F. Ruzza | B25: {=_xlfn.XLOOKUP(A25,'Player List'!$A$2:$A$177,'Player List'!$B$2:$C$177)} | C25: Second Row | D25: =_xlfn.XLOOKUP(B25,$B$2:$B$7,$C$2:$C$7) | E25: 80 | F25: 3 | I25: 35 | T25: 10
A26: M. Zuliani | B26: {=_xlfn.XLOOKUP(A26,'Player List'!$A$2:$A$177,'Player List'!$B$2:$C$177)} | C26: Second Row | D26: =_xlfn.XLOOKUP(B26,$B$2:$B$7,$C$2:$C$7) | E26: 28 | F26: 1 | H26: 1 | I26: 36 | L26: 1 | T26: 22.2
A27: S. Ferrari | B27: {=_xlfn.XLOOKUP(A27,'Player List'!$A$2:$A$177,'Player List'!$B$2:$C$177)} | C27: Prop | D27: =_xlfn.XLOOKUP(B27,$B$2:$B$7,$C$2:$C$7) | E27: 42 | F27: 4 | G27: 1 | T27: 11
A28: D. Fischetti | B28: {=_xlfn.XLOOKUP(A28,'Player List'!$A$2:$A$177,'Player List'!$B$2:$C$177)} | C28: Prop | D28: =_xlfn.XLOOKUP(B28,$B$2:$B$7,$C$2:$C$7) | E28: 62 | F28: 5 | I28: 39 | T28: 12.8
A29: M. Riccioni | B29: {=_xlfn.XLOOKUP(A29,'Player List'!$A$2:$A$177,'Player List'!$B$2:$C$177)} | C29: Prop | D29: =_xlfn.XLOOKUP(B29,$B$2:$B$7,$C$2:$C$7) | E29: 38 | F29: 2 | I29: 14 | T29: 4.8
A30: F. Zani | B30: {=_xlfn.XLOOKUP(A30,'Player List'!$A$2:$A$177,'Player List'!$B$2:$C$177)} | C30: Prop | D30: =_xlfn.XLOOKUP(B30,$B$2:$B$7,$C$2:$C$7) | E30: 18 | T30: 0
A31: L. Bigi | B31: {=_xlfn.XLOOKUP(A31,'Player List'!$A$2:$A$177,'Player List'!$B$2:$C$177)} | C31: Hooker | D31: =_xlfn.XLOOKUP(B31,$B$2:$B$7,$C$2:$C$7) | E31: 28 | F31: 3 | T31: 3
A32: G. Nicotera | B32: {=_xlfn.XLOOKUP(A32,'Player List'!$A$2:$A$177,'Player List'!$B$2:$C$177)} | C32: Hooker | D32: =_xlfn.XLOOKUP(B32,$B$2:$B$7,$C$2:$C$7) | E32: 52 | F32: 11 | I32: 17 | L32: 1 | T32: 21.4
A33: J. Adams | B33: {=_xlfn.XLOOKUP(A33,'Player List'!$A$2:$A$177,'Player List'!$B$2:$C$177)} | C33: Back Three | D33: =_xlfn.XLOOKUP(B33,$B$2:$B$7,$C$2:$C$7) | E33: 51 | F33: 1 | G33: 1 | H33: 1 | I33: 31 | T33: 26.3
A34: R. Dyer | B34: {=_xlfn.XLOOKUP(A34,'Player List'!$A$2:$A$177,'Player List'!$B$2:$C$177)} | C34: Back Three | D34: =_xlfn.XLOOKUP(B34,$B$2:$B$7,$C$2:$C$7) | E34: 80 | F34: 4 | G34: 1 | H34: 1 | I34: 19 | M34: 1 | T34: 44.8
A35: L. Rees-Zammit | B35: {=_xlfn.XLOOKUP(A35,'Player List'!$A$2:$A$177,'Player List'!$B$2:$C$177)} | C35: Back Three | D35: =_xlfn.XLOOKUP(B35,$B$2:$B$7,$C$2:$C$7) | E35: 29 | F35: 3 | I35: 46 | T35: 15.1
A36: L. Williams | B36: {=_xlfn.XLOOKUP(A36,'Player List'!$A$2:$A$177,'Player List'!$B$2:$C$177)} | C36: Back Three | D36: =_xlfn.XLOOKUP(B36,$B$2:$B$7,$C$2:$C$7) | E36: 62 | F36: 1 | H36: 1 | I36: 87 | L36: 1 | M36: 1 | T36: 53.6
A37: M. Grady | B37: {=_xlfn.XLOOKUP(A37,'Player List'!$A$2:$A$177,'Player List'!$B$2:$C$177)} | C37: Centre | D37: =_xlfn.XLOOKUP(B37,$B$2:$B$7,$C$2:$C$7) | E37: 80 | F37: 5 | I37: 26 | T37: 18.2
A38: J. Hawkins | B38: {=_xlfn.XLOOKUP(A38,'Player List'!$A$2:$A$177,'Player List'!$B$2:$C$177)} | C38: Centre | D38: =_xlfn.XLOOKUP(B38,$B$2:$B$7,$C$2:$C$7) | E38: 80 | F38: 3 | G38: 1 | I38: 97 | T38: 37.4
A39: G. North | B39: {=_xlfn.XLOOKUP(A39,'Player List'!$A$2:$A$177,'Player List'!$B$2:$C$177)} | C39: Centre | D39: =_xlfn.XLOOKUP(B39,$B$2:$B$7,$C$2:$C$7) | E39: 18 | F39: 1 | T39: 2.8
A40: O. Williams | B40: {=_xlfn.XLOOKUP(A40,'Player List'!$A$2:$A$177,'Player List'!$B$2:$C$177)} | C40: Fly Half | D40: =_xlfn.XLOOKUP(B40,$B$2:$B$7,$C$2:$C$7) | E40: 80 | F40: 8 | I40: 19 | O40: 2 | P40: 1 | T40: 28.8
A41: R. Webb | B41: {=_xlfn.XLOOKUP(A41,'Player List'!$A$2:$A$177,'Player List'!$B$2:$C$177)} | C41: Scrum Half | D41: =_xlfn.XLOOKUP(B41,$B$2:$B$7,$C$2:$C$7) | E41: 54 | F41: 5 | G41: 1 | H41: 1 | I41: 28 | J41: 1 | N41: 2 | T41: 69 | U41: 1
A42: T. Williams | B42: {=_xlfn.XLOOKUP(A42,'Player List'!$A$2:$A$177,'Player List'!$B$2:$C$177)} | C42: Scrum Half | D42: =_xlfn.XLOOKUP(B42,$B$2:$B$7,$C$2:$C$7) | E42: 26 | F42: 2 | T42: 4.6
A43: T. Faletau | B43: {=_xlfn.XLOOKUP(A43,'Player List'!$A$2:$A$177,'Player List'!$B$2:$C$177)} | C43: Back Row | D43: =_xlfn.XLOOKUP(B43,$B$2:$B$7,$C$2:$C$7) | E43: 80 | F43: 12 | I43: 54 | M43: 1 | T43: 45.8
A44: J. Morgan | B44: {=_xlfn.XLOOKUP(A44,'Player List'!$A$2:$A$177,'Player List'!$B$2:$C$177)} | C44: Back Row | D44: =_xlfn.XLOOKUP(B44,$B$2:$B$7,$C$2:$C$7) | E44: 60 | F44: 14 | I44: 19 | T44: 23.8
A45: T. Reffell | B45: {=_xlfn.XLOOKUP(A45,'Player List'!$A$2:$A$177,'Player List'!$B$2:$C$177)} | C45: Back Row | D45: =_xlfn.XLOOKUP(B45,$B$2:$B$7,$C$2:$C$7) | E45: 20 | F45: 1 | T45: 3
A46: J. Tipuric | B46: {=_xlfn.XLOOKUP(A46,'Player List'!$A$2:$A$177,'Player List'!$B$2:$C$177)} | C46: Back Row | D46: =_xlfn.XLOOKUP(B46,$B$2:$B$7,$C$2:$C$7) | E46: 80 | F46: 8 | G46: 1 | I46: 2 | K46: 2 | T46: 37.4
A47: A. Beard | B47: {=_xlfn.XLOOKUP(A47,'Player List'!$A$2:$A$177,'Player List'!$B$2:$C$177)} | C47: Second Row | D47: =_xlfn.XLOOKUP(B47,$B$2:$B$7,$C$2:$C$7) | E47: 80 | F47: 5 | I47: 2 | K47: 1 | L47: 1 | T47: 27.4
A48: R. Davies | B48: {=_xlfn.XLOOKUP(A48,'Player List'!$A$2:$A$177,'Player List'!$B$2:$C$177)} | C48: Second Row | D48: =_xlfn.XLOOKUP(B48,$B$2:$B$7,$C$2:$C$7) | E48: 11 | F48: 2 | I48: 2 | T48: 3.5
A49: D. Jenkins | B49: {=_xlfn.XLOOKUP(A49,'Player List'!$A$2:$A$177,'Player List'!$B$2:$C$177)} | C49: Second Row | D49: =_xlfn.XLOOKUP(B49,$B$2:$B$7,$C$2:$C$7) | E49: 69 | F49: 13 | G49: 1 | I49: 1 | T49: 27.1
A50: T. Francis | B50: {=_xlfn.XLOOKUP(A50,'Player List'!$A$2:$A$177,'Player List'!$B$2:$C$177)} | C50: Prop | D50: =_xlfn.XLOOKUP(B50,$B$2:$B$7,$C$2:$C$7) | E50: 53 | F50: 7 | I50: 5 | T50: 13.3
A51: W. Jones | B51: {=_xlfn.XLOOKUP(A51,'Player List'!$A$2:$A$177,'Player List'!$B$2:$C$177)} | C51: Prop | D51: =_xlfn.XLOOKUP(B51,$B$2:$B$7,$C$2:$C$7) | E51: 45 | F51: 4 | I51: 15 | T51: 11.5
A52: D. Lewis | B52: {=_xlfn.XLOOKUP(A52,'Player List'!$A$2:$A$177,'Player List'!$B$2:$C$177)} | C52: Prop | D52: =_xlfn.XLOOKUP(B52,$B$2:$B$7,$C$2:$C$7) | E52: 27 | F52: 4 | T52: 6.7
A53: G. Thomas | B53: {=_xlfn.XLOOKUP(A53,'Player List'!$A$2:$A$177,'Player List'!$B$2:$C$177)} | C53: Prop | D53: =_xlfn.XLOOKUP(B53,$B$2:$B$7,$C$2:$C$7) | E53: 35 | F53: 3 | I53: 5 | T53: 7.5
A54: S. Baldwin | B54: {=_xlfn.XLOOKUP(A54,'Player List'!$A$2:$A$177,'Player List'!$B$2:$C$177)} | C54: Hooker | D54: =_xlfn.XLOOKUP(B54,$B$2:$B$7,$C$2:$C$7) | E54: 6 | F54: 2 | T54: 2.6
A55: K. Owens | B55: {=_xlfn.XLOOKUP(A55,'Player List'!$A$2:$A$177,'Player List'!$B$2:$C$177)} | C55: Hooker | D55: =_xlfn.XLOOKUP(B55,$B$2:$B$7,$C$2:$C$7) | E55: 74 | F55: 12 | I55: 12 | T55: 21.8
A56: H. Arundell | B56: {=_xlfn.XLOOKUP(A56,'Player List'!$A$2:$A$177,'Player List'!$B$2:$C$177)} | C56: Back Three | D56: =_xlfn.XLOOKUP(B56,$B$2:$B$7,$C$2:$C$7) | E56: 22 | F56: 1 | I56: 14 | T56: 3.8
A57: M. Malins | B57: {=_xlfn.XLOOKUP(A57,'Player List'!$A$2:$A$177,'Player List'!$B$2:$C$177)} | C57: Back Three | D57: =_xlfn.XLOOKUP(B57,$B$2:$B$7,$C$2:$C$7) | E57: 58 | F57: 7 | I57: 40 | T57: 15
A58: F. Steward | B58: {=_xlfn.XLOOKUP(A58,'Player List'!$A$2:$A$177,'Player List'!$B$2:$C$177)} | C58: Back Three | D58: =_xlfn.XLOOKUP(B58,$B$2:$B$7,$C$2:$C$7) | E58: 80 | F58: 2 | G58: 1 | I58: 163 | M58: 1 | T58: 56.6
A59: A. Watson | B59: {=_xlfn.XLOOKUP(A59,'Player List'!$A$2:$A$177,'Player List'!$B$2:$C$177)} | C59: Back Three | D59: =_xlfn.XLOOKUP(B59,$B$2:$B$7,$C$2:$C$7) | E59: 80 | F59: 3 | G59: 2 | I59: 48 | T59: 26.6
A60: O. Farrell | B60: {=_xlfn.XLOOKUP(A60,'Player List'!$A$2:$A$177,'Player List'!$B$2:$C$177)} | C60: Centre | D60: =_xlfn.XLOOKUP(B60,$B$2:$B$7,$C$2:$C$7) | E60: 34 | F60: 4 | I60: 44 | T60: 12.8
A61: O. Lawrence | B61: {=_xlfn.XLOOKUP(A61,'Player List'!$A$2:$A$177,'Player List'!$B$2:$C$177)} | C61: Centre | D61: =_xlfn.XLOOKUP(B61,$B$2:$B$7,$C$2:$C$7) | E61: 61 | F61: 3 | I61: 24 | T61: 7.8
A62: H. Slade | B62: {=_xlfn.XLOOKUP(A62,'Player List'!$A$2:$A$177,'Player List'!$B$2:$C$177)} | C62: Centre | D62: =_xlfn.XLOOKUP(B62,$B$2:$B$7,$C$2:$C$7) | E62: 46 | F62: 1 | I62: 15 | T62: 4
A63: M. Smith | B63: {=_xlfn.XLOOKUP(A63,'Player List'!$A$2:$A$177,'Player List'!$B$2:$C$177)} | C63: Fly Half | D63: =_xlfn.XLOOKUP(B63,$B$2:$B$7,$C$2:$C$7) | E63: 80 | F63: 10 | H63: 1 | I63: 115 | O63: 1 | P63: 1 | T63: 47
A64: A. Mitchell | B64: {=_xlfn.XLOOKUP(A64,'Player List'!$A$2:$A$177,'Player List'!$B$2:$C$177)} | C64: Scrum Half | D64: =_xlfn.XLOOKUP(B64,$B$2:$B$7,$C$2:$C$7) | E64: 34 | I64: 8 | N64: 1 | T64: 8.6
A65: J. van Poortvliet | B65: {=_xlfn.XLOOKUP(A65,'Player List'!$A$2:$A$177,'Player List'!$B$2:$C$177)} | C65: Scrum Half | D65: =_xlfn.XLOOKUP(B65,$B$2:$B$7,$C$2:$C$7) | E65: 46 | F65: 3 | I65: 4 | T65: 3.8
A66: B. Curry | B66: {=_xlfn.XLOOKUP(A66,'Player List'!$A$2:$A$177,'Player List'!$B$2:$C$177)} | C66: Back Row | D66: =_xlfn.XLOOKUP(B66,$B$2:$B$7,$C$2:$C$7) | E66: 27 | F66: 5 | I66: 11 | L66: 1 | T66: 14.2
A67: A. Dombrandt | B67: {=_xlfn.XLOOKUP(A67,'Player List'!$A$2:$A$177,'Player List'!$B$2:$C$177)} | C67: Back Row | D67: =_xlfn.XLOOKUP(B67,$B$2:$B$7,$C$2:$C$7) | E67: 75 | F67: 12 | G67: 1 | I67: 44 | T67: 27.8
A68: L. Ludlam | B68: {=_xlfn.XLOOKUP(A68,'Player List'!$A$2:$A$177,'Player List'!$B$2:$C$177)} | C68: Back Row | D68: =_xlfn.XLOOKUP(B68,$B$2:$B$7,$C$2:$C$7) | E68: 80 | F68: 11 | G68: 1 | I68: 27 | T68: 23.4
A69: J. Willis | B69: {=_xlfn.XLOOKUP(A69,'Player List'!$A$2:$A$177,'Player List'!$B$2:$C$177)} | C69: Back Row | D69: =_xlfn.XLOOKUP(B69,$B$2:$B$7,$C$2:$C$7) | E69: 53 | F69: 7 | I69: 17 | T69: 10.4
A70: O. Chessum | B70: {=_xlfn.XLOOKUP(A70,'Player List'!$A$2:$A$177,'Player List'!$B$2:$C$177)} | C70: Second Row | D70: =_xlfn.XLOOKUP(B70,$B$2:$B$7,$C$2:$C$7) | E70: 80 | F70: 4 | I70: 25 | T70: 9
A71: M. Itoje | B71: {=_xlfn.XLOOKUP(A71,'Player List'!$A$2:$A$177,'Player List'!$B$2:$C$177)} | C71: Second Row | D71: =_xlfn.XLOOKUP(B71,$B$2:$B$7,$C$2:$C$7) | E71: 80 | F71: 8 | G71: 1 | I71: 23 | L71: 2 | T71: 33.6
A72: D. Ribbans | B72: {=_xlfn.XLOOKUP(A72,'Player List'!$A$2:$A$177,'Player List'!$B$2:$C$177)} | C72: Second Row | D72: =_xlfn.XLOOKUP(B72,$B$2:$B$7,$C$2:$C$7) | E72: 5 | I72: 3 | T72: 0.6
A73: D. Cole | B73: {=_xlfn.XLOOKUP(A73,'Player List'!$A$2:$A$177,'Player List'!$B$2:$C$177)} | C73: Prop | D73: =_xlfn.XLOOKUP(B73,$B$2:$B$7,$C$2:$C$7) | E73: 15 | F73: 1 | T73: 1
A74: E. Genge | B74: {=_xlfn.XLOOKUP(A74,'Player List'!$A$2:$A$177,'Player List'!$B$2:$C$177)} | C74: Prop | D74: =_xlfn.XLOOKUP(B74,$B$2:$B$7,$C$2:$C$7) | E74: 65 | F74: 4 | G74: 1 | I74: 17 | T74: 14.4
A75: K. Sinckler | B75: {=_xlfn.XLOOKUP(A75,'Player List'!$A$2:$A$177,'Player List'!$B$2:$C$177)} | C75: Prop | D75: =_xlfn.XLOOKUP(B75,$B$2:$B$7,$C$2:$C$7) | E75: 65 | F75: 8 | G75: 1 | I75: 24 | T75: 19.8
A76: M. Vunipola | B76: {=_xlfn.XLOOKUP(A76,'Player List'!$A$2:$A$177,'Player List'!$B$2:$C$177)} | C76: Prop | D76: =_xlfn.XLOOKUP(B76,$B$2:$B$7,$C$2:$C$7) | E76: 15 | I76: 14 | T76: 2.8
A77: J. George | B77: {=_xlfn.XLOOKUP(A77,'Player List'!$A$2:$A$177,'Player List'!$B$2:$C$177)} | C77: Hooker | D77: =_xlfn.XLOOKUP(B77,$B$2:$B$7,$C$2:$C$7) | E77: 80 | F77: 6 | I77: 14 | T77: 8.8
A78: J. Walker | B78: {=_xlfn.XLOOKUP(A78,'Player List'!$A$2:$A$177,'Player List'!$B$2:$C$177)} | C78: Hooker | D78: =_xlfn.XLOOKUP(B78,$B$2:$B$7,$C$2:$C$7) | E78: 19 | F78: 3 | I78: 21 | T78: 7.2
A79: M. Jaminet | B79: {=_xlfn.XLOOKUP(A79,'Player List'!$A$2:$A$177,'Player List'!$B$2:$C$177)} | C79: Back Three | D79: =_xlfn.XLOOKUP(B79,$B$2:$B$7,$C$2:$C$7) | E79: 7 | F79: 2 | I79: 11 | N79: 1 | T79: 11.9
A80: D. Penaud | B80: {=_xlfn.XLOOKUP(A80,'Player List'!$A$2:$A$177,'Player List'!$B$2:$C$177)} | C80: Back Three | D80: =_xlfn.XLOOKUP(B80,$B$2:$B$7,$C$2:$C$7) | E80: 80 | F80: 4 | H80: 2 | I80: 86 | M80: 2 | T80: 73.2
A81: T. Ramos | B81: {=_xlfn.XLOOKUP(A81,'Player List'!$A$2:$A$177,'Player List'!$B$2:$C$177)} | C81: Back Three | D81: =_xlfn.XLOOKUP(B81,$B$2:$B$7,$C$2:$C$7) | E81: 80 | G81: 1 | H81: 1 | I81: 96 | M81: 1 | O81: 6 | P81: 2 | T81: 93.2 | U81: 1
A82: J. Danty | B82: {=_xlfn.XLOOKUP(A82,'Player List'!$A$2:$A$177,'Player List'!$B$2:$C$177)} | C82: Centre | D82: =_xlfn.XLOOKUP(B82,$B$2:$B$7,$C$2:$C$7) | E82: 65 | F82: 8 | G82: 1 | I82: 26 | L82: 1 | T82: 33.7
A83: E. Dumortier | B83: {=_xlfn.XLOOKUP(A83,'Player List'!$A$2:$A$177,'Player List'!$B$2:$C$177)} | C83: Centre | D83: =_xlfn.XLOOKUP(B83,$B$2:$B$7,$C$2:$C$7) | E83: 80 | H83: 1 | I83: 50 | N83: 1 | T83: 32
A84: G. Fickou | B84: {=_xlfn.XLOOKUP(A84,'Player List'!$A$2:$A$177,'Player List'!$B$2:$C$177)} | C84: Centre | D84: =_xlfn.XLOOKUP(B84,$B$2:$B$7,$C$2:$C$7) | E84: 80 | F84: 12 | G84: 1 | I84: 54 | N84: 1 | T84: 44.8
A85: Y. Moefana | B85: {=_xlfn.XLOOKUP(A85,'Player List'!$A$2:$A$177,'Player List'!$B$2:$C$177)} | C85: Centre | D85: =_xlfn.XLOOKUP(B85,$B$2:$B$7,$C$2:$C$7) | E85: 15 | F85: 2 | I85: 11 | T85: 5.7
A86: R. Ntamack | B86: {=_xlfn.XLOOKUP(A86,'Player List'!$A$2:$A$177,'Player List'!$B$2:$C$177)} | C86: Fly Half | D86: =_xlfn.XLOOKUP(B86,$B$2:$B$7,$C$2:$C$7) | E86: 73 | F86: 6 | I86: 16 | N86: 1 | T86: 23.5
A87: A. Dupont | B87: {=_xlfn.XLOOKUP(A87,'Player List'!$A$2:$A$177,'Player List'!$B$2:$C$177)} | C87: Scrum Half | D87: =_xlfn.XLOOKUP(B87,$B$2:$B$7,$C$2:$C$7) | E87: 69 | F87: 9 | G87: 1 | H87: 1 | I87: 45 | J87: 1 | N87: 1 | T87: 55.9
A88: M. Lucu | B88: {=_xlfn.XLOOKUP(A88,'Player List'!$A$2:$A$177,'Player List'!$B$2:$C$177)} | C88: Scrum Half | D88: =_xlfn.XLOOKUP(B88,$B$2:$B$7,$C$2:$C$7) | E88: 11 | I88: 2 | T88: 1.5
A89: G. Alldritt | B89: {=_xlfn.XLOOKUP(A89,'Player List'!$A$2:$A$177,'Player List'!$B$2:$C$177)} | C89: Back Row | D89: =_xlfn.XLOOKUP(B89,$B$2:$B$7,$C$2:$C$7) | E89: 80 | F89: 7 | G89: 1 | H89: 1 | I89: 93 | L89: 2 | N89: 1 | T89: 68.6
A90: F. Cros | B90: {=_xlfn.XLOOKUP(A90,'Player List'!$A$2:$A$177,'Player List'!$B$2:$C$177)} | C90: Back Row | D90: =_xlfn.XLOOKUP(B90,$B$2:$B$7,$C$2:$C$7) | E90: 80 | F90: 12 | G90: 1 | I90: 33 | T90: 33.6
A91: S. Macalou | B91: {=_xlfn.XLOOKUP(A91,'Player List'!$A$2:$A$177,'Player List'!$B$2:$C$177)} | C91: Back Row | D91: =_xlfn.XLOOKUP(B91,$B$2:$B$7,$C$2:$C$7) | E91: 18 | F91: 2 | T91: 3.8
A92: C. Ollivon | B92: {=_xlfn.XLOOKUP(A92,'Player List'!$A$2:$A$177,'Player List'!$B$2:$C$177)} | C92: Back Row | D92: =_xlfn.XLOOKUP(B92,$B$2:$B$7,$C$2:$C$7) | E92: 62 | F92: 5 | G92: 1 | H92: 1 | I92: 59 | M92: 2 | T92: 67
A93: T. Flament | B93: {=_xlfn.XLOOKUP(A93,'Player List'!$A$2:$A$177,'Player List'!$B$2:$C$177)} | C93: Second Row | D93: =_xlfn.XLOOKUP(B93,$B$2:$B$7,$C$2:$C$7) | E93: 80 | F93: 9 | H93: 2 | I93: 48 | M93: 2 | T93: 70.6
A94: R. Taofifenua | B94: {=_xlfn.XLOOKUP(A94,'Player List'!$A$2:$A$177,'Player List'!$B$2:$C$177)} | C94: Second Row | D94: =_xlfn.XLOOKUP(B94,$B$2:$B$7,$C$2:$C$7) | E94: 30 | F94: 7 | I94: 13 | T94: 12.6
A95: P. Willemse | B95: {=_xlfn.XLOOKUP(A95,'Player List'!$A$2:$A$177,'Player List'!$B$2:$C$177)} | C95: Second Row | D95: =_xlfn.XLOOKUP(B95,$B$2:$B$7,$C$2:$C$7) | E95: 50 | F95: 8 | T95: 13
A96: D. Aldegheri | B96: {=_xlfn.XLOOKUP(A96,'Player List'!$A$2:$A$177,'Player List'!$B$2:$C$177)} | C96: Prop | D96: =_xlfn.XLOOKUP(B96,$B$2:$B$7,$C$2:$C$7) | E96: 50 | F96: 6 | T96: 11
A97: C. Baille | B97: {=_xlfn.XLOOKUP(A97,'Player List'!$A$2:$A$177,'Player List'!$B$2:$C$177)} | C97: Prop | D97: =_xlfn.XLOOKUP(B97,$B$2:$B$7,$C$2:$C$7) | E97: 61 | F97: 5 | I97: 38 | T97: 18.7
A98: S. Falatea | B98: {=_xlfn.XLOOKUP(A98,'Player List'!$A$2:$A$177,'Player List'!$B$2:$C$177)} | C98: Prop | D98: =_xlfn.XLOOKUP(B98,$B$2:$B$7,$C$2:$C$7) | E98: 30 | F98: 2 | T98: 5
A99: R. Wardi | B99: {=_xlfn.XLOOKUP(A99,'Player List'!$A$2:$A$177,'Player List'!$B$2:$C$177)} | C99: Prop | D99: =_xlfn.XLOOKUP(B99,$B$2:$B$7,$C$2:$C$7) | E99: 19 | F99: 5 | T99: 6.9
A100: J. Marchand | B100: {=_xlfn.XLOOKUP(A100,'Player List'!$A$2:$A$177,'Player List'!$B$2:$C$177)} | C100: Hooker | D100: =_xlfn.XLOOKUP(B100,$B$2:$B$7,$C$2:$C$7) | E100: 61 | F100: 2 | I100: 16 | T100: 11.3
A101: P. Mauvaka | B101: {=_xlfn.XLOOKUP(A101,'Player List'!$A$2:$A$177,'Player List'!$B$2:$C$177)} | C101: Hooker | D101: =_xlfn.XLOOKUP(B101,$B$2:$B$7,$C$2:$C$7) | E101: 19 | F101: 4 | I101: 1 | T101: 6.1
A102: S. Hogg | B102: {=_xlfn.XLOOKUP(A102,'Player List'!$A$2:$A$177,'Player List'!$B$2:$C$177)} | C102: Back Three | D102: =_xlfn.XLOOKUP(B102,$B$2:$B$7,$C$2:$C$7) | E102: 65 | F102: 4 | I102: 65 | T102: 17
...

Sheet Summary Data
E2: Average
A3: Name | B3: Nation | C3: Position | D3: Games Played | E3: Time Played | F3: Tackles | G3: Dominant Tackles | H3: Line Breaks | I3: Metres Carried | J3: 50-22 | K3: Lineout Steal | L3: Breakdown Steal | M3: Try | N3: Assists | O3: Conversion | P3: Penalty | Q3: Drop Goal | R3: Yellow Card | S3: Red Card | T3: Total MoM
A4: J. Adams | B4: Wales | C4: Back Three | D4: 4 | E4: 61 | F4: 3.75 | G4: 1.25 | H4: 0.25 | I4: 26.25 | J4: 0 | K4: 0 | L4: 0.25 | M4: 0 | N4: 0 | O4: 0 | P4: 0 | Q4: 0 | R4: 0 | S4: 0 | T4: 0
A5: A. Cuthbert | B5: Wales | C5: Back Three | D5: 2 | E5: 20 | F5: 1 | G5: 0 | H5: 0 | I5: 37.5 | J5: 0 | K5: 0 | L5: 0 | M5: 0 | N5: 0 | O5: 0 | P5: 0 | Q5: 0 | R5: 0 | S5: 0 | T5: 0
A6: R. Dyer | B6: Wales | C6: Back Three | D6: 3 | E6: 76 | F6: 4.3333 | G6: 0.3333 | H6: 1.3333 | I6: 72 | J6: 0 | K6: 0 | L6: 0 | M6: 0.3333 | N6: 0 | O6: 0 | P6: 0 | Q6: 0 | R6: 0 | S6: 0 | T6: 0
A7: L. Williams | B7: Wales | C7: Back Three | D7: 3 | E7: 67 | F7: 4 | G7: 0 | H7: 1 | I7: 79.6667 | J7: 0 | K7: 0 | L7: 0.6667 | M7: 0.6667 | N7: 0 | O7: 0 | P7: 0 | Q7: 0 | R7: 0.6667 | S7: 0 | T7: 0
A8: J. Hawkins | B8: Wales | C8: Centre | D8: 4 | E8: 80 | F8: 5.5 | G8: 0.5 | H8: 0.25 | I8: 69.25 | J8: 0 | K8: 0 | L8: 0 | M8: 0 | N8: 0 | O8: 0 | P8: 0 | Q8: 0 | R8: 0 | S8: 0 | T8: 0
A9: G. North | B9: Wales | C9: Centre | D9: 3 | E9: 57 | F9: 2.3333 | G9: 0.3333 | H9: 0 | I9: 36.3333 | J9: 0 | K9: 0 | L9: 0 | M9: 0 | N9: 0 | O9: 0 | P9: 0 | Q9: 0 | R9: 0 | S9: 0 | T9: 0
A10: D. Biggar | B10: Wales | C10: Fly Half | D10: 3 | E10: 50 | F10: 6.3333 | G10: 0 | H10: 0.3333 | I10: 17 | J10: 0 | K10: 0 | L10: 0.3333 | M10: 0 | N10: 0.3333 | O10: 0.6667 | P10: 0.3333 | Q10: 0 | R10: 0 | S10: 0 | T10: 0
A11: O. Williams | B11: Wales | C11: Fly Half | D11: 3 | E11: 49 | F11: 5 | G11: 0 | H11: 0 | I11: 15.6667 | J11: 0 | K11: 0 | L11: 0 | M11: 0 | N11: 0 | O11: 0.6667 | P11: 0.3333 | Q11: 0 | R11: 0 | S11: 0 | T11: 0
A12: R. Webb | B12: Wales | C12: Scrum Half | D12: 3 | E12: 31.3333 | F12: 3 | G12: 0.6667 | H12: 0.3333 | I12: 9.6667 | J12: 0.3333 | K12: 0 | L12: 0 | M12: 0 | N12: 0.6667 | O12: 0 | P12: 0 | Q12: 0 | R12: 0.3333 | S12: 0 | T12: 1
A13: T. Williams | B13: Wales | C13: Scrum Half | D13: 4 | E13: 53.75 | F13: 3.5 | G13: 0.25 | H13: 0 | I13: 14.5 | J13: 0 | K13: 0 | L13: 0 | M13: 0 | N13: 0 | O13: 0 | P13: 0 | Q13: 0 | R13: 0 | S13: 0 | T13: 0
A14: T. Faletau | B14: Wales | C14: Back Row | D14: 4 | E14: 67 | F14: 12.75 | G14: 0.25 | H14: 0 | I14: 45.75 | J14: 0 | K14: 0 | L14: 0.5 | M14: 0.25 | N14: 0 | O14: 0 | P14: 0 | Q14: 0 | R14: 0 | S14: 0 | T14: 0
A15: J. Morgan | B15: Wales | C15: Back Row | D15: 3 | E15: 64 | F15: 13 | G15: 1 | H15: 0 | I15: 31.3333 | J15: 0 | K15: 0 | L15: 1 | M15: 0 | N15: 0 | O15: 0 | P15: 0 | Q15: 0 | R15: 0 | S15: 0 | T15: 0
... A179: C. Healy | B179: Ireland | C179: Prop | D179: 1 | E179: 32 | F179: 1 | G179: 0 | H179: 0 | I179: 15 | J179: 0 | K179: 0 | L179: 0 | M179: 0 | N179: 0 | O179: 0 | P179: 0 | Q179: 0 | R179: 0 | S179: 0 | T179: 0

Sheet Points ----->

Sheet Player List
A2: J. Adams | B2: Wales | C2: Back Three
A3: A. Cuthbert | B3: Wales | C3: Back Three
A4: R. Dyer | B4: Wales | C4: Back Three
A5: L. Williams | B5: Wales | C5: Back Three
A6: J. Hawkins | B6: Wales | C6: Centre
A7: G. North | B7: Wales | C7: Centre
A8: D. Biggar | B8: Wales | C8: Fly Half
A9: O. Williams | B9: Wales | C9: Fly Half
A10: R. Webb | B10: Wales | C10: Scrum Half
A11: T. Williams | B11: Wales | C11: Scrum Half
A12: T. Faletau | B12: Wales | C12: Back Row
A13: J. Morgan | B13: Wales | C13: Back Row
... A177: C. Healy | B177: Ireland | C177: Prop

Sheet Round 1 Points
K1: Win | L1: Tackles | M1: Dominant Tackles | N1: Line Breaks | O1: Metres Carried | P1: 50-22 | Q1: Lineout Steal | R1: Breakdown Steal | S1: Try | T1: Assists | U1: Conversion | V1: Penalty | W1: Drop Goal | X1: Yellow Card | Y1: Red Card | Z1: MOM
B2: Scotland | C2: Win | E2: Wales | F2: 10 | G2: 34 | H2: Ireland | J2: Points | K2: 8 | L2: 1 | M2: 7 | N2: 7 | O2: 0.2 | P2: 10 | Q2: 7 | R2: 7 | S2: 15 | T2: 7 | U2: 2 | V2: 5 | W2: 7 | X2: -5 | Y2: -10 | Z2: 15
B3: Wales | C3: Loss | E3: England | F3: 23 | G3: 29 | H3: Scotland
B4: Ireland | C4: Win | E4: Italy | F4: 24 | G4: 29 | H4: France
B5: England | C5: Loss
B6: France | C6: Win
B7: Italy | C7: Loss
A9: Name | B9: Nation | C9: Position | D9: Time Played | F9: Tackles | G9: Dominant Tackles | H9: Line Breaks | I9: Metres Carried | J9: 50-22 | K9: Lineout Steal | L9: Breakdown Steal | M9: Try | N9: Assists | O9: Conversion | P9: Penalty | Q9: Drop Goal | R9: Yellow Card | S9: Red Card | T9: Game Total | U9: MoM | V9: Win Points | W9: Total Points
A10: J. Adams | B10: {=_xlfn.XLOOKUP(A10,'Player List'!$A$2:$A$177,'Player List'!$B$2:$C$177)} | C10: Back Three | D10: 80 | F10: 3 | G10: 21 | H10: 0 | I10: 7.2 | J10: 0 | K10: 0 | L10: 0 | M10: 0 | N10: 0 | O10: 0 | P10: 0 | Q10: 0 | R10: 0 | S10: 0 | T10: 31.2 | U10: 0 | V10: 0 | W10: 31.2
A11: A. Cuthbert | B11: {=_xlfn.XLOOKUP(A11,'Player List'!$A$2:$A$177,'Player List'!$B$2:$C$177)} | C11: Back Three | D11: 12 | F11: 1 | G11: 0 | H11: 0 | I11: 5.6 | J11: 0 | K11: 0 | L11: 0 | M11: 0 | N11: 0 | O11: 0 | P11: 0 | Q11: 0 | R11: 0 | S11: 0 | T11: 6.6 | U11: 0 | V11: 0 | W11: 6.6
A12: R. Dyer | B12: {=_xlfn.XLOOKUP(A12,'Player List'!$A$2:$A$177,'Player List'!$B$2:$C$177)} | C12: Back Three | D12: 68 | F12: 4 | G12: 0 | H12: 14 | I12: 21.4 | J12: 0 | K12: 0 | L12: 0 | M12: 0 | N12: 0 | O12: 0 | P12: 0 | Q12: 0 | R12: 0 | S12: 0 | T12: 39.4 | U12: 0 | V12: 0 | W12: 39.4
A13: L. Williams | B13: {=_xlfn.XLOOKUP(A13,'Player List'!$A$2:$A$177,'Player List'!$B$2:$C$177)} | C13: Back Three | D13: 70 | F13: 2 | G13: 0 | H13: 14 | I13: 21.6 | J13: 0 | K13: 0 | L13: 7 | M13: 15 | N13: 0 | O13: 0 | P13: 0 | Q13: 0 | R13: -5 | S13: 0 | T13: 54.6 | U13: 0 | V13: 0 | W13: 54.6
A14: J. Hawkins | B14: {=_xlfn.XLOOKUP(A14,'Player List'!$A$2:$A$177,'Player List'!$B$2:$C$177)} | C14: Centre | D14: 80 | F14: 6 | G14: 7 | H14: 7 | I14: 15 | J14: 0 | K14: 0 | L14: 0 | M14: 0 | N14: 0 | O14: 0 | P14: 0 | Q14: 0 | R14: 0 | S14: 0 | T14: 35 | U14: 0 | V14: 0 | W14: 35
A15: G. North | B15: {=_xlfn.XLOOKUP(A15,'Player List'!$A$2:$A$177,'Player List'!$B$2:$C$177)} | C15: Centre | D15: 80 | F15: 4 | G15: 0 | H15: 0 | I15: 11.6 | J15: 0 | K15: 0 | L15: 0 | M15: 0 | N15: 0 | O15: 0 | P15: 0 | Q15: 0 | R15: 0 | S15: 0 | T15: 15.6 | U15: 0 | V15: 0 | W15: 15.6
A16: D. Biggar | B16: {=_xlfn.XLOOKUP(A16,'Player List'!$A$2:$A$177,'Player List'!$B$2:$C$177)} | C16: Fly Half | D16: 67 | F16: 9 | G16: 0 | H16: 7 | I16: 7 | J16: 0 | K16: 0 | L16: 0 | M16: 0 | N16: 7 | O16: 2 | P16: 5 | Q16: 0 | R16: 0 | S16: 0 | T16: 37 | U16: 0 | V16: 0 | W16: 37
A17: O. Williams | B17: {=_xlfn.XLOOKUP(A17,'Player List'!$A$2:$A$177,'Player List'!$B$2:$C$177)} | C17: Fly Half | D17: 13 | F17: 1 | G17: 0 | H17: 0 | I17: 0.8 | J17: 0 | K17: 0 | L17: 0 | M17: 0 | N17: 0 | O17: 0 | P17: 0 | Q17: 0 | R17: 0 | S17: 0 | T17: 1.8 | U17: 0 | V17: 0 | W17: 1.8
A18: R. Webb | B18: {=_xlfn.XLOOKUP(A18,'Player List'!$A$2:$A$177,'Player List'!$B$2:$C$177)} | C18: Scrum Half | D18: 17 | F18: 2 | G18: 7 | H18: 0 | I18: 0.2 | J18: 0 | K18: 0 | L18: 0 | M18: 0 | N18: 0 | O18: 0 | P18: 0 | Q18: 0 | R18: 0 | S18: 0 | T18: 9.2 | U18: 0 | V18: 0 | W18: 9.2
A19: T. Williams | B19: {=_xlfn.XLOOKUP(A19,'Player List'!$A$2:$A$177,'Player List'!$B$2:$C$177)} | C19: Scrum Half | D19: 63 | F19: 6 | G19: 0 | H19: 0 | I19: 3.8 | J19: 0 | K19: 0 | L19: 0 | M19: 0 | N19: 0 | O19: 0 | P19: 0 | Q19: 0 | R19: 0 | S19: 0 | T19: 9.8 | U19: 0 | V19: 0 | W19: 9.8
A20: T. Faletau | B20: {=_xlfn.XLOOKUP(A20,'Player List'!$A$2:$A$177,'Player List'!$B$2:$C$177)} | C20: Back Row | D20: 80 | F20: 20 | G20: 7 | H20: 0 | I20: 9.8 | J20: 0 | K20: 0 | L20: 0 | M20: 0 | N20: 0 | O20: 0 | P20: 0 | Q20: 0 | R20: 0 | S20: 0 | T20: 36.8 | U20: 0 | V20: 0 | W20: 36.8
A21: J. Morgan | B21: {=_xlfn.XLOOKUP(A21,'Player List'!$A$2:$A$177,'Player List'!$B$2:$C$177)} | C21: Back Row | D21: 80 | F21: 14 | G21: 21 | H21: 0 | I21: 8.6 | J21: 0 | K21: 0 | L21: 7 | M21: 0 | N21: 0 | O21: 0 | P21: 0 | Q21: 0 | R21: 0 | S21: 0 | T21: 50.6 | U21: 0 | V21: 0 | W21: 50.6
... A34: H. Keenan | B34: {=_xlfn.XLOOKUP(A34,'Player List'!$A$2:$A$177,'Player List'!$B$2:$C$177)} | C34: Back Three | D34: 80 | F34: 0 | G34: 0 | H34: 0 | I34: 17.2 | J34: 0 | K34: 0 | L34: 0 | M34: 0 | N34: 0 | O34: 0 | P34: 0 | Q34: 0 | R34: 0 | S34: 0 | T34: 17.2 | U34: 15 | V34: 0 | W34: 32.2
A35: J. Lowe | B35: {=_xlfn.XLOOKUP(A35,'Player List'!$A$2:$A$177,'Player List'!$B$2:$C$177)} | C35: Back Three | D35: 80 | F35: 4 | G35: ='Round 1 Data'!G35*'Round 1 Points'!M$2 | H35: ='Round 1 Data'!H35*'Round 1 Points'!N$2 | I35: ='Round 1 Data'!I35*'Round 1 Points'!O$2 | J35: ='Round 1 Data'!J35*'Round 1 Points'!P$2 | K35: ='Round 1 Data'!K35*'Round 1 Points'!Q$2 | L35: ='Round 1 Data'!L35*'Round 1 Points'!R$2 | M35: ='Round 1 Data'!M35*'Round 1 Points'!S$2 | N35: ='Round 1 Data'!N35*'Round 1 Points'!T$2 | ... S35: ='Round 1 Data'!S35*'Round 1 Points'!Y$2 | T35: =SUM(F35:S35) | U35: ='Round 1 Data'!U35*'Round 1 Points'!$Z$2 | V35: =IF('Round 1 Data'!D35='Round 1 Points'!$K$1,'Round 1 Points'!$K$2*D35/80,0) | W35: =SUM(T35:V35)
A36: B. Aki | B36: {=_xlfn.XLOOKUP(A36,'Player List'!$A$2:$A$177,'Player List'!$B$2:$C$177)} | C36: Centre | D36: 20 | F36: 4 | G36: 0 | H36: 7 | I36: 22.4 | J36: 0 | K36: 0 | L36: 7 | M36: 15 | N36: 0 | O36: 0 | P36: 0 | Q36: 0 | R36: 0 | S36: 0 | T36: 55.4 | U36: 0 | V36: 0 | W36: 55.4
A37: S. McCloskey | B37: {=_xlfn.XLOOKUP(A37,'Player List'!$A$2:$A$177,'Player List'!$B$2:$C$177)} | C37: Centre | D37: 60 | F37: 2 | G37: 0 | H37: 0 | I37: 2.6 | J37: 0 | K37: 0 | L37: 7 | M37: 0 | N37: 0 | O37: 0 | P37: 0 | Q37: 0 | R37: 0 | S37: 0 | T37: 11.6 | U37: 0 | V37: 0 | W37: 11.6
A38: G. Ringrose | B38: {=_xlfn.XLOOKUP(A38,'Player List'!$A$2:$A$177,'Player List'!$B$2:$C$177)} | C38: Centre | D38: 80 | F38: 7 | G38: 0 | H38: 0 | I38: 13.2 | J38: 0 | K38: 0 | L38: 0 | M38: 0 | N38: 0 | O38: 0 | P38: 0 | Q38: 0 | R38: 0 | S38: 0 | T38: 20.2 | U38: 0 | V38: 0 | W38: 20.2
A39: R. Byrne | B39: {=_xlfn.XLOOKUP(A39,'Player List'!$A$2:$A$177,'Player List'!$B$2:$C$177)} | C39: Fly Half | D39: 12 | F39: 10 | G39: 0 | H39: 0 | I39: 9.8 | J39: 0 | K39: 0 | L39: 0 | M39: 0 | N39: 0 | O39: 0 | P39: 0 | Q39: 0 | R39: 0 | S39: 0 | T39: 19.8 | U39: 0 | V39: 0 | W39: 19.8
A40: J. Sexton | B40: {=_xlfn.XLOOKUP(A40,'Player List'!$A$2:$A$177,'Player List'!$B$2:$C$177)} | C40: Fly Half | D40: 68 | F40: 0 | G40: 0 | H40: 0 | I40: 2.2 | J40: 0 | K40: 0 | L40: 0 | M40: 0 | N40: 0 | O40: 2 | P40: 0 | Q40: 0 | R40: 0 | S40: 0 | T40: 4.2 | U40: 0 | V40: 0 | W40: 4.2
A41: C. Casey | B41: {=_xlfn.XLOOKUP(A41,'Player List'!$A$2:$A$177,'Player List'!$B$2:$C$177)} | C41: Scrum Half | D41: 16 | F41: 7 | G41: 0 | H41: 0 | I41: 6 | J41: 0 | K41: 0 | L41: 7 | M41: 0 | N41: 0 | O41: 6 | P41: 10 | Q41: 0 | R41: 0 | S41: 0 | T41: 36 | U41: 0 | V41: 0 | W41: 36
A42: C. Murray | B42: {=_xlfn.XLOOKUP(A42,'Player List'!$A$2:$A$177,'Player List'!$B$2:$C$177)} | C42: Scrum Half | D42: 64 | F42: 1 | G42: 0 | H42: 0 | I42: 0.2 | J42: 0 | K42: 0 | L42: 0 | M42: 0 | N42: 7 | O42: 0 | P42: 0 | Q42: 0 | R42: 0 | S42: 0 | T42: 8.2 | U42: 0 | V42: 0 | W42: 8.2
A43: J. Conan | B43: {=_xlfn.XLOOKUP(A43,'Player List'!$A$2:$A$177,'Player List'!$B$2:$C$177)} | C43: Back Row | D43: 20 | F43: 1 | G43: 7 | H43: 7 | I43: 2.4 | J43: 0 | K43: 0 | L43: 0 | M43: 0 | N43: 7 | O43: 0 | P43: 0 | Q43: 0 | R43: 0 | S43: 0 | T43: 24.4 | U43: 0 | V43: 0 | W43: 24.4
A44: C. Doris | B44: {=_xlfn.XLOOKUP(A44,'Player List'!$A$2:$A$177,'Player List'!$B$2:$C$177)} | C44: Back Row | D44: 80 | F44: 4 | G44: 0 | H44: 0 | I44: 1.4 | J44: 0 | K44: 0 | L44: 7 | M44: 0 | N44: 0 | O44: 0 | P44: 0 | Q44: 0 | R44: 0 | S44: 0 | T44: 12.4 | U44: 0 | V44: 0 | W44: 12.4
A45: P. O'Mahony | B45: {=_xlfn.XLOOKUP(A45,'Player List'!$A$2:$A$177,'Player List'!$B$2:$C$177)} | C45: Back Row | D45: 60 | F45: 17 | G45: 7 | H45: 0 | I45: 9 | J45: 0 | K45: 0 | L45: 7 | M45: 15 | N45: 0 | O45: 0 | P45: 0 | Q45: 0 | R45: 0 | S45: 0 | T45: 55 | U45: 0 | V45: 0 | W45: 55
A46: J. van der Flier | B46: {=_xlfn.XLOOKUP(A46,'Player List'!$A$2:$A$177,'Player List'!$B$2:$C$177)} | C46: Back Row | D46: 80 | F46: 4 | G46: 7 | H46: 0 | I46: 5 | J46: 0 | K46: 0 | L46: 0 | M46: 0 | N46: 0 | O46: 0 | P46: 0 | Q46: 0 | R46: 0 | S46: 0 | T46: 16 | U46: 0 | V46: 0 | W46: 16
A47: T. Beirne | B47: {=_xlfn.XLOOKUP(A47,'Player List'!$A$2:$A$177,'Player List'!$B$2:$C$177)} | C47: Second Row | D47: 54 | F47: 12 | G47: 7 | H47: 7 | I47: 6.2 | J47: 0 | K47: 0 | L47: 0 | M47: 15 | N47: 0 | O47: 0 | P47: 0 | Q47: 0 | R47: 0 | S47: 0 | T47: 47.2 | U47: 0 | V47: 0 | W47: 47.2
... A144: J. Marchand | B144: {=_xlfn.XLOOKUP(A144,'Player List'!$A$2:$A$177,'Player List'!$B$2:$C$177)} | C144: Hooker | D144: 61 | F144: 4 | G144: 7 | H144: 0 | I144: 0 | J144: 0 | K144: 0 | L144: 0 | M144: 0 | N144: 0 | O144: 0 | P144: 0 | Q144: 0 | R144: 0 | S144: 0 | T144: 11 | U144: 0 | V144: 0 | W144: 11

Sheet Round 2 Points
K1: Win | L1: Tackles | M1: Dominant Tackles | N1: Line Breaks | O1: Metres Carried | P1: 50-22 | Q1: Lineout Steal | R1: Breakdown Steal | S1: Try | T1: Assists | U1: Conversion | V1: Penalty | W1: Drop Goal | X1: Yellow Card | Y1: Red Card | Z1: MOM
B2: Scotland | C2: Win | E2: Ireland | F2: 32 | G2: 19 | H2: France | J2: Points | K2: 8 | L2: 1 | M2: 7 | N2: 7 | O2: 0.2 | P2: 10 | Q2: 7 | R2: 7 | S2: 15 | T2: 7 | U2: 2 | V2: 5 | W2: 7 | X2: -5 | Y2: -10 | Z2: 15
B3: Wales | C3: Loss | E3: Scotland | F3: 35 | G3: 7 | H3: Wales
B4: Ireland | C4: Win | E4: England | F4: 31 | G4: 14 | H4: Italy
B5: England | C5: Win
B6: France | C6: Loss
B7: Italy | C7: Loss
A9: Name | B9: Nation | C9: Position | D9: Time Played | F9: Tackles | G9: Dominant Tackles | H9: Line Breaks | I9: Metres Carried | J9: 50-22 | K9: Lineout Steal | L9: Breakdown Steal | M9: Try | N9: Assists | O9: Conversion | P9: Penalty | Q9: Drop Goal | R9: Yellow Card | S9: Red Card | T9: Game Total | U9: MoM | V9: Win Points | W9: Total Points
A10: M. Hansen | B10: {=_xlfn.XLOOKUP(A10,'Player List'!$A$2:$A$177,'Player List'!$B$2:$C$177)} | C10: Back Three | D10: 80 | F10: 5 | G10: 0 | H10: 0 | I10: 12.6 | J10: 0 | K10: 0 | L10: 0 | M10: 0 | N10: 0 | O10: 0 | P10: 0 | Q10: 0 | R10: 0 | S10: 0 | T10: 17.6 | U10: 0 | V10: 0 | W10: 17.6
A11: H. Keenan | B11: {=_xlfn.XLOOKUP(A11,'Player List'!$A$2:$A$177,'Player List'!$B$2:$C$177)} | C11: Back Three | D11: 80 | F11: 3 | G11: 7 | H11: 14 | I11: 41 | J11: 10 | K11: 0 | L11: 0 | M11: 15 | N11: 0 | O11: 0 | P11: 0 | Q11: 0 | R11: 0 | S11: 0 | T11: 90 | U11: 0 | V11: 0 | W11: 90
A12: J. Lowe | B12: {=_xlfn.XLOOKUP(A12,'Player List'!$A$2:$A$177,'Player List'!$B$2:$C$177)} | C12: Back Three | D12: 80 | F12: 4 | G12: 0 | H12: 7 | I12: 18.8 | J12: 0 | K12: 0 | L12: 0 | M12: 15 | N12: 0 | O12: 0 | P12: 0 | Q12: 0 | R12: 0 | S12: 0 | T12: 44.8 | U12: 0 | V12: 0 | W12: 44.8
A13: B. Aki | B13: {=_xlfn.XLOOKUP(A13,'Player List'!$A$2:$A$177,'Player List'!$B$2:$C$177)} | C13: Centre | D13: 14 | F13: 3 | G13: 0 | H13: 0 | I13: 5 | J13: 0 | K13: 0 | L13: 0 | M13: 0 | N13: 0 | O13: 0 | P13: 0 | Q13: 0 | R13: 0 | S13: 0 | T13: 8 | U13: 0 | V13: 0 | W13: 8
A14: S. McCloskey | B14: {=_xlfn.XLOOKUP(A14,'Player List'!$A$2:$A$177,'Player List'!$B$2:$C$177)} | C14: Centre | D14: 66 | F14: 3 | G14: 0 | H14: 0 | I14: 13.8 | J14: 0 | K14: 0 | L14: 7 | M14: 0 | N14: 0 | O14: 0 | P14: 0 | Q14: 0 | R14: 0 | S14: 0 | T14: 23.8 | U14: 0 | V14: 0 | W14: 23.8
A15: G. Ringrose | B15: {=_xlfn.XLOOKUP(A15,'Player List'!$A$2:$A$177,'Player List'!$B$2:$C$177)} | C15: Centre | D15: 80 | F15: 9 | G15: 7 | H15: 7 | I15: 12.8 | J15: 0 | K15: 0 | L15: 0 | M15: 15 | N15: 7 | O15: 0 | P15: 0 | Q15: 0 | R15: 0 | S15: 0 | T15: 57.8 | U15: 0 | V15: 0 | W15: 57.8
A16: R. Byrne | B16: {=_xlfn.XLOOKUP(A16,'Player List'!$A$2:$A$177,'Player List'!$B$2:$C$177)} | C16: Fly Half | D16: 32 | F16: 3 | G16: 0 | H16: 0 | I16: 2 | J16: 0 | K16: 0 | L16: 0 | M16: 0 | N16: 0 | O16: 2 | P16: 5 | Q16: 0 | R16: 0 | S16: 0 | T16: 12 | U16: 0 | V16: 0 | W16: 12
A17: J. Sexton | B17: {=_xlfn.XLOOKUP(A17,'Player List'!$A$2:$A$177,'Player List'!$B$2:$C$177)} | C17: Fly Half | D17: 48 | F17: 3 | G17: 0 | H17: 14 | I17: 16 | J17: 0 | K17: 0 | L17: 0 | M17: 0 | N17: 0 | O17: 4 | P17: 5 | Q17: 0 | R17: 0 | S17: 0 | T17: 42 | U17: 0 | V17: 0 | W17: 42
A18: C. Casey | B18: {=_xlfn.XLOOKUP(A18,'Player List'!$A$2:$A$177,'Player List'!$B$2:$C$177)} | C18: Scrum Half | D18: 24 | F18: 1 | G18: 0 | H18: 0 | I18: 2.8 | J18: 0 | K18: 0 | L18: 0 | M18: 0 | N18: 0 | O18: 0 | P18: 0 | Q18: 0 | R18: 0 | S18: 0 | T18: 3.8 | U18: 0 | V18: 0 | W18: 3.8
A19: C. Murray | B19: {=_xlfn.XLOOKUP(A19,'Player List'!$A$2:$A$177,'Player List'!$B$2:$C$177)} | C19: Scrum Half | D19: 56 | F19: 3 | G19: 0 | H19: 0 | I19: 2.2 | J19: 0 | K19: 0 | L19: 0 | M19: 0 | N19: 0 | O19: 0 | P19: 0 | Q19: 0 | R19: 0 | S19: 0 | T19: 5.2 | U19: 0 | V19: 0 | W19: 5.2
A20: J. Conan | B20: {=_xlfn.XLOOKUP(A20,'Player List'!$A$2:$A$177,'Player List'!$B$2:$C$177)} | C20: Back Row | D20: 24 | F20: 2 | G20: 0 | H20: 0 | I20: 4.4 | J20: 0 | K20: 0 | L20: 0 | M20: 0 | N20: 0 | O20: 0 | P20: 0 | Q20: 0 | R20: 0 | S20: 0 | T20: 6.4 | U20: 0 | V20: 0 | W20: 6.4
A21: C. Doris | B21: {=_xlfn.XLOOKUP(A21,'Player List'!$A$2:$A$177,'Player List'!$B$2:$C$177)} | C21: Back Row | D21: 80 | F21: 6 | G21: 0 | H21: 0 | I21: 23.4 | J21: 0 | K21: 0 | L21: 7 | M21: 0 | N21: 7 | O21: 0 | P21: 0 | Q21: 0 | R21: 0 | S21: 0 | T21: 43.4 | U21: 15 | V21: 0 | W21: 58.4
... A146: G. Nicotera | B146: {=_xlfn.XLOOKUP(A146,'Player List'!$A$2:$A$177,'Player List'!$B$2:$C$177)} | C146: Hooker | D146: 61 | F146: 13 | G146: 0 | H146: 0 | I146: 8.6 | J146: 0 | K146: 0 | L146: 0 | M146: 0 | N146: 0 | O146: 0 | P146: 0 | Q146: 0 | R146: 0 | S146: 0 | T146: 21.6 | U146: 0 | V146: 0 | W146: 21.6

Sheet Round 3 Points
K1: Win | L1: Tackles | M1: Dominant Tackles | N1: Line Breaks | O1: Metres Carried | P1: 50-22 | Q1: Lineout Steal | R1: Breakdown Steal | S1: Try | T1: Assists | U1: Conversion | V1: Penalty | W1: Drop Goal | X1: Yellow Card | Y1: Red Card | Z1: MOM
B2: Scotland | C2: Loss | E2: Italy | F2: 20 | G2: 34 | H2: Ireland | J2: Points | K2: 8 | L2: 1 | M2: 7 | N2: 7 | O2: 0.2 | P2: 10 | Q2: 7 | R2: 7 | S2: 15 | T2: 7 | U2: 2 | V2: 5 | W2: 7 | X2: -5 | Y2: -10 | Z2: 15
B3: Wales | C3: Loss | E3: Wales | F3: 10 | G3: 20 | H3: England
B4: Ireland | C4: Win | E4: France | F4: 32 | G4: 21 | H4: Scotland
B5: England | C5: Win
B6: France | C6: Win
B7: Italy | C7: Loss
A9: Name | B9: Nation | C9: Position | D9: Time Played | F9: Tackles | G9: Dominant Tackles | H9: Line Breaks | I9: Metres Carried | J9: 50-22 | K9: Lineout Steal | L9: Breakdown Steal | M9: Try | N9: Assists | O9: Conversion | P9: Penalty | Q9: Drop Goal | R9: Yellow Card | S9: Red Card | T9: Game Total | U9: MoM | V9: Win Points | W9: Total Points
A10: M. Hansen | B10: {=_xlfn.XLOOKUP(A10,'Player List'!$A$2:$A$177,'Player List'!$B$2:$C$177)} | C10: Back Three | D10: 80 | F10: 2 | G10: 0 | H10: 21 | I10: 15 | J10: 0 | K10: 0 | L10: 7 | M10: 30 | N10: 0 | O10: 0 | P10: 0 | Q10: 0 | R10: 0 | S10: 0 | T10: 75 | U10: 15 | V10: 0 | W10: 90
A11: H. Keenan | B11: {=_xlfn.XLOOKUP(A11,'Player List'!$A$2:$A$177,'Player List'!$B$2:$C$177)} | C11: Back Three | D11: 80 | F11: 3 | G11: 7 | H11: 0 | I11: 24.8 | J11: 0 | K11: 0 | L11: 0 | M11: 15 | N11: 0 | O11: 0 | P11: 0 | Q11: 0 | R11: 0 | S11: 0 | T11: 49.8 | U11: 0 | V11: 0 | W11: 49.8
A12: J. Lowe | B12: {=_xlfn.XLOOKUP(A12,'Player List'!$A$2:$A$177,'Player List'!$B$2:$C$177)} | C12: Back Three | D12: 80 | F12: 1 | G12: 14 | H12: 28 | I12: 26.2 | J12: 0 | K12: 0 | L12: 0 | M12: 0 | N12: 14 | O12: 0 | P12: 0 | Q12: 0 | R12: 0 | S12: 0 | T12: 83.2 | U12: 0 | V12: 0 | W12: 83.2
A13: J. O'Brien | B13: {=_xlfn.XLOOKUP(A13,'Player List'!$A$2:$A$177,'Player List'!$B$2:$C$177)} | C13: Back Three | D13: 8 | F13: 0 | G13: 0 | H13: 0 | I13: 0 | J13: 0 | K13: 0 | L13: 0 | M13: 0 | N13: 0 | O13: 0 | P13: 0 | Q13: 0 | R13: 0 | S13: 0 | T13: 0 | U13: 0 | V13: 0 | W13: 0
A14: B. Aki | B14: {=_xlfn.XLOOKUP(A14,'Player List'!$A$2:$A$177,'Player List'!$B$2:$C$177)} | C14: Centre | D14: 80 | F14: 7 | G14: 0 | H14: 7 | I14: 21.4 | J14: 0 | K14: 0 | L14: 7 | M14: 15 | N14: 7 | O14: 0 | P14: 0 | Q14: 0 | R14: 0 | S14: 0 | T14: 64.4 | U14: 0 | V14: 0 | W14: 64.4
A15: S. McCloskey | B15: {=_xlfn.XLOOKUP(A15,'Player List'!$A$2:$A$177,'Player List'!$B$2:$C$177)} | C15: Centre | D15: 72 | F15: 14 | G15: 0 | H15: 0 | I15: 13.8 | J15: 0 | K15: 0 | L15: 0 | M15: 0 | N15: 7 | O15: 0 | P15: 0 | Q15: 0 | R15: 0 | S15: 0 | T15: 34.8 | U15: 0 | V15: 0 | W15: 34.8
A16: R. Byrne | B16: {=_xlfn.XLOOKUP(A16,'Player List'!$A$2:$A$177,'Player List'!$B$2:$C$177)} | C16: Fly Half | D16: 78 | F16: 4 | G16: 0 | H16: 0 | I16: 2.4 | J16: 0 | K16: 0 | L16: 0 | M16: 0 | N16: 0 | O16: 6 | P16: 5 | Q16: 0 | R16: 0 | S16: 0 | T16: 17.4 | U16: 0 | V16: 0 | W16: 17.4
A17: J. Crowley | B17: {=_xlfn.XLOOKUP(A17,'Player List'!$A$2:$A$177,'Player List'!$B$2:$C$177)} | C17: Fly Half | D17: 2 | F17: 2 | G17: 0 | H17: 0 | I17: 0 | J17: 0 | K17: 0 | L17: 0 | M17: 0 | N17: 0 | O17: 0 | P17: 0 | Q17: 0 | R17: 0 | S17: 0 | T17: 2 | U17: 0 | V17: 0 | W17: 2
A18: C. Casey | B18: {=_xlfn.XLOOKUP(A18,'Player List'!$A$2:$A$177,'Player List'!$B$2:$C$177)} | C18: Scrum Half | D18: 65 | F18: 2 | G18: 0 | H18: 0 | I18: 0.8 | J18: 0 | K18: 0 | L18: 0 | M18: 0 | N18: 0 | O18: 0 | P18: 0 | Q18: 0 | R18: 0 | S18: 0 | T18: 2.8 | U18: 0 | V18: 0 | W18: 2.8
A19: C. Murray | B19: {=_xlfn.XLOOKUP(A19,'Player List'!$A$2:$A$177,'Player List'!$B$2:$C$177)} | C19: Scrum Half | D19: 15 | F19: 1 | G19: 0 | H19: 0 | I19: 1.2 | J19: 0 | K19: 0 | L19: 0 | M19: 0 | N19: 7 | O19: 0 | P19: 0 | Q19: 0 | R19: 0 | S19: 0 | T19: 9.2 | U19: 0 | V19: 0 | W19: 9.2
A20: J. Conan | B20: {=_xlfn.XLOOKUP(A20,'Player List'!$A$2:$A$177,'Player List'!$B$2:$C$177)} | C20: Back Row | D20: 56 | F20: 4 | G20: 0 | H20: 0 | I20: 8.4 | J20: 0 | K20: 0 | L20: 0 | M20: 0 | N20: 0 | O20: 0 | P20: 0 | Q20: 0 | R20: 0 | S20: 0 | T20: 12.4 | U20: 0 | V20: 0 | W20: 12.4
A21: C. Doris | B21: {=_xlfn.XLOOKUP(A21,'Player List'!$A$2:$A$177,'Player List'!$B$2:$C$177)} | C21: Back Row | D21: 80 | F21: 10 | G21: 7 | H21: 0 | I21: 8.6 | J21: 0 | K21: 0 | L21: 7 | M21: 0 | N21: 0 | O21: 0 | P21: 0 | Q21: 0 | R21: 0 | S21: 0 | T21: 32.6 | U21: 0 | V21: 0 | W21: 32.6
... A145: G. Turner | B145: {=_xlfn.XLOOKUP(A145,'Player List'!$A$2:$A$177,'Player List'!$B$2:$C$177)} | C145: Hooker | D145: 63 | F145: 5 | G145: 0 | H145: 0 | I145: 9.4 | J145: 0 | K145: 0 | L145: 0 | M145: 0 | N145: 0 | O145: 0 | P145: 0 | Q145: 0 | R145: 0 | S145: 0 | T145: 14.4 | U145: 0 | V145: 0 | W145: 14.4

Sheet Round 4 Points
K1: Win | L1: Tackles | M1: Dominant Tackles | N1: Line Breaks | O1: Metres Carried | P1: 50-22 | Q1: Lineout Steal | R1: Breakdown Steal | S1: Try | T1: Assists | U1: Conversion | V1: Penalty | W1: Drop Goal | X1: Yellow Card | Y1: Red Card | Z1: MOM
B2: Scotland | C2: Loss | E2: Italy | F2: 17 | G2: 29 | H2: Wales | J2: Points | K2: 8 | L2: 1 | M2: 7 | N2: 7 | O2: 0.2 | P2: 10 | Q2: 7 | R2: 7 | S2: 15 | T2: 7 | U2: 2 | V2: 5 | W2: 7 | X2: -5 | Y2: -10 | Z2: 15
B3: Wales | C3: Win | E3: England | F3: 53 | G3: 10 | H3: France
B4: Ireland | C4: Win | E4: Scotland | F4: 7 | G4: 22 | H4: Ireland
B5: England | C5: Loss
B6: France | C6: Win
B7: Italy | C7: Loss
A9: Name | B9: Nation | C9: Position | D9: Time Played | F9: Tackles | G9: Dominant Tackles | H9: Line Breaks | I9: Metres Carried | J9: 50-22 | K9: Lineout Steal | L9: Breakdown Steal | M9: Try | N9: Assists | O9: Conversion | P9: Penalty | Q9: Drop Goal | R9: Yellow Card | S9: Red Card | T9: Game Total | U9: MoM | V9: Win Points | W9: Total Points
A10: P. Bruno | B10: {=_xlfn.XLOOKUP(A10,'Player List'!$A$2:$A$177,'Player List'!$B$2:$C$177)} | C10: Back Three | D10: 69 | F10: 2 | G10: 0 | H10: 0 | I10: 5.8 | J10: 0 | K10: 0 | L10: 0 | M10: 0 | N10: 7 | O10: 0 | P10: 0 | Q10: 0 | R10: -5 | S10: 0 | T10: 9.8 | U10: 0 | V10: 0 | W10: 9.8
A11: A. Fusco | B11: {=_xlfn.XLOOKUP(A11,'Player List'!$A$2:$A$177,'Player List'!$B$2:$C$177)} | C11: Back Three | D11: 24 | F11: 0 | G11: 0 | H11: 7 | I11: 10 | J11: 0 | K11: 0 | L11: 0 | M11: 0 | N11: 0 | O11: 0 | P11: 0 | Q11: 0 | R11: 0 | S11: 0 | T11: 17 | U11: 0 | V11: 0 | W11: 17
A12: T. Menoncello | B12: {=_xlfn.XLOOKUP(A12,'Player List'!$A$2:$A$177,'Player List'!$B$2:$C$177)} | C12: Back Three | D12: 59 | F12: 7 | G12: 7 | H12: 7 | I12: 15.8 | J12: 0 | K12: 0 | L12: 0 | M12: 0 | N12: 0 | O12: 0 | P12: 0 | Q12: 0 | R12: 0 | S12: 0 | T12: 36.8 | U12: 0 | V12: 0 | W12: 36.8
A13: E. Padovani | B13: {=_xlfn.XLOOKUP(A13,'Player List'!$A$2:$A$177,'Player List'!$B$2:$C$177)} | C13: Back Three | D13: 80 | F13: 1 | G13: 7 | H13: 7 | I13: 10.2 | J13: 0 | K13: 0 | L13: 0 | M13: 0 | N13: 0 | O13: 0 | P13: 0 | Q13: 0 | R13: 0 | S13: 0 | T13: 25.2 | U13: 0 | V13: 0 | W13: 25.2
A14: J. Brex | B14: {=_xlfn.XLOOKUP(A14,'Player List'!$A$2:$A$177,'Player List'!$B$2:$C$177)} | C14: Centre | D14: 80 | F14: 2 | G14: 0 | H14: 7 | I14: 18 | J14: 0 | K14: 0 | L14: 0 | M14: 15 | N14: 0 | O14: 0 | P14: 0 | Q14: 0 | R14: 0 | S14: 0 | T14: 42 | U14: 0 | V14: 0 | W14: 42
A15: L. Morisi | B15: {=_xlfn.XLOOKUP(A15,'Player List'!$A$2:$A$177,'Player List'!$B$2:$C$177)} | C15: Centre | D15: 21 | F15: 0 | G15: 0 | H15: 0 | I15: 4.8 | J15: 0 | K15: 0 | L15: 0 | M15: 0 | N15: 0 | O15: 0 | P15: 0 | Q15: 0 | R15: 0 | S15: 0 | T15: 4.8 | U15: 0 | V15: 0 | W15: 4.8
A16: T. Allan | B16: {=_xlfn.XLOOKUP(A16,'Player List'!$A$2:$A$177,'Player List'!$B$2:$C$177)} | C16: Fly Half | D16: 80 | F16: 0 | G16: 0 | H16: 21 | I16: 15.6 | J16: 0 | K16: 0 | L16: 0 | M16: 0 | N16: 7 | O16: 4 | P16: 5 | Q16: 0 | R16: 0 | S16: 0 | T16: 52.6 | U16: 0 | V16: 0 | W16: 52.6
A17: P. Garbisi | B17: {=_xlfn.XLOOKUP(A17,'Player List'!$A$2:$A$177,'Player List'!$B$2:$C$177)} | C17: Fly Half | D17: 80 | F17: 6 | G17: 0 | H17: 7 | I17: 7.4 | J17: 0 | K17: 0 | L17: 0 | M17: 0 | N17: 0 | O17: 0 | P17: 0 | Q17: 0 | R17: 0 | S17: 0 | T17: 20.4 | U17: 0 | V17: 0 | W17: 20.4
A18: S. Varney | B18: {=_xlfn.XLOOKUP(A18,'Player List'!$A$2:$A$177,'Player List'!$B$2:$C$177)} | C18: Scrum Half | D18: 56 | F18: 3 | G18: 0 | H18: 0 | I18: 7.6 | J18: 0 | K18: 0 | L18: 0 | M18: 0 | N18: 0 | O18: 0 | P18: 0 | Q18: 0 | R18: 0 | S18: 0 | T18: 10.6 | U18: 0 | V18: 0 | W18: 10.6
A19: E. Iachizzi | B19: {=_xlfn.XLOOKUP(A19,'Player List'!$A$2:$A$177,'Player List'!$B$2:$C$177)} | C19: Back Row | D19: 20 | F19: 1 | G19: 0 | H19: 7 | I19: 5.6 | J19: 0 | K19: 0 | L19: 7 | M19: 0 | N19: 0 | O19: 0 | P19: 0 | Q19: 0 | R19: 0 | S19: 0 | T19: 20.6 | U19: 0 | V19: 0 | W19: 20.6
A20: M. Lamaro | B20: {=_xlfn.XLOOKUP(A20,'Player List'!$A$2:$A$177,'Player List'!$B$2:$C$177)} | C20: Back Row | D20: 77 | F20: 7 | G20: 0 | H20: 0 | I20: 4.8 | J20: 0 | K20: 0 | L20: 0 | M20: 0 | N20: 0 | O20: 0 | P20: 0 | Q20: 0 | R20: 0 | S20: 0 | T20: 11.8 | U20: 0 | V20: 0 | W20: 11.8
A21: S. Negri | B21: {=_xlfn.XLOOKUP(A21,'Player List'!$A$2:$A$177,'Player List'!$B$2:$C$177)} | C21: Back Row | D21: 52 | F21: 5 | G21: 0 | H21: 7 | I21: 10 | J21: 0 | K21: 0 | L21: 0 | M21: 15 | N21: 0 | O21: 0 | P21: 0 | Q21: 0 | R21: 0 | S21: 0 | T21: 37 | U21: 0 | V21: 0 | W21: 37
... A147: D. Sheehan | B147: {=_xlfn.XLOOKUP(A147,'Player List'!$A$2:$A$177,'Player List'!$B$2:$C$177)} | C147: Hooker | D147: 18 | F147: 4 | G147: 0 | H147: 0 | I147: 0 | J147: 0 | K147: 0 | L147: 0 | M147: 0 | N147: 0 | O147: 0 | P147: 0 | Q147: 0 | R147: 0 | S147: 0 | T147: 4 | U147: 0 | V147: 0 | W147: 4

Sheet Summary Points
B2: Win | C2: Tackles | D2: Dominant Tackles | E2: Line Breaks | F2: Metres Carried | G2: 50-22 | H2: Lineout Steal | I2: Breakdown Steal | J2: Try | K2: Assists | L2: Conversion | M2: Penalty | N2: Drop Goal | O2: Yellow Card | P2: Red Card | Q2: MOM
A3: Points | B3: 8 | C3: 1 | D3: 7 | E3: 7 | F3: 0.2 | G3: 10 | H3: 7 | I3: 7 | J3: 15 | K3: 7 | L3: 2 | M3: 5 | N3: 7 | O3: -5 | P3: -10 | Q3: 15
E5: Average
A6: Name | B6: Nation | C6: Position | D6: Games Played | E6: Time Played | F6: Tackles | G6: Dominant Tackles | H6: Line Breaks | I6: Metres Carried | J6: 50-22 | K6: Lineout Steal | L6: Breakdown Steal | M6: Try | N6: Assists | O6: Conversion | P6: Penalty | Q6: Drop Goal | R6: Yellow Card | S6: Red Card | T6: Game Total | U6: MOM | V6: Win Points | W6: Total Average Points
A7: J. Adams | B7: Wales | C7: Back Three | D7: 4 | E7: 61 | F7: 3.75 | G7: 8.75 | H7: 1.75 | I7: 5.25 | J7: 0 | K7: 0 | L7: 1.75 | M7: 0 | N7: 0 | O7: 0 | P7: 0 | Q7: 0 | R7: 0 | S7: 0 | T7: 21.25 | U7: 0 | V7: 0 | W7: 21.25
A8: A. Cuthbert | B8: Wales | C8: Back Three | D8: 2 | E8: 20 | F8: 1 | G8: 0 | H8: 0 | I8: 7.5 | J8: 0 | K8: 0 | L8: 0 | M8: 0 | N8: 0 | O8: 0 | P8: 0 | Q8: 0 | R8: 0 | S8: 0 | T8: 8.5 | U8: 0 | V8: 0 | W8: 8.5
A9: R. Dyer | B9: Wales | C9: Back Three | D9: 3 | E9: 76 | F9: 4.3333 | G9: 2.3331 | H9: 9.3331 | I9: 14.4 | J9: 0 | K9: 0 | L9: 0 | M9: 4.9995 | N9: 0 | O9: 0 | P9: 0 | Q9: 0 | R9: 0 | S9: 0 | T9: 35.4 | U9: 0 | V9: 0 | W9: 35.4
A10: L. Williams | B10: Wales | C10: Back Three | D10: 3 | E10: 67 | F10: 4 | G10: 0 | H10: 7 | I10: 15.9333 | J10: 0 | K10: 0 | L10: 4.6669 | M10: 10.0005 | N10: 0 | O10: 0 | P10: 0 | Q10: 0 | R10: -3.3335 | S10: 0 | T10: 38.2667 | U10: 0 | V10: 0 | W10: 38.2667
A11: J. Hawkins | B11: Wales | C11: Centre | D11: 4 | E11: 80 | F11: 5.5 | G11: 3.5 | H11: 1.75 | I11: 13.85 | J11: 0 | K11: 0 | L11: 0 | M11: 0 | N11: 0 | O11: 0 | P11: 0 | Q11: 0 | R11: 0 | S11: 0 | T11: 24.6 | U11: 0 | V11: 0 | W11: 24.6
A12: G. North | B12: Wales | C12: Centre | D12: 3 | E12: 57 | F12: 2.3333 | G12: 2.3331 | H12: 0 | I12: 7.2667 | J12: 0 | K12: 0 | L12: 0 | M12: 0 | N12: 0 | O12: 0 | P12: 0 | Q12: 0 | R12: 0 | S12: 0 | T12: 11.9333 | U12: 0 | V12: 0 | W12: 11.9333
A13: D. Biggar | B13: Wales | C13: Fly Half | D13: 3 | E13: 50 | F13: 6.3333 | G13: 0 | H13: 2.3331 | I13: 3.4 | J13: 0 | K13: 0 | L13: 2.3331 | M13: 0 | N13: 2.3331 | O13: 1.3334 | P13: 1.6665 | Q13: 0 | R13: 0 | S13: 0 | T13: 19.7333 | U13: 0 | V13: 0 | W13: 19.7333
A14: O. Williams | B14: Wales | C14: Fly Half | D14: 3 | E14: 49 | F14: 5 | G14: 0 | H14: 0 | I14: 3.1333 | J14: 0 | K14: 0 | L14: 0 | M14: 0 | N14: 0 | O14: 1.3334 | P14: 1.6665 | Q14: 0 | R14: 0 | S14: 0 | T14: 11.1333 | U14: 0 | V14: 0 | W14: 11.1333
A15: R. Webb | B15: Wales | C15: Scrum Half | D15: 3 | E15: 31.3333 | F15: 3 | G15: 4.6669 | H15: 2.3331 | I15: 1.9333 | J15: 3.333 | K15: 0 | L15: 0 | M15: 0 | N15: 4.6669 | O15: 0 | P15: 0 | Q15: 0 | R15: -1.6665 | S15: 0 | T15: 18.2667 | U15: 15 | V15: 0 | W15: 23.2667
A16: T. Williams | B16: Wales | C16: Scrum Half | D16: 4 | E16: 53.75 | F16: 3.5 | G16: 1.75 | H16: 0 | I16: 2.9 | J16: 0 | K16: 0 | L16: 0 | M16: 0 | N16: 0 | O16: 0 | P16: 0 | Q16: 0 | R16: 0 | S16: 0 | T16: 8.15 | U16: 0 | V16: 0 | W16: 8.15
A17: T. Faletau | B17: Wales | C17: Back Row | D17: 4 | E17: 67 | F17: 12.75 | G17: 1.75 | H17: 0 | I17: 9.15 | J17: 0 | K17: 0 | L17: 3.5 | M17: 3.75 | N17: 0 | O17: 0 | P17: 0 | Q17: 0 | R17: 0 | S17: 0 | T17: 30.9 | U17: 0 | V17: 0 | W17: 30.9
A18: J. Morgan | B18: Wales | C18: Back Row | D18: 3 | E18: 64 | F18: 13 | G18: 7 | H18: 0 | I18: 6.2667 | J18: 0 | K18: 0 | L18: 7 | M18: 0 | N18: 0 | O18: 0 | P18: 0 | Q18: 0 | R18: 0 | S18: 0 | T18: 33.2667 | U18: 0 | V18: 0 | W18: 33.2667
... A182: C. Healy | B182: Ireland | C182: Prop | D182: 1 | E182: 32 | F182: 1 | G182: 0 | H182: 0 | I182: 3 | J182: 0 | K182: 0 | L182: 0 | M182: 0 | N182: 0 | O182: 0 | P182: 0 | Q182: 0 | R182: 0 | S182: 0 | T182: 4 | U182: 0 | V182: 0 | W182: 4

Sheet Supersub Workings
A3: Subs | H3: Name | I3: Round 1 | J3: Round 2 | K3: Round 3 | L3: Round 4 | N3: Name | O3: Round 1 | P3: Round 2 | Q3: Round 3 | R3: Round 4 | S3: No. of Games | T3: Average
A4: Name | B4: Nation | C4: Position | D4: Time Played | H4: A. Cuthbert | I4: =_xlfn.XLOOKUP(H4,$A$5:$A$96,$E$5:$E$96,0) | J4: =_xlfn.XLOOKUP(H4,$A$100:$A$197,$E$100:$E$197,0) | K4: =_xlfn.XLOOKUP(H4,$A$202:$A$292,$E$202:$E$292,0) | L4: =_xlfn.XLOOKUP(H4,$A$296:$A$392,$E$296:$E$392,0) | N4: A. Cuthbert | O4: 6.6 | P4: 10.4 | S4: =COUNT(O4:R4) | T4: =IF(S4=0,"",SUM(O4:R4)/S4)
A5: A. Cuthbert | B5: Wales | C5: Back Three | D5: 12 | E5: y | F5: Round 1 | H5: R. Dyer | I5: =_xlfn.XLOOKUP(H5,$A$5:$A$96,$E$5:$E$96,0) | J5: =_xlfn.XLOOKUP(H5,$A$100:$A$197,$E$100:$E$197,0) | K5: =_xlfn.XLOOKUP(H5,$A$202:$A$292,$E$202:$E$292,0) | L5: =_xlfn.XLOOKUP(H5,$A$296:$A$392,$E$296:$E$392,0) | N5: R. Dyer | S5: =COUNT(O5:R5) | T5: =IF(S5=0,"",SUM(O5:R5)/S5)
A6: R. Dyer | B6: Wales | C6: Back Three | D6: 68 | F6: Round 1 | H6: L. Williams | I6: =_xlfn.XLOOKUP(H6,$A$5:$A$96,$E$5:$E$96,0) | J6: =_xlfn.XLOOKUP(H6,$A$100:$A$197,$E$100:$E$197,0) | K6: =_xlfn.XLOOKUP(H6,$A$202:$A$292,$E$202:$E$292,0) | L6: =_xlfn.XLOOKUP(H6,$A$296:$A$392,$E$296:$E$392,0) | N6: L. Williams | S6: =COUNT(O6:R6) | T6: =IF(S6=0,"",SUM(O6:R6)/S6)
A7: L. Williams | B7: Wales | C7: Back Three | D7: 70 | F7: Round 1 | H7: D. Biggar | I7: =_xlfn.XLOOKUP(H7,$A$5:$A$96,$E$5:$E$96,0) | J7: =_xlfn.XLOOKUP(H7,$A$100:$A$197,$E$100:$E$197,0) | K7: =_xlfn.XLOOKUP(H7,$A$202:$A$292,$E$202:$E$292,0) | L7: =_xlfn.XLOOKUP(H7,$A$296:$A$392,$E$296:$E$392,0) | N7: D. Biggar | Q7: 4 | S7: =COUNT(O7:R7) | T7: =IF(S7=0,"",SUM(O7:R7)/S7)
A8: D. Biggar | B8: Wales | C8: Fly Half | D8: 67 | F8: Round 1 | H8: O. Williams | I8: =_xlfn.XLOOKUP(H8,$A$5:$A$96,$E$5:$E$96,0) | J8: =_xlfn.XLOOKUP(H8,$A$100:$A$197,$E$100:$E$197,0) | K8: =_xlfn.XLOOKUP(H8,$A$202:$A$292,$E$202:$E$292,0) | L8: =_xlfn.XLOOKUP(H8,$A$296:$A$392,$E$296:$E$392,0) | N8: O. Williams | O8: 1.8 | S8: =COUNT(O8:R8) | T8: =IF(S8=0,"",SUM(O8:R8)/S8)
A9: O. Williams | B9: Wales | C9: Fly Half | D9: 13 | E9: y | F9: Round 1 | H9: R. Webb | I9: =_xlfn.XLOOKUP(H9,$A$5:$A$96,$E$5:$E$96,0) | J9: =_xlfn.XLOOKUP(H9,$A$100:$A$197,$E$100:$E$197,0) | K9: =_xlfn.XLOOKUP(H9,$A$202:$A$292,$E$202:$E$292,0) | L9: =_xlfn.XLOOKUP(H9,$A$296:$A$392,$E$296:$E$392,0) | N9: R. Webb | O9: 9.2 | P9: -3 | S9: =COUNT(O9:R9) | T9: =IF(S9=0,"",SUM(O9:R9)/S9)
A10: R. Webb | B10: Wales | C10: Scrum Half | D10: 17 | E10: y | F10: Round 1 | H10: T. Williams | I10: =_xlfn.XLOOKUP(H10,$A$5:$A$96,$E$5:$E$96,0) | J10: =_xlfn.XLOOKUP(H10,$A$100:$A$197,$E$100:$E$197,0) | K10: =_xlfn.XLOOKUP(H10,$A$202:$A$292,$E$202:$E$292,0) | L10: =_xlfn.XLOOKUP(H10,$A$296:$A$392,$E$296:$E$392,0) | N10: T. Williams | R10: 2 | S10: =COUNT(O10:R10) | T10: =IF(S10=0,"",SUM(O10:R10)/S10)
A11: T. Williams | B11: Wales | C11: Scrum Half | D11: 63 | F11: Round 1 | H11: T. Reffell | I11: =_xlfn.XLOOKUP(H11,$A$5:$A$96,$E$5:$E$96,0) | J11: =_xlfn.XLOOKUP(H11,$A$100:$A$197,$E$100:$E$197,0) | K11: =_xlfn.XLOOKUP(H11,$A$202:$A$292,$E$202:$E$292,0) | L11: =_xlfn.XLOOKUP(H11,$A$296:$A$392,$E$296:$E$392,0) | N11: T. Reffell | O11: 8 | Q11: 8 | R11: 1 | S11: =COUNT(O11:R11) | T11: =IF(S11=0,"",SUM(O11:R11)/S11)
A12: T. Reffell | B12: Wales | C12: Back Row | D12: 26 | E12: y | F12: Round 1 | H12: J. Tipuric | I12: =_xlfn.XLOOKUP(H12,$A$5:$A$96,$E$5:$E$96,0) | J12: =_xlfn.XLOOKUP(H12,$A$100:$A$197,$E$100:$E$197,0) | K12: =_xlfn.XLOOKUP(H12,$A$202:$A$292,$E$202:$E$292,0) | L12: =_xlfn.XLOOKUP(H12,$A$296:$A$392,$E$296:$E$392,0) | N12: J. Tipuric | S12: =COUNT(O12:R12) | T12: =IF(S12=0,"",SUM(O12:R12)/S12)
A13: J. Tipuric | B13: Wales | C13: Back Row | D13: 54 | F13: Round 1 | H13: D. Jenkins | I13: =_xlfn.XLOOKUP(H13,$A$5:$A$96,$E$5:$E$96,0) | J13: =_xlfn.XLOOKUP(H13,$A$100:$A$197,$E$100:$E$197,0) | K13: =_xlfn.XLOOKUP(H13,$A$202:$A$292,$E$202:$E$292,0) | L13: =_xlfn.XLOOKUP(H13,$A$296:$A$392,$E$296:$E$392,0) | N13: D. Jenkins | O13: 10 | Q13: 5.6 | S13: =COUNT(O13:R13) | T13: =IF(S13=0,"",SUM(O13:R13)/S13)
A14: D. Jenkins | B14: Wales | C14: Second Row | D14: 19 | E14: y | F14: Round 1 | H14: A. Jones | I14: =_xlfn.XLOOKUP(H14,$A$5:$A$96,$E$5:$E$96,0) | J14: =_xlfn.XLOOKUP(H14,$A$100:$A$197,$E$100:$E$197,0) | K14: =_xlfn.XLOOKUP(H14,$A$202:$A$292,$E$202:$E$292,0) | L14: =_xlfn.XLOOKUP(H14,$A$296:$A$392,$E$296:$E$392,0) | N14: A. Jones | S14: =COUNT(O14:R14) | T14: =IF(S14=0,"",SUM(O14:R14)/S14)
A15: A. Jones | B15: Wales | C15: Second Row | D15: 61 | F15: Round 1 | H15: R. Carre | I15: =_xlfn.XLOOKUP(H15,$A$5:$A$96,$E$5:$E$96,0) | J15: =_xlfn.XLOOKUP(H15,$A$100:$A$197,$E$100:$E$197,0) | K15: =_xlfn.XLOOKUP(H15,$A$202:$A$292,$E$202:$E$292,0) | L15: =_xlfn.XLOOKUP(H15,$A$296:$A$392,$E$296:$E$392,0) | N15: R. Carre | O15: 10 | P15: 6.6 | Q15: 7.8 | S15: =COUNT(O15:R15) | T15: =IF(S15=0,"",SUM(O15:R15)/S15)
A16: R. Carre | B16: Wales | C16: Prop | D16: 26 | E16: y | F16: Round 1 | H16: T. Francis | I16: =_xlfn.XLOOKUP(H16,$A$5:$A$96,$E$5:$E$96,0) | J16: =_xlfn.XLOOKUP(H16,$A$100:$A$197,$E$100:$E$197,0) | K16: =_xlfn.XLOOKUP(H16,$A$202:$A$292,$E$202:$E$292,0) | L16: =_xlfn.XLOOKUP(H16,$A$296:$A$392,$E$296:$E$392,0) | N16: T. Francis | S16: =COUNT(O16:R16) | T16: =IF(S16=0,"",SUM(O16:R16)/S16)
A17: T. Francis | B17: Wales | C17: Prop | D17: 40 | F17: Round 1 | H17: D. Lewis | I17: =_xlfn.XLOOKUP(H17,$A$5:$A$96,$E$5:$E$96,0) | J17: =_xlfn.XLOOKUP(H17,$A$100:$A$197,$E$100:$E$197,0) | K17: =_xlfn.XLOOKUP(H17,$A$202:$A$292,$E$202:$E$292,0) | L17: =_xlfn.XLOOKUP(H17,$A$296:$A$392,$E$296:$E$392,0) | N17: D. Lewis | O17: 6.4 | Q17: 2.6 | R17: 4 | S17: =COUNT(O17:R17) | T17: =IF(S17=0,"",SUM(O17:R17)/S17)
A18: D. Lewis | B18: Wales | C18: Prop | D18: 40 | E18: y | F18: Round 1 | H18: G. Thomas | I18: =_xlfn.XLOOKUP(H18,$A$5:$A$96,$E$5:$E$96,0) | J18: =_xlfn.XLOOKUP(H18,$A$100:$A$197,$E$100:$E$197,0) | K18: =_xlfn.XLOOKUP(H18,$A$202:$A$292,$E$202:$E$292,0) | L18: =_xlfn.XLOOKUP(H18,$A$296:$A$392,$E$296:$E$392,0) | N18: G. Thomas | R18: 4 | S18: =COUNT(O18:R18) | T18: =IF(S18=0,"",SUM(O18:R18)/S18)
A19: G. Thomas | B19: Wales | C19: Prop | D19: 54 | F19: Round 1 | H19: S. Baldwin | I19: =_xlfn.XLOOKUP(H19,$A$5:$A$96,$E$5:$E$96,0) | J19: =_xlfn.XLOOKUP(H19,$A$100:$A$197,$E$100:$E$197,0) | K19: =_xlfn.XLOOKUP(H19,$A$202:$A$292,$E$202:$E$292,0) | L19: =_xlfn.XLOOKUP(H19,$A$296:$A$392,$E$296:$E$392,0) | N19: S. Baldwin | O19: 5.8 | P19: 5.6 | R19: 2 | S19: =COUNT(O19:R19) | T19: =IF(S19=0,"",SUM(O19:R19)/S19)
A20: S. Baldwin | B20: Wales | C20: Hooker | D20: 19 | E20: y | F20: Round 1 | H20: K. Owens | I20: =_xlfn.XLOOKUP(H20,$A$5:$A$96,$E$5:$E$96,0) | J20: =_xlfn.XLOOKUP(H20,$A$100:$A$197,$E$100:$E$197,0) | K20: =_xlfn.XLOOKUP(H20,$A$202:$A$292,$E$202:$E$292,0) | L20: =_xlfn.XLOOKUP(H20,$A$296:$A$392,$E$296:$E$392,0) | N20: K. Owens | S20: =COUNT(O20:R20) | T20: =IF(S20=0,"",SUM(O20:R20)/S20)
A21: K. Owens | B21: Wales | C21: Hooker | D21: 61 | F21: Round 1 | H21: B. Aki | I21: =_xlfn.XLOOKUP(H21,$A$5:$A$96,$E$5:$E$96,0) | J21: =_xlfn.XLOOKUP(H21,$A$100:$A$197,$E$100:$E$197,0) | K21: =_xlfn.XLOOKUP(H21,$A$202:$A$292,$E$202:$E$292,0) | L21: =_xlfn.XLOOKUP(H21,$A$296:$A$392,$E$296:$E$392,0) | N21: B. Aki | O21: 11.6 | P21: 8 | S21: =COUNT(O21:R21) | T21: =IF(S21=0,"",SUM(O21:R21)/S21)
A22: B. Aki | B22: Ireland | C22: Centre | D22: 20 | E22: y | F22: Round 1 | H22: S. McCloskey | I22: =_xlfn.XLOOKUP(H22,$A$5:$A$96,$E$5:$E$96,0) | J22: =_xlfn.XLOOKUP(H22,$A$100:$A$197,$E$100:$E$197,0) | K22: =_xlfn.XLOOKUP(H22,$A$202:$A$292,$E$202:$E$292,0) | L22: =_xlfn.XLOOKUP(H22,$A$296:$A$392,$E$296:$E$392,0) | N22: S. McCloskey | S22: =COUNT(O22:R22) | T22: =IF(S22=0,"",SUM(O22:R22)/S22)
A23: S. McCloskey | B23: Ireland | C23: Centre | D23: 60 | F23: Round 1 | H23: R. Byrne | I23: =_xlfn.XLOOKUP(H23,$A$5:$A$96,$E$5:$E$96,0) | J23: =_xlfn.XLOOKUP(H23,$A$100:$A$197,$E$100:$E$197,0) | K23: =_xlfn.XLOOKUP(H23,$A$202:$A$292,$E$202:$E$292,0) | L23: =_xlfn.XLOOKUP(H23,$A$296:$A$392,$E$296:$E$392,0) | N23: R. Byrne | O23: 4.2 | P23: 12 | R23: 2 | S23: =COUNT(O23:R23) | T23: =IF(S23=0,"",SUM(O23:R23)/S23)
A24: R. Byrne | B24: Ireland | C24: Fly Half | D24: 12 | E24: y | F24: Round 1 | H24: J. Sexton | I24: =_xlfn.XLOOKUP(H24,$A$5:$A$96,$E$5:$E$96,0) | J24: =_xlfn.XLOOKUP(H24,$A$100:$A$197,$E$100:$E$197,0) | K24: =_xlfn.XLOOKUP(H24,$A$202:$A$292,$E$202:$E$292,0) | L24: =_xlfn.XLOOKUP(H24,$A$296:$A$392,$E$296:$E$392,0) | N24: J. Sexton | S24: =COUNT(O24:R24) | T24: =IF(S24=0,"",SUM(O24:R24)/S24)
A25: J. Sexton | B25: Ireland | C25: Fly Half | D25: 68 | F25: Round 1 | H25: C. Casey | I25: =_xlfn.XLOOKUP(H25,$A$5:$A$96,$E$5:$E$96,0) | J25: =_xlfn.XLOOKUP(H25,$A$100:$A$197,$E$100:$E$197,0) | K25: =_xlfn.XLOOKUP(H25,$A$202:$A$292,$E$202:$E$292,0) | L25: =_xlfn.XLOOKUP(H25,$A$296:$A$392,$E$296:$E$392,0) | N25: C. Casey | O25: 8.2 | P25: 3.8 | S25: =COUNT(O25:R25) | T25: =IF(S25=0,"",SUM(O25:R25)/S25)
A26: C. Casey | B26: Ireland | C26: Scrum Half | D26: 16 | E26: y | F26: Round 1 | H26: C. Murray | I26: =_xlfn.XLOOKUP(H26,$A$5:$A$96,$E$5:$E$96,0) | J26: =_xlfn.XLOOKUP(H26,$A$100:$A$197,$E$100:$E$197,0) | K26: =_xlfn.XLOOKUP(H26,$A$202:$A$292,$E$202:$E$292,0) | L26: =_xlfn.XLOOKUP(H26,$A$296:$A$392,$E$296:$E$392,0) | N26: C. Murray | Q26: 9.2 | S26: =COUNT(O26:R26) | T26: =IF(S26=0,"",SUM(O26:R26)/S26)
A27: C. Murray | B27: Ireland | C27: Scrum Half | D27: 64 | F27: Round 1 | H27: J. Conan | I27: =_xlfn.XLOOKUP(H27,$A$5:$A$96,$E$5:$E$96,0) | J27: =_xlfn.XLOOKUP(H27,$A$100:$A$197,$E$100:$E$197,0) | K27: =_xlfn.XLOOKUP(H27,$A$202:$A$292,$E$202:$E$292,0) | L27: =_xlfn.XLOOKUP(H27,$A$296:$A$392,$E$296:$E$392,0) | N27: J. Conan | O27: 12.4 | P27: 6.4 | R27: 46.2 | S27: =COUNT(O27:R27) | T27: =IF(S27=0,"",SUM(O27:R27)/S27)
A28: J. Conan | B28: Ireland | C28: Back Row | D28: 20 | E28: y | F28: Round 1 | H28: P. O'Mahony | I28: =_xlfn.XLOOKUP(H28,$A$5:$A$96,$E$5:$E$96,0) | J28: =_xlfn.XLOOKUP(H28,$A$100:$A$197,$E$100:$E$197,0) | K28: =_xlfn.XLOOKUP(H28,$A$202:$A$292,$E$202:$E$292,0) | L28: =_xlfn.XLOOKUP(H28,$A$296:$A$392,$E$296:$E$392,0) | N28: P. O'Mahony | Q28: 11.8 | S28: =COUNT(O28:R28) | T28: =IF(S28=0,"",SUM(O28:R28)/S28)
A29: P. O'Mahony | B29: Ireland | C29: Back Row | D29: 60 | F29: Round 1 | H29: T. Beirne | I29: =_xlfn.XLOOKUP(H29,$A$5:$A$96,$E$5:$E$96,0) | J29: =_xlfn.XLOOKUP(H29,$A$100:$A$197,$E$100:$E$197,0) | K29: =_xlfn.XLOOKUP(H29,$A$202:$A$292,$E$202:$E$292,0) | L29: =_xlfn.XLOOKUP(H29,$A$296:$A$392,$E$296:$E$392,0) | N29: T. Beirne | S29: =COUNT(O29:R29) | T29: =IF(S29=0,"",SUM(O29:R29)/S29)
A30: T. Beirne | B30: Ireland | C30: Second Row | D30: 54 | F30: Round 1 | H30: I. Henderson | I30: =_xlfn.XLOOKUP(H30,$A$5:$A$96,$E$5:$E$96,0) | J30: =_xlfn.XLOOKUP(H30,$A$100:$A$197,$E$100:$E$197,0) | K30: =_xlfn.XLOOKUP(H30,$A$202:$A$292,$E$202:$E$292,0) | L30: =_xlfn.XLOOKUP(H30,$A$296:$A$392,$E$296:$E$392,0) | N30: I. Henderson | O30: 5 | P30: 8 | S30: =COUNT(O30:R30) | T30: =IF(S30=0,"",SUM(O30:R30)/S30)
A31: I. Henderson | B31: Ireland | C31: Second Row | D31: 26 | E31: y | F31: Round 1 | H31: F. Bealham | I31: =_xlfn.XLOOKUP(H31,$A$5:$A$96,$E$5:$E$96,0) | J31: =_xlfn.XLOOKUP(H31,$A$100:$A$197,$E$100:$E$197,0) | K31: =_xlfn.XLOOKUP(H31,$A$202:$A$292,$E$202:$E$292,0) | L31: =_xlfn.XLOOKUP(H31,$A$296:$A$392,$E$296:$E$392,0) | N31: F. Bealham | S31: =COUNT(O31:R31) | T31: =IF(S31=0,"",SUM(O31:R31)/S31)
A32: F. Bealham | B32: Ireland | C32: Prop | D32: 60 | F32: Round 1 | H32: D. Kilcoyne | I32: =_xlfn.XLOOKUP(H32,$A$5:$A$96,$E$5:$E$96,0) | J32: =_xlfn.XLOOKUP(H32,$A$100:$A$197,$E$100:$E$197,0) | K32: =_xlfn.XLOOKUP(H32,$A$202:$A$292,$E$202:$E$292,0) | L32: =_xlfn.XLOOKUP(H32,$A$296:$A$392,$E$296:$E$392,0) | N32: D. Kilcoyne | O32: 5.4 | P32: 4.8 | Q32: 8.4 | S32: =COUNT(O32:R32) | T32: =IF(S32=0,"",SUM(O32:R32)/S32)
A33: D. Kilcoyne | B33: Ireland | C33: Prop | D33: 7 | E33: y | F33: Round 1 | H33: T. O'Toole | I33: =_xlfn.XLOOKUP(H33,$A$5:$A$96,$E$5:$E$96,0) | J33: =_xlfn.XLOOKUP(H33,$A$100:$A$197,$E$100:$E$197,0) | K33: =_xlfn.XLOOKUP(H33,$A$202:$A$292,$E$202:$E$292,0) | L33: =_xlfn.XLOOKUP(H33,$A$296:$A$392,$E$296:$E$392,0) | N33: T. O'Toole | O33: 5 | P33: 10.4 | Q33: 17.8 | R33: 1 | S33: =COUNT(O33:R33) | T33: =IF(S33=0,"",SUM(O33:R33)/S33)
A34: T. O'Toole | B34: Ireland | C34: Prop | D34: 20 | E34: y | F34: Round 1 | H34: A. Porter | I34: =_xlfn.XLOOKUP(H34,$A$5:$A$96,$E$5:$E$96,0) | J34: =_xlfn.XLOOKUP(H34,$A$100:$A$197,$E$100:$E$197,0) | K34: =_xlfn.XLOOKUP(H34,$A$202:$A$292,$E$202:$E$292,0) | L34: =_xlfn.XLOOKUP(H34,$A$296:$A$392,$E$296:$E$392,0) | N34: A. Porter | S34: =COUNT(O34:R34) | T34: =IF(S34=0,"",SUM(O34:R34)/S34)
A35: A. Porter | B35: Ireland | C35: Prop | D35: 73 | F35: Round 1 | H35: R. Herring | I35: =_xlfn.XLOOKUP(H35,$A$5:$A$96,$E$5:$E$96,0) | J35: =_xlfn.XLOOKUP(H35,$A$100:$A$197,$E$100:$E$197,0) | K35: =_xlfn.XLOOKUP(H35,$A$202:$A$292,$E$202:$E$292,0) | L35: =_xlfn.XLOOKUP(H35,$A$296:$A$392,$E$296:$E$392,0) | N35: R. Herring | O35: 4.8 | S35: =COUNT(O35:R35) | T35: =IF(S35=0,"",SUM(O35:R35)/S35)
A36: R. Herring | B36: Ireland | C36: Hooker | D36: 7 | E36: y | F36: Round 1 | H36: D. Sheehan | I36: =_xlfn.XLOOKUP(H36,$A$5:$A$96,$E$5:$E$96,0) | J36: =_xlfn.XLOOKUP(H36,$A$100:$A$197,$E$100:$E$197,0) | K36: =_xlfn.XLOOKUP(H36,$A$202:$A$292,$E$202:$E$292,0) | L36: =_xlfn.XLOOKUP(H36,$A$296:$A$392,$E$296:$E$392,0) | N36: D. Sheehan | Q36: 17 | S36: =COUNT(O36:R36) | T36: =IF(S36=0,"",SUM(O36:R36)/S36)
A37: D. Sheehan | B37: Ireland | C37: Hooker | D37: 73 | F37: Round 1 | H37: O. Hassell-Collins | I37: =_xlfn.XLOOKUP(H37,$A$5:$A$96,$E$5:$E$96,0) | J37: =_xlfn.XLOOKUP(H37,$A$100:$A$197,$E$100:$E$197,0) | K37: =_xlfn.XLOOKUP(H37,$A$202:$A$292,$E$202:$E$292,0) | L37: =_xlfn.XLOOKUP(H37,$A$296:$A$392,$E$296:$E$392,0) | N37: O. Hassell-Collins | S37: =COUNT(O37:R37) | T37: =IF(S37=0,"",SUM(O37:R37)/S37)
A38: O. Hassell-Collins | B38: England | C38: Back Three | D38: 64 | F38: Round 1 | H38: A. Watson | I38: =_xlfn.XLOOKUP(H38,$A$5:$A$96,$E$5:$E$96,0) | J38: =_xlfn.XLOOKUP(H38,$A$100:$A$197,$E$100:$E$197,0) | K38: =_xlfn.XLOOKUP(H38,$A$202:$A$292,$E$202:$E$292,0) | L38: =_xlfn.XLOOKUP(H38,$A$296:$A$392,$E$296:$E$392,0) | N38: A. Watson | O38: 5.6 | S38: =COUNT(O38:R38) | T38: =IF(S38=0,"",SUM(O38:R38)/S38)
A39: A. Watson | B39: England | C39: Back Three | D39: 16 | E39: y | F39: Round 1 | H39: O. Lawrence | I39: =_xlfn.XLOOKUP(H39,$A$5:$A$96,$E$5:$E$96,0) | J39: =_xlfn.XLOOKUP(H39,$A$100:$A$197,$E$100:$E$197,0) | K39: =_xlfn.XLOOKUP(H39,$A$202:$A$292,$E$202:$E$292,0) | L39: =_xlfn.XLOOKUP(H39,$A$296:$A$392,$E$296:$E$392,0) | N39: O. Lawrence | O39: 2 | S39: =COUNT(O39:R39) | T39: =IF(S39=0,"",SUM(O39:R39)/S39)
A40: O. Lawrence | B40: England | C40: Centre | D40: 4 | E40: y | F40: Round 1 | H40: J. Marchant | I40: =_xlfn.XLOOKUP(H40,$A$5:$A$96,$E$5:$E$96,0) | J40: =_xlfn.XLOOKUP(H40,$A$100:$A$197,$E$100:$E$197,0) | K40: =_xlfn.XLOOKUP(H40,$A$202:$A$292,$E$202:$E$292,0) | L40: =_xlfn.XLOOKUP(H40,$A$296:$A$392,$E$296:$E$392,0) | N40: J. Marchant | S40: =COUNT(O40:R40) | T40: =IF(S40=0,"",SUM(O40:R40)/S40)
A41: J. Marchant | B41: England | C41: Centre | D41: 76 | F41: Round 1 | H41: J. van Poortvliet | I41: =_xlfn.XLOOKUP(H41,$A$5:$A$96,$E$5:$E$96,0) | J41: =_xlfn.XLOOKUP(H41,$A$100:$A$197,$E$100:$E$197,0) | K41: =_xlfn.XLOOKUP(H41,$A$202:$A$292,$E$202:$E$292,0) | L41: =_xlfn.XLOOKUP(H41,$A$296:$A$392,$E$296:$E$392,0) | N41: J. van Poortvliet | S41: =COUNT(O41:R41) | T41: =IF(S41=0,"",SUM(O41:R41)/S41)
A42: J. van Poortvliet | B42: England | C42: Scrum Half | D42: 58 | F42: Round 1 | H42: B. Youngs | I42: =_xlfn.XLOOKUP(H42,$A$5:$A$96,$E$5:$E$96,0) | J42: =_xlfn.XLOOKUP(H42,$A$100:$A$197,$E$100:$E$197,0) | K42: =_xlfn.XLOOKUP(H42,$A$202:$A$292,$E$202:$E$292,0) | L42: =_xlfn.XLOOKUP(H42,$A$296:$A$392,$E$296:$E$392,0) | N42: B. Youngs | O42: 6 | S42: =COUNT(O42:R42) | T42: =IF(S42=0,"",SUM(O42:R42)/S42)
A43: B. Youngs | B43: England | C43: Scrum Half | D43: 22 | E43: y | F43: Round 1 | H43: B. Curry | I43: =_xlfn.XLOOKUP(H43,$A$5:$A$96,$E$5:$E$96,0) | J43: =_xlfn.XLOOKUP(H43,$A$100:$A$197,$E$100:$E$197,0) | K43: =_xlfn.XLOOKUP(H43,$A$202:$A$292,$E$202:$E$292,0) | L43: =_xlfn.XLOOKUP(H43,$A$296:$A$392,$E$296:$E$392,0) | N43: B. Curry | Q43: 21.2 | R43: 14.2 | S43: =COUNT(O43:R43) | T43: =IF(S43=0,"",SUM(O43:R43)/S43)
A44: B. Curry | B44: England | C44: Back Row | D44: 61 | F44: Round 1 | H44: A. Dombrandt | I44: =_xlfn.XLOOKUP(H44,$A$5:$A$96,$E$5:$E$96,0) | J44: =_xlfn.XLOOKUP(H44,$A$100:$A$197,$E$100:$E$197,0) | K44: =_xlfn.XLOOKUP(H44,$A$202:$A$292,$E$202:$E$292,0) | L44: =_xlfn.XLOOKUP(H44,$A$296:$A$392,$E$296:$E$392,0) | N44: A. Dombrandt | S44: =COUNT(O44:R44) | T44: =IF(S44=0,"",SUM(O44:R44)/S44)
A45: A. Dombrandt | B45: England | C45: Back Row | D45: 56 | F45: Round 1 | H45: B. Earl | I45: =_xlfn.XLOOKUP(H45,$A$5:$A$96,$E$5:$E$96,0) | J45: =_xlfn.XLOOKUP(H45,$A$100:$A$197,$E$100:$E$197,0) | K45: =_xlfn.XLOOKUP(H45,$A$202:$A$292,$E$202:$E$292,0) | L45: =_xlfn.XLOOKUP(H45,$A$296:$A$392,$E$296:$E$392,0) | N45: B. Earl | O45: 17.4 | P45: 8 | S45: =COUNT(O45:R45) | T45: =IF(S45=0,"",SUM(O45:R45)/S45)
A46: B. Earl | B46: England | C46: Back Row | D46: 24 | E46: y | F46: Round 1 | H46: N. Isiekwe | I46: =_xlfn.XLOOKUP(H46,$A$5:$A$96,$E$5:$E$96,0) | J46: =_xlfn.XLOOKUP(H46,$A$100:$A$197,$E$100:$E$197,0) | K46: =_xlfn.XLOOKUP(H46,$A$202:$A$292,$E$202:$E$292,0) | L46: =_xlfn.XLOOKUP(H46,$A$296:$A$392,$E$296:$E$392,0) | N46: N. Isiekwe | O46: 8.6 | P46: 3 | S46: =COUNT(O46:R46) | T46: =IF(S46=0,"",SUM(O46:R46)/S46)
A47: N. Isiekwe | B47: England | C47: Second Row | D47: 19 | E47: y | F47: Round 1 | H47: D. Cole | I47: =_xlfn.XLOOKUP(H47,$A$5:$A$96,$E$5:$E$96,0) | J47: =_xlfn.XLOOKUP(H47,$A$100:$A$197,$E$100:$E$197,0) | K47: =_xlfn.XLOOKUP(H47,$A$202:$A$292,$E$202:$E$292,0) | L47: =_xlfn.XLOOKUP(H47,$A$296:$A$392,$E$296:$E$392,0) | N47: D. Cole | O47: 1 | P47: 3.6 | Q47: 4.2 | R47: 1 | S47: =COUNT(O47:R47) | T47: =IF(S47=0,"",SUM(O47:R47)/S47)
A48: D. Cole | B48: England | C48: Prop | D48: 19 | E48: y | F48: Round 1 | H48: E. Genge | I48: =_xlfn.XLOOKUP(H48,$A$5:$A$96,$E$5:$E$96,0) | J48: =_xlfn.XLOOKUP(H48,$A$100:$A$197,$E$100:$E$197,0) | K48: =_xlfn.XLOOKUP(H48,$A$202:$A$292,$E$202:$E$292,0) | L48: =_xlfn.XLOOKUP(H48,$A$296:$A$392,$E$296:$E$392,0) | N48: E. Genge | S48: =COUNT(O48:R48) | T48: =IF(S48=0,"",SUM(O48:R48)/S48)
A49: E. Genge | B49: England | C49: Prop | D49: 61 | F49: Round 1 | H49: K. Sinckler | I49: =_xlfn.XLOOKUP(H49,$A$5:$A$96,$E$5:$E$96,0) | J49: =_xlfn.XLOOKUP(H49,$A$100:$A$197,$E$100:$E$197,0) | K49: =_xlfn.XLOOKUP(H49,$A$202:$A$292,$E$202:$E$292,0) | L49: =_xlfn.XLOOKUP(H49,$A$296:$A$392,$E$296:$E$392,0) | N49: K. Sinckler | S49: =COUNT(O49:R49) | T49: =IF(S49=0,"",SUM(O49:R49)/S49)
A50: K. Sinckler | B50: England | C50: Prop | D50: 61 | F50: Round 1 | H50: M. Vunipola | I50: =_xlfn.XLOOKUP(H50,$A$5:$A$96,$E$5:$E$96,0) | J50: =_xlfn.XLOOKUP(H50,$A$100:$A$197,$E$100:$E$197,0) | K50: =_xlfn.XLOOKUP(H50,$A$202:$A$292,$E$202:$E$292,0) | L50: =_xlfn.XLOOKUP(H50,$A$296:$A$392,$E$296:$E$392,0) | N50: M. Vunipola | O50: 7.4 | P50: 3 | Q50: 8.6 | R50: 2.8 | S50: =COUNT(O50:R50) | T50: =IF(S50=0,"",SUM(O50:R50)/S50)
A51: M. Vunipola | B51: England | C51: Prop | D51: 19 | E51: y | F51: Round 1 | H51: S. Hogg | I51: =_xlfn.XLOOKUP(H51,$A$5:$A$96,$E$5:$E$96,0) | J51: =_xlfn.XLOOKUP(H51,$A$100:$A$197,$E$100:$E$197,0) | K51: =_xlfn.XLOOKUP(H51,$A$202:$A$292,$E$202:$E$292,0) | L51: =_xlfn.XLOOKUP(H51,$A$296:$A$392,$E$296:$E$392,0) | N51: S. Hogg | S51: =COUNT(O51:R51) | T51: =IF(S51=0,"",SUM(O51:R51)/S51)
A52: S. Hogg | B52: Scotland | C52: Back Three | D52: 66 | F52: Round 1 | H52: B. Kinghorn | I52: =_xlfn.XLOOKUP(H52,$A$5:$A$96,$E$5:$E$96,0) | J52: =_xlfn.XLOOKUP(H52,$A$100:$A$197,$E$100:$E$197,0) | K52: =_xlfn.XLOOKUP(H52,$A$202:$A$292,$E$202:$E$292,0) | L52: =_xlfn.XLOOKUP(H52,$A$296:$A$392,$E$296:$E$392,0) | N52: B. Kinghorn | O52: 6.8 | P52: 56 | Q52: 1 | R52: 12.8 | S52: =COUNT(O52:R52) | T52: =IF(S52=0,"",SUM(O52:R52)/S52)
A53: B. Kinghorn | B53: Scotland | C53: Back Three | D53: 14 | E53: y | F53: Round 1 | H53: C. Harris | I53: =_xlfn.XLOOKUP(H53,$A$5:$A$96,$E$5:$E$96,0) | J53: =_xlfn.XLOOKUP(H53,$A$100:$A$197,$E$100:$E$197,0) | K53: =_xlfn.XLOOKUP(H53,$A$202:$A$292,$E$202:$E$292,0) | L53: =_xlfn.XLOOKUP(H53,$A$296:$A$392,$E$296:$E$392,0) | N53: C. Harris | O53: 1 | P53: 5.4 | R53: 1 | S53: =COUNT(O53:R53) | T53: =IF(S53=0,"",SUM(O53:R53)/S53)
A54: C. Harris | B54: Scotland | C54: Centre | D54: 4 | E54: y | F54: Round 1 | H54: H. Jones | I54: =_xlfn.XLOOKUP(H54,$A$5:$A$96,$E$5:$E$96,0) | J54: =_xlfn.XLOOKUP(H54,$A$100:$A$197,$E$100:$E$197,0) | K54: =_xlfn.XLOOKUP(H54,$A$202:$A$292,$E$202:$E$292,0) | L54: =_xlfn.XLOOKUP(H54,$A$296:$A$392,$E$296:$E$392,0) | N54: H. Jones | S54: =COUNT(O54:R54) | T54: =IF(S54=0,"",SUM(O54:R54)/S54)
A55: H. Jones | B55: Scotland | C55: Centre | D55: 76 | F55: Round 1 | H55: G. Horne | I55: =_xlfn.XLOOKUP(H55,$A$5:$A$96,$E$5:$E$96,0) | J55: =_xlfn.XLOOKUP(H55,$A$100:$A$197,$E$100:$E$197,0) | K55: =_xlfn.XLOOKUP(H55,$A$202:$A$292,$E$202:$E$292,0) | L55: =_xlfn.XLOOKUP(H55,$A$296:$A$392,$E$296:$E$392,0) | N55: G. Horne | O55: 1 | P55: 4.6 | S55: =COUNT(O55:R55) | T55: =IF(S55=0,"",SUM(O55:R55)/S55)
A56: G. Horne | B56: Scotland | C56: Scrum Half | D56: 11 | E56: y | F56: Round 1 | H56: B. White | I56: =_xlfn.XLOOKUP(H56,$A$5:$A$96,$E$5:$E$96,0) | J56: =_xlfn.XLOOKUP(H56,$A$100:$A$197,$E$100:$E$197,0) | K56: =_xlfn.XLOOKUP(H56,$A$202:$A$292,$E$202:$E$292,0) | L56: =_xlfn.XLOOKUP(H56,$A$296:$A$392,$E$296:$E$392,0) | N56: B. White | S56: =COUNT(O56:R56) | T56: =IF(S56=0,"",SUM(O56:R56)/S56)
A57: B. White | B57: Scotland | C57: Scrum Half | D57: 69 | F57: Round 1 | H57: L. Crosbie | I57: =_xlfn.XLOOKUP(H57,$A$5:$A$96,$E$5:$E$96,0) | J57: =_xlfn.XLOOKUP(H57,$A$100:$A$197,$E$100:$E$197,0) | K57: =_xlfn.XLOOKUP(H57,$A$202:$A$292,$E$202:$E$292,0) | L57: =_xlfn.XLOOKUP(H57,$A$296:$A$392,$E$296:$E$392,0) | N57: L. Crosbie | S57: =COUNT(O57:R57) | T57: =IF(S57=0,"",SUM(O57:R57)/S57)
A58: L. Crosbie | B58: Scotland | C58: Back Row | D58: 58 | F58: Round 1 | H58: J. Dempsey | I58: =_xlfn.XLOOKUP(H58,$A$5:$A$96,$E$5:$E$96,0) | J58: =_xlfn.XLOOKUP(H58,$A$100:$A$197,$E$100:$E$197,0) | K58: =_xlfn.XLOOKUP(H58,$A$202:$A$292,$E$202:$E$292,0) | L58: =_xlfn.XLOOKUP(H58,$A$296:$A$392,$E$296:$E$392,0) | N58: J. Dempsey | O58: 8.6 | P58: 4.8 | Q58: 6 | S58: =COUNT(O58:R58) | T58: =IF(S58=0,"",SUM(O58:R58)/S58)
A59: J. Dempsey | B59: Scotland | C59: Back Row | D59: 22 | E59: y | F59: Round 1 | H59: G. Gilchrist | I59: =_xlfn.XLOOKUP(H59,$A$5:$A$96,$E$5:$E$96,0) | J59: =_xlfn.XLOOKUP(H59,$A$100:$A$197,$E$100:$E$197,0) | K59: =_xlfn.XLOOKUP(H59,$A$202:$A$292,$E$202:$E$292,0) | L59: =_xlfn.XLOOKUP(H59,$A$296:$A$392,$E$296:$E$392,0) | N59: G. Gilchrist | S59: =COUNT(O59:R59) | T59: =IF(S59=0,"",SUM(O59:R59)/S59)
A60: G. Gilchrist | B60: Scotland | C60: Second Row | D60: 66 | F60: Round 1 | H60: J. Gray | I60: =_xlfn.XLOOKUP(H60,$A$5:$A$96,$E$5:$E$96,0) | J60: =_xlfn.XLOOKUP(H60,$A$100:$A$197,$E$100:$E$197,0) | K60: =_xlfn.XLOOKUP(H60,$A$202:$A$292,$E$202:$E$292,0) | L60: =_xlfn.XLOOKUP(H60,$A$296:$A$392,$E$296:$E$392,0) | N60: J. Gray | O60: 11.4 | P60: 10.4 | Q60: 20.6 | S60: =COUNT(O60:R60) | T60: =IF(S60=0,"",SUM(O60:R60)/S60)
A61: J. Gray | B61: Scotland | C61: Second Row | D61: 14 | E61: y | F61: Round 1 | H61: S. Berghan | I61: =_xlfn.XLOOKUP(H61,$A$5:$A$96,$E$5:$E$96,0) | J61: =_xlfn.XLOOKUP(H61,$A$100:$A$197,$E$100:$E$197,0) | K61: =_xlfn.XLOOKUP(H61,$A$202:$A$292,$E$202:$E$292,0) | L61: =_xlfn.XLOOKUP(H61,$A$296:$A$392,$E$296:$E$392,0) | N61: S. Berghan | O61: 8 | R61: 7.8 | S61: =COUNT(O61:R61) | T61: =IF(S61=0,"",SUM(O61:R61)/S61)
A62: S. Berghan | B62: Scotland | C62: Prop | D62: 22 | E62: y | F62: Round 1 | H62: J. Bhatti | I62: =_xlfn.XLOOKUP(H62,$A$5:$A$96,$E$5:$E$96,0) | J62: =_xlfn.XLOOKUP(H62,$A$100:$A$197,$E$100:$E$197,0) | K62: =_xlfn.XLOOKUP(H62,$A$202:$A$292,$E$202:$E$292,0) | L62: =_xlfn.XLOOKUP(H62,$A$296:$A$392,$E$296:$E$392,0) | N62: J. Bhatti | O62: 3.4 | P62: 3 | Q62: 9 | R62: 7 | S62: =COUNT(O62:R62) | T62: =IF(S62=0,"",SUM(O62:R62)/S62)
A63: J. Bhatti | B63: Scotland | C63: Prop | D63: 14 | E63: y | F63: Round 1 | H63: W. Nel | I63: =_xlfn.XLOOKUP(H63,$A$5:$A$96,$E$5:$E$96,0) | J63: =_xlfn.XLOOKUP(H63,$A$100:$A$197,$E$100:$E$197,0) | K63: =_xlfn.XLOOKUP(H63,$A$202:$A$292,$E$202:$E$292,0) | L63: =_xlfn.XLOOKUP(H63,$A$296:$A$392,$E$296:$E$392,0) | N63: W. Nel | P63: 1 | Q63: 4 | S63: =COUNT(O63:R63) | T63: =IF(S63=0,"",SUM(O63:R63)/S63)
A64: W. Nel | B64: Scotland | C64: Prop | D64: 58 | F64: Round 1 | H64: P. Schoeman | I64: =_xlfn.XLOOKUP(H64,$A$5:$A$96,$E$5:$E$96,0) | J64: =_xlfn.XLOOKUP(H64,$A$100:$A$197,$E$100:$E$197,0) | K64: =_xlfn.XLOOKUP(H64,$A$202:$A$292,$E$202:$E$292,0) | L64: =_xlfn.XLOOKUP(H64,$A$296:$A$392,$E$296:$E$392,0) | N64: P. Schoeman | S64: =COUNT(O64:R64) | T64: =IF(S64=0,"",SUM(O64:R64)/S64)
A65: P. Schoeman | B65: Scotland | C65: Prop | D65: 66 | F65: Round 1 | H65: F. Brown | I65: =_xlfn.XLOOKUP(H65,$A$5:$A$96,$E$5:$E$96,0) | J65: =_xlfn.XLOOKUP(H65,$A$100:$A$197,$E$100:$E$197,0) | K65: =_xlfn.XLOOKUP(H65,$A$202:$A$292,$E$202:$E$292,0) | L65: =_xlfn.XLOOKUP(H65,$A$296:$A$392,$E$296:$E$392,0) | N65: F. Brown | O65: 3.4 | P65: 12.8 | Q65: 5.4 | R65: 10 | S65: =COUNT(O65:R65) | T65: =IF(S65=0,"",SUM(O65:R65)/S65)
A66: F. Brown | B66: Scotland | C66: Hooker | D66: 22 | E66: y | F66: Round 1 | H66: G. Turner | I66: =_xlfn.XLOOKUP(H66,$A$5:$A$96,$E$5:$E$96,0) | J66: =_xlfn.XLOOKUP(H66,$A$100:$A$197,$E$100:$E$197,0) | K66: =_xlfn.XLOOKUP(H66,$A$202:$A$292,$E$202:$E$292,0) | L66: =_xlfn.XLOOKUP(H66,$A$296:$A$392,$E$296:$E$392,0) | N66: G. Turner | S66: =COUNT(O66:R66) | T66: =IF(S66=0,"",SUM(O66:R66)/S66)
A67: G. Turner | B67: Scotland | C67: Hooker | D67: 58 | F67: Round 1 | H67: P. Bruno | I67: =_xlfn.XLOOKUP(H67,$A$5:$A$96,$E$5:$E$96,0) | J67: =_xlfn.XLOOKUP(H67,$A$100:$A$197,$E$100:$E$197,0) | K67: =_xlfn.XLOOKUP(H67,$A$202:$A$292,$E$202:$E$292,0) | L67: =_xlfn.XLOOKUP(H67,$A$296:$A$392,$E$296:$E$392,0) | N67: P. Bruno | P67: 5.4 | S67: =COUNT(O67:R67) | T67: =IF(S67=0,"",SUM(O67:R67)/S67)
A68: P. Bruno | B68: Italy | C68: Back Three | D68: 66 | F68: Round 1 | H68: A. Fusco | I68: =_xlfn.XLOOKUP(H68,$A$5:$A$96,$E$5:$E$96,0) | J68: =_xlfn.XLOOKUP(H68,$A$100:$A$197,$E$100:$E$197,0) | K68: =_xlfn.XLOOKUP(H68,$A$202:$A$292,$E$202:$E$292,0) | L68: =_xlfn.XLOOKUP(H68,$A$296:$A$392,$E$296:$E$392,0) | N68: A. Fusco | O68: 0 | P68: 24.6 | Q68: 0 | R68: 17 | S68: =COUNT(O68:R68) | T68: =IF(S68=0,"",SUM(O68:R68)/S68)
A69: A. Fusco | B69: Italy | C69: Back Three | D69: 6 | E69: y | F69: Round 1 | H69: E. Padovani | I69: =_xlfn.XLOOKUP(H69,$A$5:$A$96,$E$5:$E$96,0) | J69: =_xlfn.XLOOKUP(H69,$A$100:$A$197,$E$100:$E$197,0) | K69: =_xlfn.XLOOKUP(H69,$A$202:$A$292,$E$202:$E$292,0) | L69: =_xlfn.XLOOKUP(H69,$A$296:$A$392,$E$296:$E$392,0) | N69: E. Padovani | O69: 3.8 | S69: =COUNT(O69:R69) | T69: =IF(S69=0,"",SUM(O69:R69)/S69)
A70: E. Padovani | B70: Italy | C70: Back Three | D70: 14 | E70: y | F70: Round 1 | H70: S. Varney | I70: =_xlfn.XLOOKUP(H70,$A$5:$A$96,$E$5:$E$96,0) | J70: =_xlfn.XLOOKUP(H70,$A$100:$A$197,$E$100:$E$197,0) | K70: =_xlfn.XLOOKUP(H70,$A$202:$A$292,$E$202:$E$292,0) | L70: =_xlfn.XLOOKUP(H70,$A$296:$A$392,$E$296:$E$392,0) | N70: S. Varney | S70: =COUNT(O70:R70) | T70: =IF(S70=0,"",SUM(O70:R70)/S70)
A71: S. Varney | B71: Italy | C71: Scrum Half | D71: 74 | F71: Round 1 | H71: E. Iachizzi | I71: =_xlfn.XLOOKUP(H71,$A$5:$A$96,$E$5:$E$96,0) | J71: =_xlfn.XLOOKUP(H71,$A$100:$A$197,$E$100:$E$197,0) | K71: =_xlfn.XLOOKUP(H71,$A$202:$A$292,$E$202:$E$292,0) | L71: =_xlfn.XLOOKUP(H71,$A$296:$A$392,$E$296:$E$392,0) | N71: E. Iachizzi | O71: 1.8 | P71: 5.2 | Q71: 11 | R71: 20.6 | S71: =COUNT(O71:R71) | T71: =IF(S71=0,"",SUM(O71:R71)/S71)
A72: E. Iachizzi | B72: Italy | C72: Back Row | D72: 11 | E72: y | F72: Round 1 | H72: S. Negri | I72: =_xlfn.XLOOKUP(H72,$A$5:$A$96,$E$5:$E$96,0) | J72: =_xlfn.XLOOKUP(H72,$A$100:$A$197,$E$100:$E$197,0) | K72: =_xlfn.XLOOKUP(H72,$A$202:$A$292,$E$202:$E$292,0) | L72: =_xlfn.XLOOKUP(H72,$A$296:$A$392,$E$296:$E$392,0) | N72: S. Negri | S72: =COUNT(O72:R72) | T72: =IF(S72=0,"",SUM(O72:R72)/S72)
A73: S. Negri | B73: Italy | C73: Back Row | D73: 65 | F73: Round 1 | H73: G. Pettinelli | I73: =_xlfn.XLOOKUP(H73,$A$5:$A$96,$E$5:$E$96,0) | J73: =_xlfn.XLOOKUP(H73,$A$100:$A$197,$E$100:$E$197,0) | K73: =_xlfn.XLOOKUP(H73,$A$202:$A$292,$E$202:$E$292,0) | L73: =_xlfn.XLOOKUP(H73,$A$296:$A$392,$E$296:$E$392,0) | N73: G. Pettinelli | O73: 2 | Q73: 17.6 | R73: 0 | S73: =COUNT(O73:R73) | T73: =IF(S73=0,"",SUM(O73:R73)/S73)
A74: G. Pettinelli | B74: Italy | C74: Back Row | D74: 11 | E74: y | F74: Round 1 | H74: N. Cannone | I74: =_xlfn.XLOOKUP(H74,$A$5:$A$96,$E$5:$E$96,0) | J74: =_xlfn.XLOOKUP(H74,$A$100:$A$197,$E$100:$E$197,0) | K74: =_xlfn.XLOOKUP(H74,$A$202:$A$292,$E$202:$E$292,0) | L74: =_xlfn.XLOOKUP(H74,$A$296:$A$392,$E$296:$E$392,0) | N74: N. Cannone | S74: =COUNT(O74:R74) | T74: =IF(S74=0,"",SUM(O74:R74)/S74)
A75: N. Cannone | B75: Italy | C75: Second Row | D75: 69 | F75: Round 1 | H75: L. Cannone | I75: =_xlfn.XLOOKUP(H75,$A$5:$A$96,$E$5:$E$96,0) | J75: =_xlfn.XLOOKUP(H75,$A$100:$A$197,$E$100:$E$197,0) | K75: =_xlfn.XLOOKUP(H75,$A$202:$A$292,$E$202:$E$292,0) | L75: =_xlfn.XLOOKUP(H75,$A$296:$A$392,$E$296:$E$392,0) | N75: L. Cannone | S75: =COUNT(O75:R75) | T75: =IF(S75=0,"",SUM(O75:R75)/S75)
A76: L. Cannone | B76: Italy | C76: Second Row | D76: 69 | F76: Round 1 | H76: M. Zuliani | I76: =_xlfn.XLOOKUP(H76,$A$5:$A$96,$E$5:$E$96,0) | J76: =_xlfn.XLOOKUP(H76,$A$100:$A$197,$E$100:$E$197,0) | K76: =_xlfn.XLOOKUP(H76,$A$202:$A$292,$E$202:$E$292,0) | L76: =_xlfn.XLOOKUP(H76,$A$296:$A$392,$E$296:$E$392,0) | N76: M. Zuliani | O76: 3.2 | P76: 42.2 | R76: 22.2 | S76: =COUNT(O76:R76) | T76: =IF(S76=0,"",SUM(O76:R76)/S76)
A77: M. Zuliani | B77: Italy | C77: Second Row | D77: 15 | E77: y | F77: Round 1 | H77: P. Ceccarelli | I77: =_xlfn.XLOOKUP(H77,$A$5:$A$96,$E$5:$E$96,0) | J77: =_xlfn.XLOOKUP(H77,$A$100:$A$197,$E$100:$E$197,0) | K77: =_xlfn.XLOOKUP(H77,$A$202:$A$292,$E$202:$E$292,0) | L77: =_xlfn.XLOOKUP(H77,$A$296:$A$392,$E$296:$E$392,0) | N77: P. Ceccarelli | O77: 2.4 | S77: =COUNT(O77:R77) | T77: =IF(S77=0,"",SUM(O77:R77)/S77)
A78: P. Ceccarelli | B78: Italy | C78: Prop | D78: 24 | E78: y | F78: Round 1 | H78: S. Ferrari | I78: =_xlfn.XLOOKUP(H78,$A$5:$A$96,$E$5:$E$96,0) | J78: =_xlfn.XLOOKUP(H78,$A$100:$A$197,$E$100:$E$197,0) | K78: =_xlfn.XLOOKUP(H78,$A$202:$A$292,$E$202:$E$292,0) | L78: =_xlfn.XLOOKUP(H78,$A$296:$A$392,$E$296:$E$392,0) | N78: S. Ferrari | P78: -1.2 | S78: =COUNT(O78:R78) | T78: =IF(S78=0,"",SUM(O78:R78)/S78)
A79: S. Ferrari | B79: Italy | C79: Prop | D79: 56 | F79: Round 1 | H79: D. Fischetti | I79: =_xlfn.XLOOKUP(H79,$A$5:$A$96,$E$5:$E$96,0) | J79: =_xlfn.XLOOKUP(H79,$A$100:$A$197,$E$100:$E$197,0) | K79: =_xlfn.XLOOKUP(H79,$A$202:$A$292,$E$202:$E$292,0) | L79: =_xlfn.XLOOKUP(H79,$A$296:$A$392,$E$296:$E$392,0) | N79: D. Fischetti | S79: =COUNT(O79:R79) | T79: =IF(S79=0,"",SUM(O79:R79)/S79)
A80: D. Fischetti | B80: Italy | C80: Prop | D80: 69 | F80: Round 1 | H80: F. Zani | I80: =_xlfn.XLOOKUP(H80,$A$5:$A$96,$E$5:$E$96,0) | J80: =_xlfn.XLOOKUP(H80,$A$100:$A$197,$E$100:$E$197,0) | K80: =_xlfn.XLOOKUP(H80,$A$202:$A$292,$E$202:$E$292,0) | L80: =_xlfn.XLOOKUP(H80,$A$296:$A$392,$E$296:$E$392,0) | N80: F. Zani | O80: 1.8 | P80: 3.4 | Q80: 12.2 | R80: 0 | S80: =COUNT(O80:R80) | T80: =IF(S80=0,"",SUM(O80:R80)/S80)
A81: F. Zani | B81: Italy | C81: Prop | D81: 11 | E81: y | F81: Round 1 | H81: L. Bigi | I81: =_xlfn.XLOOKUP(H81,$A$5:$A$96,$E$5:$E$96,0) | J81: =_xlfn.XLOOKUP(H81,$A$100:$A$197,$E$100:$E$197,0) | K81: =_xlfn.XLOOKUP(H81,$A$202:$A$292,$E$202:$E$292,0) | L81: =_xlfn.XLOOKUP(H81,$A$296:$A$392,$E$296:$E$392,0) | N81: L. Bigi | O81: 0 | P81: 9 | Q81: 19.2 | R81: 3 | S81: =COUNT(O81:R81) | T81: =IF(S81=0,"",SUM(O81:R81)/S81)
A82: L. Bigi | B82: Italy | C82: Hooker | D82: 11 | E82: y | F82: Round 1 | H82: G. Nicotera | I82: =_xlfn.XLOOKUP(H82,$A$5:$A$96,$E$5:$E$96,0) | J82: =_xlfn.XLOOKUP(H82,$A$100:$A$197,$E$100:$E$197,0) | K82: =_xlfn.XLOOKUP(H82,$A$202:$A$292,$E$202:$E$292,0) | L82: =_xlfn.XLOOKUP(H82,$A$296:$A$392,$E$296:$E$392,0) | N82: G. Nicotera | S82: =COUNT(O82:R82) | T82: =IF(S82=0,"",SUM(O82:R82)/S82)
A83: G. Nicotera | B83: Italy | C83: Hooker | D83: 69 | F83: Round 1 | H83: M. Jalibert | I83: =_xlfn.XLOOKUP(H83,$A$5:$A$96,$E$5:$E$96,0) | J83: =_xlfn.XLOOKUP(H83,$A$100:$A$197,$E$100:$E$197,0) | K83: =_xlfn.XLOOKUP(H83,$A$202:$A$292,$E$202:$E$292,0) | L83: =_xlfn.XLOOKUP(H83,$A$296:$A$392,$E$296:$E$392,0) | N83: M. Jalibert | O83: 16.6 | P83: 5.8 | Q83: 3 | S83: =COUNT(O83:R83) | T83: =IF(S83=0,"",SUM(O83:R83)/S83)
A84: M. Jalibert | B84: France | C84: Fly Half | D84: 15 | E84: y | F84: Round 1 | H84: R. Ntamack | I84: =_xlfn.XLOOKUP(H84,$A$5:$A$96,$E$5:$E$96,0) | J84: =_xlfn.XLOOKUP(H84,$A$100:$A$197,$E$100:$E$197,0) | K84: =_xlfn.XLOOKUP(H84,$A$202:$A$292,$E$202:$E$292,0) | L84: =_xlfn.XLOOKUP(H84,$A$296:$A$392,$E$296:$E$392,0) | N84: R. Ntamack | S84: =COUNT(O84:R84) | T84: =IF(S84=0,"",SUM(O84:R84)/S84)
A85: R. Ntamack | B85: France | C85: Fly Half | D85: 65 | F85: Round 1 | H85: G. Alldritt | I85: =_xlfn.XLOOKUP(H85,$A$5:$A$96,$E$5:$E$96,0) | J85: =_xlfn.XLOOKUP(H85,$A$100:$A$197,$E$100:$E$197,0) | K85: =_xlfn.XLOOKUP(H85,$A$202:$A$292,$E$202:$E$292,0) | L85: =_xlfn.XLOOKUP(H85,$A$296:$A$392,$E$296:$E$392,0) | N85: G. Alldritt | S85: =COUNT(O85:R85) | T85: =IF(S85=0,"",SUM(O85:R85)/S85)
A86: G. Alldritt | B86: France | C86: Back Row | D86: 61 | F86: Round 1 | H86: S. Macalou | I86: =_xlfn.XLOOKUP(H86,$A$5:$A$96,$E$5:$E$96,0) | J86: =_xlfn.XLOOKUP(H86,$A$100:$A$197,$E$100:$E$197,0) | K86: =_xlfn.XLOOKUP(H86,$A$202:$A$292,$E$202:$E$292,0) | L86: =_xlfn.XLOOKUP(H86,$A$296:$A$392,$E$296:$E$392,0) | N86: S. Macalou | O86: 11 | P86: 11.6 | R86: 2 | S86: =COUNT(O86:R86) | T86: =IF(S86=0,"",SUM(O86:R86)/S86)
A87: S. Macalou | B87: France | C87: Back Row | D87: 19 | E87: y | F87: Round 1 | H87: C. Ollivon | I87: =_xlfn.XLOOKUP(H87,$A$5:$A$96,$E$5:$E$96,0) | J87: =_xlfn.XLOOKUP(H87,$A$100:$A$197,$E$100:$E$197,0) | K87: =_xlfn.XLOOKUP(H87,$A$202:$A$292,$E$202:$E$292,0) | L87: =_xlfn.XLOOKUP(H87,$A$296:$A$392,$E$296:$E$392,0) | N87: C. Ollivon | S87: =COUNT(O87:R87) | T87: =IF(S87=0,"",SUM(O87:R87)/S87)
A88: C. Ollivon | B88: France | C88: Back Row | D88: 70 | F88: Round 1 | H88: R. Taofifenua | I88: =_xlfn.XLOOKUP(H88,$A$5:$A$96,$E$5:$E$96,0) | J88: =_xlfn.XLOOKUP(H88,$A$100:$A$197,$E$100:$E$197,0) | K88: =_xlfn.XLOOKUP(H88,$A$202:$A$292,$E$202:$E$292,0) | L88: =_xlfn.XLOOKUP(H88,$A$296:$A$392,$E$296:$E$392,0) | N88: R. Taofifenua | O88: 24.6 | P88: 25.6 | Q88: 12.6 | R88: 9.6 | S88: =COUNT(O88:R88) | T88: =IF(S88=0,"",SUM(O88:R88)/S88)
A89: R. Taofifenua | B89: France | C89: Second Row | D89: 26 | E89: y | F89: Round 1 | H89: P. Willemse | I89: =_xlfn.XLOOKUP(H89,$A$5:$A$96,$E$5:$E$96,0) | J89: =_xlfn.XLOOKUP(H89,$A$100:$A$197,$E$100:$E$197,0) | K89: =_xlfn.XLOOKUP(H89,$A$202:$A$292,$E$202:$E$292,0) | L89: =_xlfn.XLOOKUP(H89,$A$296:$A$392,$E$296:$E$392,0) | N89: P. Willemse | S89: =COUNT(O89:R89) | T89: =IF(S89=0,"",SUM(O89:R89)/S89)
A90: P. Willemse | B90: France | C90: Second Row | D90: 54 | F90: Round 1 | H90: U. Atonio | I90: =_xlfn.XLOOKUP(H90,$A$5:$A$96,$E$5:$E$96,0) | J90: =_xlfn.XLOOKUP(H90,$A$100:$A$197,$E$100:$E$197,0) | K90: =_xlfn.XLOOKUP(H90,$A$202:$A$292,$E$202:$E$292,0) | L90: =_xlfn.XLOOKUP(H90,$A$296:$A$392,$E$296:$E$392,0) | N90: U. Atonio | S90: =COUNT(O90:R90) | T90: =IF(S90=0,"",SUM(O90:R90)/S90)
A91: U. Atonio | B91: France | C91: Prop | D91: 51 | F91: Round 1 | H91: C. Baille | I91: =_xlfn.XLOOKUP(H91,$A$5:$A$96,$E$5:$E$96,0) | J91: =_xlfn.XLOOKUP(H91,$A$100:$A$197,$E$100:$E$197,0) | K91: =_xlfn.XLOOKUP(H91,$A$202:$A$292,$E$202:$E$292,0) | L91: =_xlfn.XLOOKUP(H91,$A$296:$A$392,$E$296:$E$392,0) | N91: C. Baille | S91: =COUNT(O91:R91) | T91: =IF(S91=0,"",SUM(O91:R91)/S91)
A92: C. Baille | B92: France | C92: Prop | D92: 51 | F92: Round 1 | H92: S. Falatea | I92: =_xlfn.XLOOKUP(H92,$A$5:$A$96,$E$5:$E$96,0) | J92: =_xlfn.XLOOKUP(H92,$A$100:$A$197,$E$100:$E$197,0) | K92: =_xlfn.XLOOKUP(H92,$A$202:$A$292,$E$202:$E$292,0) | L92: =_xlfn.XLOOKUP(H92,$A$296:$A$392,$E$296:$E$392,0) | N92: S. Falatea | O92: 3 | P92: 17 | Q92: 25.4 | R92: 2 | S92: =COUNT(O92:R92) | T92: =IF(S92=0,"",SUM(O92:R92)/S92)
A93: S. Falatea | B93: France | C93: Prop | D93: 29 | E93: y | F93: Round 1 | H93: R. Wardi | I93: =_xlfn.XLOOKUP(H93,$A$5:$A$96,$E$5:$E$96,0) | J93: =_xlfn.XLOOKUP(H93,$A$100:$A$197,$E$100:$E$197,0) | K93: =_xlfn.XLOOKUP(H93,$A$202:$A$292,$E$202:$E$292,0) | L93: =_xlfn.XLOOKUP(H93,$A$296:$A$392,$E$296:$E$392,0) | N93: R. Wardi | O93: 7 | P93: 15.2 | Q93: 1.6 | R93: 5 | S93: =COUNT(O93:R93) | T93: =IF(S93=0,"",SUM(O93:R93)/S93)
A94: R. Wardi | B94: France | C94: Prop | D94: 29 | E94: y | F94: Round 1 | H94: G. Barlot | I94: =_xlfn.XLOOKUP(H94,$A$5:$A$96,$E$5:$E$96,0) | J94: =_xlfn.XLOOKUP(H94,$A$100:$A$197,$E$100:$E$197,0) | K94: =_xlfn.XLOOKUP(H94,$A$202:$A$292,$E$202:$E$292,0) | L94: =_xlfn.XLOOKUP(H94,$A$296:$A$392,$E$296:$E$392,0) | N94: G. Barlot | O94: 11 | P94: 5.6 | Q94: 8.8 | S94: =COUNT(O94:R94) | T94: =IF(S94=0,"",SUM(O94:R94)/S94)
A95: G. Barlot | B95: France | C95: Hooker | D95: 19 | E95: y | F95: Round 1 | H95: J. Marchand | I95: =_xlfn.XLOOKUP(H95,$A$5:$A$96,$E$5:$E$96,0) | J95: =_xlfn.XLOOKUP(H95,$A$100:$A$197,$E$100:$E$197,0) | K95: =_xlfn.XLOOKUP(H95,$A$202:$A$292,$E$202:$E$292,0) | L95: =_xlfn.XLOOKUP(H95,$A$296:$A$392,$E$296:$E$392,0) | N95: J. Marchand | S95: =COUNT(O95:R95) | T95: =IF(S95=0,"",SUM(O95:R95)/S95)
A96: J. Marchand | B96: France | C96: Hooker | D96: 61 | F96: Round 1 | H96: Round 2 | I96: =_xlfn.XLOOKUP(H96,$A$5:$A$96,$E$5:$E$96,0) | J96: =_xlfn.XLOOKUP(H96,$A$100:$A$197,$E$100:$E$197,0) | K96: =_xlfn.XLOOKUP(H96,$A$202:$A$292,$E$202:$E$292,0) | L96: =_xlfn.XLOOKUP(H96,$A$296:$A$392,$E$296:$E$392,0) | N96: Round 2 | S96: =COUNT(O96:R96) | T96: =IF(S96=0,"",SUM(O96:R96)/S96)
H97: R. Kelleher | I97: =_xlfn.XLOOKUP(H97,$A$5:$A$96,$E$5:$E$96,0) | J97: =_xlfn.XLOOKUP(H97,$A$100:$A$197,$E$100:$E$197,0) | K97: =_xlfn.XLOOKUP(H97,$A$202:$A$292,$E$202:$E$292,0) | L97: =_xlfn.XLOOKUP(H97,$A$296:$A$392,$E$296:$E$392,0) | N97: R. Kelleher | P97: 30.6 | R97: 6.6 | S97: =COUNT(O97:R97) | T97: =IF(S97=0,"",SUM(O97:R97)/S97)
A98: Round 2 | H98: T. Ramos | I98: =_xlfn.XLOOKUP(H98,$A$5:$A$96,$E$5:$E$96,0) | J98: =_xlfn.XLOOKUP(H98,$A$100:$A$197,$E$100:$E$197,0) | K98: =_xlfn.XLOOKUP(H98,$A$202:$A$292,$E$202:$E$292,0) | L98: =_xlfn.XLOOKUP(H98,$A$296:$A$392,$E$296:$E$392,0) | N98: T. Ramos | S98: =COUNT(O98:R98) | T98: =IF(S98=0,"",SUM(O98:R98)/S98)
A99: Name | B99: Nation | C99: Position | D99: Time Played | H99: E. Dumortier | I99: =_xlfn.XLOOKUP(H99,$A$5:$A$96,$E$5:$E$96,0) | J99: =_xlfn.XLOOKUP(H99,$A$100:$A$197,$E$100:$E$197,0) | K99: =_xlfn.XLOOKUP(H99,$A$202:$A$292,$E$202:$E$292,0) | L99: =_xlfn.XLOOKUP(H99,$A$296:$A$392,$E$296:$E$392,0) | N99: E. Dumortier | S99: =COUNT(O99:R99) | T99: =IF(S99=0,"",SUM(O99:R99)/S99)
A100: B. Aki | B100: Ireland | C100: Centre | D100: 14 | E100: y | F100: Round 2 | H100: F. Cros | I100: =_xlfn.XLOOKUP(H100,$A$5:$A$96,$E$5:$E$96,0) | J100: =_xlfn.XLOOKUP(H100,$A$100:$A$197,$E$100:$E$197,0) | K100: =_xlfn.XLOOKUP(H100,$A$202:$A$292,$E$202:$E$292,0) | L100: =_xlfn.XLOOKUP(H100,$A$296:$A$392,$E$296:$E$392,0) | N100: F. Cros | P100: 6 | Q100: 29.2 | S100: =COUNT(O100:R100) | T100: =IF(S100=0,"",SUM(O100:R100)/S100)
A101: S. McCloskey | B101: Ireland | C101: Centre | D101: 66 | F101: Round 2 | H101: S. Tuipulotu | I101: =_xlfn.XLOOKUP(H101,$A$5:$A$96,$E$5:$E$96,0) | J101: =_xlfn.XLOOKUP(H101,$A$100:$A$197,$E$100:$E$197,0) | K101: =_xlfn.XLOOKUP(H101,$A$202:$A$292,$E$202:$E$292,0) | L101: =_xlfn.XLOOKUP(H101,$A$296:$A$392,$E$296:$E$392,0) | N101: S. Tuipulotu | S101: =COUNT(O101:R101) | T101: =IF(S101=0,"",SUM(O101:R101)/S101)
A102: R. Byrne | B102: Ireland | C102: Fly Half | D102: 32 | E102: y | F102: Round 2 | H102: Z. Fagerson | I102: =_xlfn.XLOOKUP(H102,$A$5:$A$96,$E$5:$E$96,0) | J102: =_xlfn.XLOOKUP(H102,$A$100:$A$197,$E$100:$E$197,0) | K102: =_xlfn.XLOOKUP(H102,$A$202:$A$292,$E$202:$E$292,0) | L102: =_xlfn.XLOOKUP(H102,$A$296:$A$392,$E$296:$E$392,0) | N102: Z. Fagerson | S102: =COUNT(O102:R102) | T102: =IF(S102=0,"",SUM(O102:R102)/S102)
...

Sheet Supersub Analysis
B2: Points from Bench | I2: Time Played from Bench | N2: Points per Min from Bench
A3: Name | B3: Round 1 | C3: Round 2 | D3: Round 3 | E3: Round 4 | F3: No. of Games | G3: Average Game Points (No Win Points) | I3: Round 1 | J3: Round 2 | K3: Round 3 | L3: Round 4 | N3: Round 1 | O3: Round 2 | P3: Round 3 | Q3: Round 4 | R3: Overall Average
A4: M. Jaminet | E4: 11.2 | F4: 1 | G4: 11.2 | L4: 7 | N4: =IFERROR(B4/I4,"") | O4: =IFERROR(C4/J4,"") | P4: =IFERROR(D4/K4,"") | Q4: =IFERROR(E4/L4,"") | R4: =AVERAGE(N4:Q4)
A5: S. Skinner | D5: 11 | F5: 1 | G5: 11 | K5: 9 | N5: =IFERROR(B5/I5,"") | O5: =IFERROR(C5/J5,"") | P5: =IFERROR(D5/K5,"") | Q5: =IFERROR(E5/L5,"") | R5: =AVERAGE(N5:Q5)
A6: H. Arundell | C6: 18.4 | D6: 2.4 | E6: 3.8 | F6: 3 | G6: 8.2 | J6: 26 | K6: 1 | L6: 22 | N6: =IFERROR(B6/I6,"") | O6: =IFERROR(C6/J6,"") | P6: =IFERROR(D6/K6,"") | Q6: =IFERROR(E6/L6,"") | R6: =AVERAGE(N6:Q6)
A7: J. Crowley | D7: 2 | F7: 1 | G7: 2 | K7: 2 | N7: =IFERROR(B7/I7,"") | O7: =IFERROR(C7/J7,"") | P7: =IFERROR(D7/K7,"") | Q7: =IFERROR(E7/L7,"") | R7: =AVERAGE(N7:Q7)
A8: M. Smith | C8: 4 | D8: 1.4 | F8: 2 | G8: 2.7 | J8: 8 | K8: 1 | N8: =IFERROR(B8/I8,"") | O8: =IFERROR(C8/J8,"") | P8: =IFERROR(D8/K8,"") | Q8: =IFERROR(E8/L8,"") | R8: =AVERAGE(N8:Q8)
A9: J. Gibson-Park | E9: 22.8 | F9: 1 | G9: 22.8 | L9: 27 | N9: =IFERROR(B9/I9,"") | O9: =IFERROR(C9/J9,"") | P9: =IFERROR(D9/K9,"") | Q9: =IFERROR(E9/L9,"") | R9: =AVERAGE(N9:Q9)
A10: G. Barlot | B10: 11 | C10: 5.6 | D10: 8.8 | F10: 3 | G10: 8.4666667 | I10: 19 | J10: 6 | K10: 11 | N10: =IFERROR(B10/I10,"") | O10: =IFERROR(C10/J10,"") | P10: =IFERROR(D10/K10,"") | Q10: =IFERROR(E10/L10,"") | R10: =AVERAGE(N10:Q10)
A11: B. Curry | D11: 21.2 | E11: 14.2 | F11: 2 | G11: 17.7 | K11: 21 | L11: 27 | N11: =IFERROR(B11/I11,"") | O11: =IFERROR(C11/J11,"") | P11: =IFERROR(D11/K11,"") | Q11: =IFERROR(E11/L11,"") | R11: =AVERAGE(N11:Q11)
A12: D. Sheehan | D12: 17 | F12: 1 | G12: 17 | K12: 24 | N12: =IFERROR(B12/I12,"") | O12: =IFERROR(C12/J12,"") | P12: =IFERROR(D12/K12,"") | Q12: =IFERROR(E12/L12,"") | R12: =AVERAGE(N12:Q12)
A13: R. Herring | B13: 4.8 | F13: 1 | G13: 4.8 | I13: 7 | N13: =IFERROR(B13/I13,"") | O13: =IFERROR(C13/J13,"") | P13: =IFERROR(D13/K13,"") | Q13: =IFERROR(E13/L13,"") | R13: =AVERAGE(N13:Q13)
A14: E. Iachizzi | B14: 1.8 | C14: 5.2 | D14: 11 | E14: 20.6 | F14: 4 | G14: 9.65 | I14: 11 | J14: 8 | K14: 15 | L14: 20 | N14: =IFERROR(B14/I14,"") | O14: =IFERROR(C14/J14,"") | P14: =IFERROR(D14/K14,"") | Q14: =IFERROR(E14/L14,"") | R14: =AVERAGE(N14:Q14)
A15: C. Harris | B15: 1 | C15: 5.4 | E15: 1 | F15: 3 | G15: 2.4666667 | I15: 4 | J15: 8 | L15: 1 | N15: =IFERROR(B15/I15,"") | O15: =IFERROR(C15/J15,"") | P15: =IFERROR(D15/K15,"") | Q15: =IFERROR(E15/L15,"") | R15: =AVERAGE(N15:Q15)
A16: R. Taofifenua | B16: 24.6 | C16: 25.6 | D16: 12.6 | E16: 9.6 | F16: 4 | G16: 18.1 | I16: 26 | J16: 35 | K16: 27 | L16: 30 | N16: =IFERROR(B16/I16,"") | O16: =IFERROR(C16/J16,"") | P16: =IFERROR(D16/K16,"") | Q16: =IFERROR(E16/L16,"") | R16: =AVERAGE(N16:Q16)
A17: C. Murray | D17: 9.2 | F17: 1 | G17: 9.2 | K17: 15 | N17: =IFERROR(B17/I17,"") | O17: =IFERROR(C17/J17,"") | P17: =IFERROR(D17/K17,"") | Q17: =IFERROR(E17/L17,"") | R17: =AVERAGE(N17:Q17)
A18: L. Brown | C18: 9.6 | F18: 1 | G18: 9.6 | J18: 16 | N18: =IFERROR(B18/I18,"") | O18: =IFERROR(C18/J18,"") | P18: =IFERROR(D18/K18,"") | Q18: =IFERROR(E18/L18,"") | R18: =AVERAGE(N18:Q18)
A19: D. Kilcoyne | B19: 5.4 | C19: 4.8 | D19: 8.4 | F19: 3 | G19: 6.2 | I19: 7 | J19: 11 | K19: 15 | N19: =IFERROR(B19/I19,"") | O19: =IFERROR(C19/J19,"") | P19: =IFERROR(D19/K19,"") | Q19: =IFERROR(E19/L19,"") | R19: =AVERAGE(N19:Q19)
A20: M. Zuliani | B20: 3.2 | C20: 42.2 | E20: 22.2 | F20: 3 | G20: 22.533333 | I20: 15 | J20: 56 | L20: 28 | N20: =IFERROR(B20/I20,"") | O20: =IFERROR(C20/J20,"") | P20: =IFERROR(D20/K20,"") | Q20: =IFERROR(E20/L20,"") | R20: =AVERAGE(N20:Q20)
A21: J. Gray | B21: 11.4 | C21: 10.4 | D21: 20.6 | F21: 3 | G21: 14.133333 | I21: 14 | J21: 16 | K21: 70 | N21: =IFERROR(B21/I21,"") | O21: =IFERROR(C21/J21,"") | P21: =IFERROR(D21/K21,"") | Q21: =IFERROR(E21/L21,"") | R21: =AVERAGE(N21:Q21)
A22: B. Aki | B22: 11.6 | C22: 8 | F22: 2 | G22: 9.8 | I22: 20 | J22: 14 | N22: =IFERROR(B22/I22,"") | O22: =IFERROR(C22/J22,"") | P22: =IFERROR(D22/K22,"") | Q22: =IFERROR(E22/L22,"") | R22: =AVERAGE(N22:Q22)
A23: J. Polledri | C23: 13.2 | F23: 1 | G23: 13.2 | J23: 23 | N23: =IFERROR(B23/I23,"") | O23: =IFERROR(C23/J23,"") | P23: =IFERROR(D23/K23,"") | Q23: =IFERROR(E23/L23,"") | R23: =AVERAGE(N23:Q23)
A24: B. Kinghorn | B24: 6.8 | C24: 56 | D24: 1 | E24: 12.8 | F24: 4 | G24: 19.15 | I24: 14 | J24: 67 | K24: 11 | L24: 15 | N24: =IFERROR(B24/I24,"") | O24: =IFERROR(C24/J24,"") | P24: =IFERROR(D24/K24,"") | Q24: =IFERROR(E24/L24,"") | R24: =AVERAGE(N24:Q24)
A25: M. Jalibert | B25: 16.6 | C25: 5.8 | D25: 3 | F25: 3 | G25: 8.4666667 | I25: 15 | J25: 19 | K25: 11 | N25: =IFERROR(B25/I25,"") | O25: =IFERROR(C25/J25,"") | P25: =IFERROR(D25/K25,"") | Q25: =IFERROR(E25/L25,"") | R25: =AVERAGE(N25:Q25)
A26: J. Conan | B26: 12.4 | C26: 6.4 | E26: 46.2 | F26: 3 | G26: 21.666667 | I26: 20 | J26: 24 | L26: 68 | N26: =IFERROR(B26/I26,"") | O26: =IFERROR(C26/J26,"") | P26: =IFERROR(D26/K26,"") | Q26: =IFERROR(E26/L26,"") | R26: =AVERAGE(N26:Q26)
A27: A. Fusco | B27: 0 | C27: 24.6 | D27: 0 | E27: 17 | F27: 4 | G27: 10.4 | I27: 6 | J27: 18 | K27: 13 | L27: 24 | N27: =IFERROR(B27/I27,"") | O27: =IFERROR(C27/J27,"") | P27: =IFERROR(D27/K27,"") | Q27: =IFERROR(E27/L27,"") | R27: =AVERAGE(N27:Q27)
A28: B. Earl | B28: 17.4 | C28: 8 | F28: 2 | G28: 12.7 | I28: 24 | J28: 27 | N28: =IFERROR(B28/I28,"") | O28: =IFERROR(C28/J28,"") | P28: =IFERROR(D28/K28,"") | Q28: =IFERROR(E28/L28,"") | R28: =AVERAGE(N28:Q28)
A29: F. Cros | C29: 6 | D29: 29.2 | F29: 2 | G29: 17.6 | J29: 11 | K29: 63 | N29: =IFERROR(B29/I29,"") | O29: =IFERROR(C29/J29,"") | P29: =IFERROR(D29/K29,"") | Q29: =IFERROR(E29/L29,"") | R29: =AVERAGE(N29:Q29)
A30: O. Lawrence | B30: 2 | F30: 1 | G30: 2 | I30: 4 | N30: =IFERROR(B30/I30,"") | O30: =IFERROR(C30/J30,"") | P30: =IFERROR(D30/K30,"") | Q30: =IFERROR(E30/L30,"") | R30: =AVERAGE(N30:Q30)
A31: R. Baird | D31: 23.6 | E31: 8.2 | F31: 2 | G31: 15.9 | K31: 28 | L31: 56 | N31: =IFERROR(B31/I31,"") | O31: =IFERROR(C31/J31,"") | P31: =IFERROR(D31/K31,"") | Q31: =IFERROR(E31/L31,"") | R31: =AVERAGE(N31:Q31)
A32: P. O'Mahony | D32: 11.8 | F32: 1 | G32: 11.8 | K32: 24 | N32: =IFERROR(B32/I32,"") | O32: =IFERROR(C32/J32,"") | P32: =IFERROR(D32/K32,"") | Q32: =IFERROR(E32/L32,"") | R32: =AVERAGE(N32:Q32)
A33: R. Henshaw | E33: 6.8 | F33: 1 | G33: 6.8 | L33: 14 | N33: =IFERROR(B33/I33,"") | O33: =IFERROR(C33/J33,"") | P33: =IFERROR(D33/K33,"") | Q33: =IFERROR(E33/L33,"") | R33: =AVERAGE(N33:Q33)
A34: T. Allan | D34: 3.8 | F34: 1 | G34: 3.8 | K34: 8 | N34: =IFERROR(B34/I34,"") | O34: =IFERROR(C34/J34,"") | P34: =IFERROR(D34/K34,"") | Q34: =IFERROR(E34/L34,"") | R34: =AVERAGE(N34:Q34)
A35: T. Faletau | C35: 13 | F35: 1 | G35: 13 | J35: 28 | N35: =IFERROR(B35/I35,"") | O35: =IFERROR(C35/J35,"") | P35: =IFERROR(D35/K35,"") | Q35: =IFERROR(E35/L35,"") | R35: =AVERAGE(N35:Q35)
A36: A. Cuthbert | B36: 6.6 | C36: 10.4 | F36: 2 | G36: 8.5 | I36: 12 | J36: 28 | N36: =IFERROR(B36/I36,"") | O36: =IFERROR(C36/J36,"") | P36: =IFERROR(D36/K36,"") | Q36: =IFERROR(E36/L36,"") | R36: =AVERAGE(N36:Q36)
A37: G. Pettinelli | B37: 2 | D37: 17.6 | E37: 0 | F37: 3 | G37: 6.5333333 | I37: 11 | K37: 15 | L37: 3 | N37: =IFERROR(B37/I37,"") | O37: =IFERROR(C37/J37,"") | P37: =IFERROR(D37/K37,"") | Q37: =IFERROR(E37/L37,"") | R37: =AVERAGE(N37:Q37)
A38: D. Jenkins | B38: 10 | D38: 5.6 | F38: 2 | G38: 7.8 | I38: 19 | K38: 17 | N38: =IFERROR(B38/I38,"") | O38: =IFERROR(C38/J38,"") | P38: =IFERROR(D38/K38,"") | Q38: =IFERROR(E38/L38,"") | R38: =AVERAGE(N38:Q38)
A39: L. Rees-Zammit | E39: 12.2 | F39: 1 | G39: 12.2 | L39: 29 | N39: =IFERROR(B39/I39,"") | O39: =IFERROR(C39/J39,"") | P39: =IFERROR(D39/K39,"") | Q39: =IFERROR(E39/L39,"") | R39: =AVERAGE(N39:Q39)
A40: N. Tompkins | D40: 10.8 | F40: 1 | G40: 10.8 | K40: 26 | N40: =IFERROR(B40/I40,"") | O40: =IFERROR(C40/J40,"") | P40: =IFERROR(D40/K40,"") | Q40: =IFERROR(E40/L40,"") | R40: =AVERAGE(N40:Q40)
A41: R. Kelleher | C41: 30.6 | E41: 6.6 | F41: 2 | G41: 18.6 | J41: 55 | L41: 30 | N41: =IFERROR(B41/I41,"") | O41: =IFERROR(C41/J41,"") | P41: =IFERROR(D41/K41,"") | Q41: =IFERROR(E41/L41,"") | R41: =AVERAGE(N41:Q41)
A42: O. Farrell | E42: 12.8 | F42: 1 | G42: 12.8 | L42: 34 | N42: =IFERROR(B42/I42,"") | O42: =IFERROR(C42/J42,"") | P42: =IFERROR(D42/K42,"") | Q42: =IFERROR(E42/L42,"") | R42: =AVERAGE(N42:Q42)
A43: S. Macalou | B43: 11 | C43: 11.6 | E43: 2 | F43: 3 | G43: 8.2 | I43: 19 | J43: 28 | L43: 18 | N43: =IFERROR(B43/I43,"") | O43: =IFERROR(C43/J43,"") | P43: =IFERROR(D43/K43,"") | Q43: =IFERROR(E43/L43,"") | R43: =AVERAGE(N43:Q43)
A44: L. Morisi | D44: 1 | E44: 4.8 | F44: 2 | G44: 2.9 | K44: 2 | L44: 21 | N44: =IFERROR(B44/I44,"") | O44: =IFERROR(C44/J44,"") | P44: =IFERROR(D44/K44,"") | Q44: =IFERROR(E44/L44,"") | R44: =AVERAGE(N44:Q44)
A45: K. Hardy | D45: 4 | F45: 1 | G45: 4 | K45: 11 | N45: =IFERROR(B45/I45,"") | O45: =IFERROR(C45/J45,"") | P45: =IFERROR(D45/K45,"") | Q45: =IFERROR(E45/L45,"") | R45: =AVERAGE(N45:Q45)
A46: B. Roberts | D46: 4 | F46: 1 | G46: 4 | K46: 11 | N46: =IFERROR(B46/I46,"") | O46: =IFERROR(C46/J46,"") | P46: =IFERROR(D46/K46,"") | Q46: =IFERROR(E46/L46,"") | R46: =AVERAGE(N46:Q46)
A47: J. Walker | C47: 4.8 | D47: 0 | E47: 7.2 | F47: 3 | G47: 4 | J47: 7 | K47: 1 | L47: 19 | N47: =IFERROR(B47/I47,"") | O47: =IFERROR(C47/J47,"") | P47: =IFERROR(D47/K47,"") | Q47: =IFERROR(E47/L47,"") | R47: =AVERAGE(N47:Q47)
A48: F. Brown | B48: 3.4 | C48: 12.8 | D48: 5.4 | E48: 10 | F48: 4 | G48: 7.9 | I48: 22 | J48: 27 | K48: 17 | L48: 22 | N48: =IFERROR(B48/I48,"") | O48: =IFERROR(C48/J48,"") | P48: =IFERROR(D48/K48,"") | Q48: =IFERROR(E48/L48,"") | R48: =AVERAGE(N48:Q48)
A49: A. Watson | B49: 5.6 | F49: 1 | G49: 5.6 | I49: 16 | N49: =IFERROR(B49/I49,"") | O49: =IFERROR(C49/J49,"") | P49: =IFERROR(D49/K49,"") | Q49: =IFERROR(E49/L49,"") | R49: =AVERAGE(N49:Q49)
A50: C. Casey | B50: 8.2 | C50: 3.8 | F50: 2 | G50: 6 | I50: 16 | J50: 24 | N50: =IFERROR(B50/I50,"") | O50: =IFERROR(C50/J50,"") | P50: =IFERROR(D50/K50,"") | Q50: =IFERROR(E50/L50,"") | R50: =AVERAGE(N50:Q50)
A51: S. Baldwin | B51: 5.8 | C51: 5.6 | E51: 2 | F51: 3 | G51: 4.4666667 | I51: 19 | J51: 16 | L51: 6 | N51: =IFERROR(B51/I51,"") | O51: =IFERROR(C51/J51,"") | P51: =IFERROR(D51/K51,"") | Q51: =IFERROR(E51/L51,"") | R51: =AVERAGE(N51:Q51)
A52: A. Mitchell | C52: 12.2 | D52: 1 | E52: 8.6 | F52: 3 | G52: 7.2666667 | J52: 20 | K52: 8 | L52: 34 | N52: =IFERROR(B52/I52,"") | O52: =IFERROR(C52/J52,"") | P52: =IFERROR(D52/K52,"") | Q52: =IFERROR(E52/L52,"") | R52: =AVERAGE(N52:Q52)
A53: N. Isiekwe | B53: 8.6 | C53: 3 | F53: 2 | G53: 5.8 | I53: 19 | J53: 15 | N53: =IFERROR(B53/I53,"") | O53: =IFERROR(C53/J53,"") | P53: =IFERROR(D53/K53,"") | Q53: =IFERROR(E53/L53,"") | R53: =AVERAGE(N53:Q53)
A54: S. Berghan | B54: 8 | E54: 7.8 | F54: 2 | G54: 7.9 | I54: 22 | L54: 27 | N54: =IFERROR(B54/I54,"") | O54: =IFERROR(C54/J54,"") | P54: =IFERROR(D54/K54,"") | Q54: =IFERROR(E54/L54,"") | R54: =AVERAGE(N54:Q54)
A55: T. O'Toole | B55: 5 | C55: 10.4 | D55: 17.8 | E55: 1 | F55: 4 | G55: 8.55 | I55: 20 | J55: 19 | K55: 43 | L55: 15 | N55: =IFERROR(B55/I55,"") | O55: =IFERROR(C55/J55,"") | P55: =IFERROR(D55/K55,"") | Q55: =IFERROR(E55/L55,"") | R55: =AVERAGE(N55:Q55)
A56: R. Carre | B56: 10 | C56: 6.6 | D56: 7.8 | F56: 3 | G56: 8.1333333 | I56: 26 | J56: 28 | K56: 24 | N56: =IFERROR(B56/I56,"") | O56: =IFERROR(C56/J56,"") | P56: =IFERROR(D56/K56,"") | Q56: =IFERROR(E56/L56,"") | R56: =AVERAGE(N56:Q56)
A57: L. Bigi | B57: 0 | C57: 9 | D57: 19.2 | E57: 3 | F57: 4 | G57: 7.8 | I57: 11 | J57: 19 | K57: 29 | L57: 28 | N57: =IFERROR(B57/I57,"") | O57: =IFERROR(C57/J57,"") | P57: =IFERROR(D57/K57,"") | Q57: =IFERROR(E57/L57,"") | R57: =AVERAGE(N57:Q57)
A58: R. Byrne | B58: 4.2 | C58: 12 | E58: 2 | F58: 3 | G58: 6.0666667 | I58: 12 | J58: 32 | L58: 10 | N58: =IFERROR(B58/I58,"") | O58: =IFERROR(C58/J58,"") | P58: =IFERROR(D58/K58,"") | Q58: =IFERROR(E58/L58,"") | R58: =AVERAGE(N58:Q58)
A59: R. Wardi | B59: 7 | C59: 15.2 | D59: 1.6 | E59: 5 | F59: 4 | G59: 7.2 | I59: 29 | J59: 24 | K59: 17 | L59: 19 | N59: =IFERROR(B59/I59,"") | O59: =IFERROR(C59/J59,"") | P59: =IFERROR(D59/K59,"") | Q59: =IFERROR(E59/L59,"") | R59: =AVERAGE(N59:Q59)
A60: M. Riccioni | D60: 16 | E60: 4.8 | F60: 2 | G60: 10.4 | K60: 33 | L60: 38 | N60: =IFERROR(B60/I60,"") | O60: =IFERROR(C60/J60,"") | P60: =IFERROR(D60/K60,"") | Q60: =IFERROR(E60/L60,"") | R60: =AVERAGE(N60:Q60)
A61: J. Bhatti | B61: 3.4 | C61: 3 | D61: 9 | E61: 7 | F61: 4 | G61: 5.6 | I61: 14 | J61: 16 | K61: 17 | L61: 27 | N61: =IFERROR(B61/I61,"") | O61: =IFERROR(C61/J61,"") | P61: =IFERROR(D61/K61,"") | Q61: =IFERROR(E61/L61,"") | R61: =AVERAGE(N61:Q61)
A62: Y. Moefana | E62: 4.2 | F62: 1 | G62: 4.2 | L62: 15 | N62: =IFERROR(B62/I62,"") | O62: =IFERROR(C62/J62,"") | P62: =IFERROR(D62/K62,"") | Q62: =IFERROR(E62/L62,"") | R62: =AVERAGE(N62:Q62)
A63: T. Reffell | B63: 8 | D63: 8 | E63: 1 | F63: 3 | G63: 5.6666667 | I63: 26 | K63: 17 | L63: 20 | N63: =IFERROR(B63/I63,"") | O63: =IFERROR(C63/J63,"") | P63: =IFERROR(D63/K63,"") | Q63: =IFERROR(E63/L63,"") | R63: =AVERAGE(N63:Q63)
A64: B. Youngs | B64: 6 | F64: 1 | G64: 6 | I64: 22 | N64: =IFERROR(B64/I64,"") | O64: =IFERROR(C64/J64,"") | P64: =IFERROR(D64/K64,"") | Q64: =IFERROR(E64/L64,"") | R64: =AVERAGE(N64:Q64)
A65: E. Padovani | B65: 3.8 | F65: 1 | G65: 3.8 | I65: 14 | N65: =IFERROR(B65/I65,"") | O65: =IFERROR(C65/J65,"") | P65: =IFERROR(D65/K65,"") | Q65: =IFERROR(E65/L65,"") | R65: =AVERAGE(N65:Q65)
A66: J. Dempsey | B66: 8.6 | C66: 4.8 | D66: 6 | F66: 3 | G66: 6.4666667 | I66: 22 | J66: 36 | K66: 23 | N66: =IFERROR(B66/I66,"") | O66: =IFERROR(C66/J66,"") | P66: =IFERROR(D66/K66,"") | Q66: =IFERROR(E66/L66,"") | R66: =AVERAGE(N66:Q66)
A67: M. Vunipola | B67: 7.4 | C67: 3 | D67: 8.6 | E67: 2.8 | F67: 4 | G67: 5.45 | I67: 19 | J67: 26 | K67: 26 | L67: 15 | N67: =IFERROR(B67/I67,"") | O67: =IFERROR(C67/J67,"") | P67: =IFERROR(D67/K67,"") | Q67: =IFERROR(E67/L67,"") | R67: =AVERAGE(N67:Q67)
A68: S. Falatea | B68: 3 | C68: 17 | D68: 25.4 | E68: 2 | F68: 4 | G68: 11.85 | I68: 29 | J68: 36 | K68: 68 | L68: 30 | N68: =IFERROR(B68/I68,"") | O68: =IFERROR(C68/J68,"") | P68: =IFERROR(D68/K68,"") | Q68: =IFERROR(E68/L68,"") | R68: =AVERAGE(N68:Q68)
A69: F. Zani | B69: 1.8 | C69: 3.4 | D69: 12.2 | E69: 0 | F69: 4 | G69: 4.35 | I69: 11 | J69: 25 | K69: 20 | L69: 18 | N69: =IFERROR(B69/I69,"") | O69: =IFERROR(C69/J69,"") | P69: =IFERROR(D69/K69,"") | Q69: =IFERROR(E69/L69,"") | R69: =AVERAGE(N69:Q69)
A70: P. Mauvaka | E70: 4.2 | F70: 1 | G70: 4.2 | L70: 19 | N70: =IFERROR(B70/I70,"") | O70: =IFERROR(C70/J70,"") | P70: =IFERROR(D70/K70,"") | Q70: =IFERROR(E70/L70,"") | R70: =AVERAGE(N70:Q70)
A71: A. Price | D71: 8 | E71: 2 | F71: 2 | G71: 5 | K71: 23 | L71: 22 | N71: =IFERROR(B71/I71,"") | O71: =IFERROR(C71/J71,"") | P71: =IFERROR(D71/K71,"") | Q71: =IFERROR(E71/L71,"") | R71: =AVERAGE(N71:Q71)
A72: I. Henderson | B72: 5 | C72: 8 | F72: 2 | G72: 6.5 | I72: 26 | J72: 35 | N72: =IFERROR(B72/I72,"") | O72: =IFERROR(C72/J72,"") | P72: =IFERROR(D72/K72,"") | Q72: =IFERROR(E72/L72,"") | R72: =AVERAGE(N72:Q72)
A73: R. Webb | B73: 9.2 | C73: -3 | F73: 2 | G73: 3.1 | I73: 17 | J73: 23 | N73: =IFERROR(B73/I73,"") | O73: =IFERROR(C73/J73,"") | P73: =IFERROR(D73/K73,"") | Q73: =IFERROR(E73/L73,"") | R73: =AVERAGE(N73:Q73)
A74: C. Lawes | D74: 2.2 | F74: 1 | G74: 2.2 | K74: 11 | N74: =IFERROR(B74/I74,"") | O74: =IFERROR(C74/J74,"") | P74: =IFERROR(D74/K74,"") | Q74: =IFERROR(E74/L74,"") | R74: =AVERAGE(N74:Q74)
A75: R. Patchell | C75: 4.6 | F75: 1 | G75: 4.6 | J75: 23 | N75: =IFERROR(B75/I75,"") | O75: =IFERROR(C75/J75,"") | P75: =IFERROR(D75/K75,"") | Q75: =IFERROR(E75/L75,"") | R75: =AVERAGE(N75:Q75)
A76: H. Watson | E76: 2.6 | F76: 1 | G76: 2.6 | L76: 14 | N76: =IFERROR(B76/I76,"") | O76: =IFERROR(C76/J76,"") | P76: =IFERROR(D76/K76,"") | Q76: =IFERROR(E76/L76,"") | R76: =AVERAGE(N76:Q76)
A77: P. Bruno | C77: 5.4 | F77: 1 | G77: 5.4 | J77: 33 | N77: =IFERROR(B77/I77,"") | O77: =IFERROR(C77/J77,"") | P77: =IFERROR(D77/K77,"") | Q77: =IFERROR(E77/L77,"") | R77: =AVERAGE(N77:Q77)
A78: G. Horne | B78: 1 | C78: 4.6 | F78: 2 | G78: 2.8 | I78: 11 | J78: 21 | N78: =IFERROR(B78/I78,"") | O78: =IFERROR(C78/J78,"") | P78: =IFERROR(D78/K78,"") | Q78: =IFERROR(E78/L78,"") | R78: =AVERAGE(N78:Q78)
A79: D. Biggar | D79: 4 | F79: 1 | G79: 4 | K79: 26 | N79: =IFERROR(B79/I79,"") | O79: =IFERROR(C79/J79,"") | P79: =IFERROR(D79/K79,"") | Q79: =IFERROR(E79/L79,"") | R79: =AVERAGE(N79:Q79)
A80: R. Davies | C80: 1.2 | E80: 2.4 | F80: 2 | G80: 1.8 | J80: 14 | L80: 11 | N80: =IFERROR(B80/I80,"") | O80: =IFERROR(C80/J80,"") | P80: =IFERROR(D80/K80,"") | Q80: =IFERROR(E80/L80,"") | R80: =AVERAGE(N80:Q80)
A81: W. Nel | C81: 1 | D81: 4 | F81: 2 | G81: 2.5 | J81: 16 | K81: 17 | N81: =IFERROR(B81/I81,"") | O81: =IFERROR(C81/J81,"") | P81: =IFERROR(D81/K81,"") | Q81: =IFERROR(E81/L81,"") | R81: =AVERAGE(N81:Q81)
A82: S. Cummings | E82: 10.8 | F82: 1 | G82: 10.8 | L82: 75 | N82: =IFERROR(B82/I82,"") | O82: =IFERROR(C82/J82,"") | P82: =IFERROR(D82/K82,"") | Q82: =IFERROR(E82/L82,"") | R82: =AVERAGE(N82:Q82)
A83: D. Lewis | B83: 6.4 | D83: 2.6 | E83: 4 | F83: 3 | G83: 4.3333333 | I83: 40 | K83: 24 | L83: 27 | N83: =IFERROR(B83/I83,"") | O83: =IFERROR(C83/J83,"") | P83: =IFERROR(D83/K83,"") | Q83: =IFERROR(E83/L83,"") | R83: =AVERAGE(N83:Q83)
A84: O. Williams | B84: 1.8 | F84: 1 | G84: 1.8 | I84: 13 | N84: =IFERROR(B84/I84,"") | O84: =IFERROR(C84/J84,"") | P84: =IFERROR(D84/K84,"") | Q84: =IFERROR(E84/L84,"") | R84: =AVERAGE(N84:Q84)
A85: C. Healy | E85: 4 | F85: 1 | G85: 4 | L85: 32 | N85: =IFERROR(B85/I85,"") | O85: =IFERROR(C85/J85,"") | P85: =IFERROR(D85/K85,"") | Q85: =IFERROR(E85/L85,"") | R85: =AVERAGE(N85:Q85)
A86: D. Cole | B86: 1 | C86: 3.6 | D86: 4.2 | E86: 1 | F86: 4 | G86: 2.45 | I86: 19 | J86: 31 | K86: 16 | L86: 15 | N86: =IFERROR(B86/I86,"") | O86: =IFERROR(C86/J86,"") | P86: =IFERROR(D86/K86,"") | Q86: =IFERROR(E86/L86,"") | R86: =AVERAGE(N86:Q86)
A87: D. Ribbans | E87: 0.6 | F87: 1 | G87: 0.6 | L87: 5 | N87: =IFERROR(B87/I87,"") | O87: =IFERROR(C87/J87,"") | P87: =IFERROR(D87/K87,"") | Q87: =IFERROR(E87/L87,"") | R87: =AVERAGE(N87:Q87)
A88: G. Thomas | E88: 4 | F88: 1 | G88: 4 | L88: 35 | N88: =IFERROR(B88/I88,"") | O88: =IFERROR(C88/J88,"") | P88: =IFERROR(D88/K88,"") | Q88: =IFERROR(E88/L88,"") | R88: =AVERAGE(N88:Q88)
A89: P. Ceccarelli | B89: 2.4 | F89: 1 | G89: 2.4 | I89: 24 | N89: =IFERROR(B89/I89,"") | O89: =IFERROR(C89/J89,"") | P89: =IFERROR(D89/K89,"") | Q89: =IFERROR(E89/L89,"") | R89: =AVERAGE(N89:Q89)
A90: T. Williams | E90: 2 | F90: 1 | G90: 2 | L90: 26 | N90: =IFERROR(B90/I90,"") | O90: =IFERROR(C90/J90,"") | P90: =IFERROR(D90/K90,"") | Q90: =IFERROR(E90/L90,"") | R90: =AVERAGE(N90:Q90)
A91: G. North | E91: 1 | F91: 1 | G91: 1 | L91: 18 | N91: =IFERROR(B91/I91,"") | O91: =IFERROR(C91/J91,"") | P91: =IFERROR(D91/K91,"") | Q91: =IFERROR(E91/L91,"") | R91: =AVERAGE(N91:Q91)
A92: M. Lucu | E92: 0.4 | F92: 1 | G92: 0.4 | L92: 11 | N92: =IFERROR(B92/I92,"") | O92: =IFERROR(C92/J92,"") | P92: =IFERROR(D92/K92,"") | Q92: =IFERROR(E92/L92,"") | R92: =AVERAGE(N92:Q92)
A93: J. O'Brien | D93: 0 | F93: 1 | G93: 0 | K93: 8 | N93: =IFERROR(B93/I93,"") | O93: =IFERROR(C93/J93,"") | P93: =IFERROR(D93/K93,"") | Q93: =IFERROR(E93/L93,"") | R93: =AVERAGE(N93:Q93)
A94: S. Ferrari | C94: -1.2 | F94: 1 | G94: -1.2 | J94: 21 | N94: =IFERROR(B94/I94,"") | O94: =IFERROR(C94/J94,"") | P94: =IFERROR(D94/K94,"") | Q94: =IFERROR(E94/L94,"") | R94: =AVERAGE(N94:Q94)
